id,session_id,profile_id,game_id,game_version,n_events,n_errors,n_hints,completion_seconds,features,skill_scores,quality_flags,created_at,updated_at
91ffe451-d404-4ca2-adc7-a8cbbf097945,27007c16-9a5c-4906-acf7-af9a317036cf,3eafff1d-e7a2-4e47-9a9d-e99388ee041b,triage,v1,26,2,0,56,"{'accuracy': 0.75, 'score_total': 6, 'turns_total': 8, 'strategy_entropy': 0.6931471805599453, 'switch_after_win_rate': 0.8333333333333334, 'decision_latency_sd_ms': 4370.762043315297, 'switch_after_loss_rate': 0, 'decision_latency_mean_ms': 5962.625}",{'planning_prioritization': 0.6738140492857085},"{'low_data': False, 'n_events': 26, 'n_actions': 8, 'rt_valid_n': 8, 'has_run_end': True}",2026-03-12T12:56:16.255875+00:00,2026-03-12T12:56:16.229+00:00
8420b661-5cae-476a-81ab-266b0e657317,e2e4be2b-2cca-43d6-b4fb-29c88b693984,3eafff1d-e7a2-4e47-9a9d-e99388ee041b,gonogo,v1,62,40,0,82,"{'rt_trend': -4.861580630424851, 'miss_rate': 0.8444444444444444, 'mean_rt_go': 113.71428571428571, 'final_score': 60, 'go_accuracy': 0.15555555555555556, 'data_quality': 'warn', 'fatigue_drop': 0.12648221343873517, 'nogo_accuracy': 0.8666666666666667, 'rt_variability': 73.09289588305712, 'false_alarm_rate': 0.13333333333333333, 'post_error_slowing': -23.83333333333333, 'inhibition_index_01': 0.8666666666666667, 'impulsivity_index_01': 0.13333333333333333}",{'self_control_inhibition': 0.8666666666666667},"{'n_go': 45, 'n_nogo': 15, 'low_data': False, 'n_events': 62, 'n_actions': 60, 'has_run_end': True, 'data_quality': 'warn', 'rt_valid_go_n': 7}",2026-03-12T12:57:57.150819+00:00,2026-03-12T12:57:57.124+00:00
be7a7f2b-a54e-41a1-8269-fbfe81e5ad3b,cac1d902-09c0-41b7-ab80-77581a374e7f,3ac6508f-b936-44ad-8f8d-eeaf0e6848ee,triage,v1,26,6,0,53,"{'accuracy': 0.25, 'score_total': 2, 'turns_total': 8, 'strategy_entropy': 0.6931471805599453, 'switch_after_win_rate': 0.5, 'decision_latency_sd_ms': 2141.910478988326, 'switch_after_loss_rate': 0.6, 'decision_latency_mean_ms': 6234.25}",{'planning_prioritization': 0.2738140492857085},"{'low_data': False, 'n_events': 26, 'n_actions': 8, 'rt_valid_n': 8, 'has_run_end': True}",2026-03-12T12:59:53.864569+00:00,2026-03-12T12:59:53.838+00:00
72d22659-f64d-41cb-9096-1c877479ceab,203eb2cf-18f4-4e99-b21d-94c5f93395df,3ac6508f-b936-44ad-8f8d-eeaf0e6848ee,gonogo,v1,62,44,0,88,"{'rt_trend': None, 'miss_rate': 0.9777777777777777, 'mean_rt_go': 197, 'final_score': 66, 'go_accuracy': 0.022222222222222223, 'data_quality': 'warn', 'fatigue_drop': -0.047619047619047616, 'nogo_accuracy': 1, 'rt_variability': None, 'false_alarm_rate': 0, 'post_error_slowing': None, 'inhibition_index_01': 1, 'impulsivity_index_01': 0}",{'self_control_inhibition': 1},"{'n_go': 45, 'n_nogo': 15, 'low_data': False, 'n_events': 62, 'n_actions': 60, 'has_run_end': True, 'data_quality': 'warn', 'rt_valid_go_n': 1}",2026-03-12T13:01:29.851028+00:00,2026-03-12T13:01:29.826+00:00
90bf7e1b-4517-4489-ac66-d36d00905904,e316ec20-f844-4b3c-8b90-35067a58d7b1,3eafff1d-e7a2-4e47-9a9d-e99388ee041b,negotiation,v1,26,0,0,172,"{'oi_01': 0.7166666666666667, 'oi_sum': 2.5999999999999996, 'sdi_01': 0.7999999999999999, 'sri_01': 0.11666666666666665, 'sdi_sum': 4.8, 'sri_sum': 0.7, 'rt_sd_ms': 4484.956220522114, 'n_actions': 12, 'n_invalid': 0, 'n_missing': 0, 'mean_rt_ms': 15987.5, 'final_score': 79, 'data_quality': 'ok', 'n_turns_expected': 6}","{'social_risk_01': 0.11666666666666665, 'strategic_depth_01': 0.7999999999999999, 'negotiation_skill_01': 0.7875, 'cooperative_orientation_01': 0.7166666666666667}","{'low_data': False, 'n_events': 26, 'n_actions': 12, 'n_expected': 6, 'rt_valid_n': 6, 'has_run_end': True, 'data_quality': 'ok', 'invalid_actions': 0, 'missing_actions': 0}",2026-03-12T13:01:31.419018+00:00,2026-03-12T13:01:31.365+00:00
19c0a8f0-3924-46af-9200-ddfc9377aabf,b1056a66-15c2-4e4a-87c7-010592bdfce8,3ac6508f-b936-44ad-8f8d-eeaf0e6848ee,negotiation,v1,26,0,0,196,"{'oi_01': 0.625, 'oi_sum': 1.5000000000000002, 'sdi_01': 0.7166666666666667, 'sri_01': 0.23333333333333336, 'sdi_sum': 4.3, 'sri_sum': 1.4000000000000001, 'rt_sd_ms': 16045.199112714889, 'n_actions': 12, 'n_invalid': 0, 'n_missing': 0, 'mean_rt_ms': 21764.166666666668, 'final_score': 69, 'data_quality': 'ok', 'n_turns_expected': 6}","{'social_risk_01': 0.23333333333333336, 'strategic_depth_01': 0.7166666666666667, 'negotiation_skill_01': 0.6945833333333333, 'cooperative_orientation_01': 0.625}","{'low_data': False, 'n_events': 26, 'n_actions': 12, 'n_expected': 6, 'rt_valid_n': 6, 'has_run_end': True, 'data_quality': 'ok', 'invalid_actions': 0, 'missing_actions': 0}",2026-03-12T13:04:53.60643+00:00,2026-03-12T13:04:53.576+00:00
23a5512e-0dca-40ee-9569-e60297093b0b,b0e87965-a793-4f16-899d-4e14e37cc9a7,867d1f34-4148-42e9-865b-15889571ad89,triage,v1,26,4,0,86,"{'accuracy': 0.5, 'score_total': 4, 'turns_total': 8, 'strategy_entropy': 0.9743147528693494, 'switch_after_win_rate': 0.5, 'decision_latency_sd_ms': 7882.608794727434, 'switch_after_loss_rate': 0.3333333333333333, 'decision_latency_mean_ms': 10197.625}",{'planning_prioritization': 0.42262809857141703},"{'low_data': False, 'n_events': 26, 'n_actions': 8, 'rt_valid_n': 8, 'has_run_end': True}",2026-03-12T13:37:28.255805+00:00,2026-03-12T13:37:28.224+00:00
6e1e5cad-3151-4ba1-bd1e-505508d7edee,64a8fc33-4a1f-4d1b-9f2a-836bcb41b8b8,867d1f34-4148-42e9-865b-15889571ad89,gonogo,v1,62,40,0,87,"{'rt_trend': -0.23041296796603628, 'miss_rate': 0.8222222222222222, 'mean_rt_go': 279.125, 'final_score': 60, 'go_accuracy': 0.17777777777777778, 'data_quality': 'warn', 'fatigue_drop': -0.34782608695652173, 'nogo_accuracy': 0.8, 'rt_variability': 7.100050301632678, 'false_alarm_rate': 0.2, 'post_error_slowing': -3.3999999999999773, 'inhibition_index_01': 0.8, 'impulsivity_index_01': 0.2}",{'self_control_inhibition': 0.8},"{'n_go': 45, 'n_nogo': 15, 'low_data': False, 'n_events': 62, 'n_actions': 60, 'has_run_end': True, 'data_quality': 'warn', 'rt_valid_go_n': 8}",2026-03-12T13:39:20.631+00:00,2026-03-12T13:39:20.594+00:00
f0f979eb-2e93-475f-a7e5-416a800d1f4d,cac2c0d2-13cf-41ce-8825-4fed4b5b6545,867d1f34-4148-42e9-865b-15889571ad89,negotiation,v1,26,0,0,208,"{'oi_01': 0.625, 'oi_sum': 1.5000000000000002, 'sdi_01': 0.7166666666666667, 'sri_01': 0.23333333333333336, 'sdi_sum': 4.3, 'sri_sum': 1.4000000000000001, 'rt_sd_ms': 9154.107305830901, 'n_actions': 12, 'n_invalid': 0, 'n_missing': 0, 'mean_rt_ms': 16823.833333333332, 'final_score': 69, 'data_quality': 'ok', 'n_turns_expected': 6}","{'social_risk_01': 0.23333333333333336, 'strategic_depth_01': 0.7166666666666667, 'negotiation_skill_01': 0.6945833333333333, 'cooperative_orientation_01': 0.625}","{'low_data': False, 'n_events': 26, 'n_actions': 12, 'n_expected': 6, 'rt_valid_n': 6, 'has_run_end': True, 'data_quality': 'ok', 'invalid_actions': 0, 'missing_actions': 0}",2026-03-12T13:43:13.435218+00:00,2026-03-12T13:43:13.378+00:00
ca4274ce-d6aa-4686-a0c4-54614aa3d11a,50baa54e-8f30-460d-ac58-866dd6016697,10a6e06d-839c-46e1-bcf2-fc948adff31d,triage,v1,26,2,0,65,"{'accuracy': 0.75, 'score_total': 6, 'turns_total': 8, 'strategy_entropy': 1.0821955300387671, 'switch_after_win_rate': 0.4, 'decision_latency_sd_ms': 4504.638353567195, 'switch_after_loss_rate': 1, 'decision_latency_mean_ms': 7755.125}",{'planning_prioritization': 0.6029886355356985},"{'low_data': False, 'n_events': 26, 'n_actions': 8, 'rt_valid_n': 8, 'has_run_end': True}",2026-03-12T14:15:41.531156+00:00,2026-03-12T14:15:41.506+00:00
f0bea69f-480f-4007-a22e-aa099070f8a9,e02e43d6-8dda-405d-a6eb-a4a45aede329,3c50cad0-42f0-4118-b406-28e65e0caf2d,triage,v1,26,2,0,38,"{'accuracy': 0.75, 'score_total': 6, 'turns_total': 8, 'strategy_entropy': 0.9743147528693494, 'switch_after_win_rate': 0.8333333333333334, 'decision_latency_sd_ms': 2693.9155252425526, 'switch_after_loss_rate': 1, 'decision_latency_mean_ms': 4274.5}",{'planning_prioritization': 0.6226280985714171},"{'low_data': False, 'n_events': 26, 'n_actions': 8, 'rt_valid_n': 8, 'has_run_end': True}",2026-03-14T16:43:13.468036+00:00,2026-03-14T16:43:13.44+00:00
a67e6989-d7e1-416a-b4bc-601468fe9b8f,b41a9226-380d-44fc-ad0b-4c4e25f91a3c,10a6e06d-839c-46e1-bcf2-fc948adff31d,gonogo,v1,62,44,0,80,"{'rt_trend': None, 'miss_rate': 0.9777777777777777, 'mean_rt_go': 283, 'final_score': 66, 'go_accuracy': 0.022222222222222223, 'data_quality': 'warn', 'fatigue_drop': 0.043478260869565216, 'nogo_accuracy': 1, 'rt_variability': None, 'false_alarm_rate': 0, 'post_error_slowing': None, 'inhibition_index_01': 1, 'impulsivity_index_01': 0}",{'self_control_inhibition': 1},"{'n_go': 45, 'n_nogo': 15, 'low_data': False, 'n_events': 62, 'n_actions': 60, 'has_run_end': True, 'data_quality': 'warn', 'rt_valid_go_n': 1}",2026-03-12T14:17:11.582749+00:00,2026-03-12T14:17:11.547+00:00
045ec0fc-8064-420f-accb-b32c0eff474e,598c7965-c06b-43b5-9e88-ced1fb71015c,10a6e06d-839c-46e1-bcf2-fc948adff31d,negotiation,v1,26,0,0,105,"{'oi_01': 0.7083333333333334, 'oi_sum': 2.5, 'sdi_01': 0.6166666666666667, 'sri_01': 0.25, 'sdi_sum': 3.7, 'sri_sum': 1.5, 'rt_sd_ms': 2057.7726226837276, 'n_actions': 12, 'n_invalid': 0, 'n_missing': 0, 'mean_rt_ms': 6940.833333333333, 'final_score': 68, 'data_quality': 'ok', 'n_turns_expected': 6}","{'social_risk_01': 0.25, 'strategic_depth_01': 0.6166666666666667, 'negotiation_skill_01': 0.6754166666666667, 'cooperative_orientation_01': 0.7083333333333334}","{'low_data': False, 'n_events': 26, 'n_actions': 12, 'n_expected': 6, 'rt_valid_n': 6, 'has_run_end': True, 'data_quality': 'ok', 'invalid_actions': 0, 'missing_actions': 0}",2026-03-12T14:19:06.25297+00:00,2026-03-12T14:19:06.222+00:00
0d60c5dc-2d2e-4766-be5f-44d18f483e53,071cab21-465b-4c52-a17c-95ec59ab83ff,d7479702-1f11-424a-83c8-fb66e5db1097,triage,v1,26,4,0,34,"{'accuracy': 0.5, 'score_total': 4, 'turns_total': 8, 'strategy_entropy': 1.0821955300387673, 'switch_after_win_rate': 0.6666666666666666, 'decision_latency_sd_ms': 2223.816310341944, 'switch_after_loss_rate': 0.75, 'decision_latency_mean_ms': 3950.125}",{'planning_prioritization': 0.4029886355356984},"{'low_data': False, 'n_events': 26, 'n_actions': 8, 'rt_valid_n': 8, 'has_run_end': True}",2026-03-12T14:57:04.970529+00:00,2026-03-12T14:57:04.945+00:00
983fc8c6-bda7-4b7c-afdc-647dfccffee5,6515dbf7-d442-44b7-a1e9-ec15deb1c6b6,1f9327a4-93a4-48d3-9e43-0aa6f57306b0,triage,v1,26,4,0,45,"{'accuracy': 0.5, 'score_total': 4, 'turns_total': 8, 'strategy_entropy': 1.0397207708399179, 'switch_after_win_rate': 0.6666666666666666, 'decision_latency_sd_ms': 1925.1451104861087, 'switch_after_loss_rate': 0.5, 'decision_latency_mean_ms': 4912.625}",{'planning_prioritization': 0.4107210739285628},"{'low_data': False, 'n_events': 26, 'n_actions': 8, 'rt_valid_n': 8, 'has_run_end': True}",2026-03-12T16:34:12.856405+00:00,2026-03-12T16:34:12.83+00:00
f1c53f5f-6051-405f-b523-b519c48d4f56,424ec20d-f106-45ab-abae-25dac1644297,1f9327a4-93a4-48d3-9e43-0aa6f57306b0,gonogo,v1,62,33,0,79,"{'rt_trend': 0.6734562972077865, 'miss_rate': 0.4222222222222222, 'mean_rt_go': 192.46153846153845, 'final_score': 30, 'go_accuracy': 0.5777777777777777, 'data_quality': 'ok', 'fatigue_drop': 0.11462450592885376, 'nogo_accuracy': 0.06666666666666667, 'rt_variability': 94.08091443825609, 'false_alarm_rate': 0.9333333333333333, 'post_error_slowing': 70.1090909090909, 'inhibition_index_01': 0.06666666666666667, 'impulsivity_index_01': 0.9333333333333333}",{'self_control_inhibition': 0.06666666666666667},"{'n_go': 45, 'n_nogo': 15, 'low_data': False, 'n_events': 62, 'n_actions': 60, 'has_run_end': True, 'data_quality': 'ok', 'rt_valid_go_n': 26}",2026-03-12T16:35:58.685291+00:00,2026-03-12T16:35:58.65+00:00
6db8906d-43a0-4b4e-a68f-86d87807dbda,de2b9808-5b12-4cda-98f1-3830ca87300a,1f9327a4-93a4-48d3-9e43-0aa6f57306b0,gonogo,v1,62,47,0,89,"{'rt_trend': None, 'miss_rate': 0.9777777777777777, 'mean_rt_go': 109, 'final_score': 55, 'go_accuracy': 0.022222222222222223, 'data_quality': 'warn', 'fatigue_drop': -0.041666666666666664, 'nogo_accuracy': 0.8, 'rt_variability': None, 'false_alarm_rate': 0.2, 'post_error_slowing': None, 'inhibition_index_01': 0.8, 'impulsivity_index_01': 0.2}",{'self_control_inhibition': 0.8},"{'n_go': 45, 'n_nogo': 15, 'low_data': False, 'n_events': 62, 'n_actions': 60, 'has_run_end': True, 'data_quality': 'warn', 'rt_valid_go_n': 1}",2026-03-12T16:37:41.229258+00:00,2026-03-12T16:37:41.203+00:00
3e8491f1-0198-4ada-bc0a-660d11742e69,b037b465-579d-4aaf-b784-7547462cd203,1f9327a4-93a4-48d3-9e43-0aa6f57306b0,negotiation,v1,26,0,0,896,"{'oi_01': 0.625, 'oi_sum': 1.5000000000000002, 'sdi_01': 0.7166666666666667, 'sri_01': 0.23333333333333336, 'sdi_sum': 4.3, 'sri_sum': 1.4000000000000001, 'rt_sd_ms': 49647.551230649835, 'n_actions': 12, 'n_invalid': 0, 'n_missing': 0, 'mean_rt_ms': 66735, 'final_score': 69, 'data_quality': 'ok', 'n_turns_expected': 6}","{'social_risk_01': 0.23333333333333336, 'strategic_depth_01': 0.7166666666666667, 'negotiation_skill_01': 0.6945833333333333, 'cooperative_orientation_01': 0.625}","{'low_data': False, 'n_events': 26, 'n_actions': 12, 'n_expected': 6, 'rt_valid_n': 6, 'has_run_end': True, 'data_quality': 'ok', 'invalid_actions': 0, 'missing_actions': 0}",2026-03-12T16:56:03.372173+00:00,2026-03-12T16:56:03.338+00:00
21d24316-6323-49dc-b0ae-821ef11ba052,b5f8f7f8-8568-45bc-8eee-04fe31e39e5a,5b4b3665-89c7-4dc4-aead-b05cdbf6531a,triage,v1,26,7,0,80,"{'accuracy': 0.125, 'score_total': 1, 'turns_total': 8, 'strategy_entropy': 1.0821955300387671, 'switch_after_win_rate': 1, 'decision_latency_sd_ms': 5803.75139149548, 'switch_after_loss_rate': 1, 'decision_latency_mean_ms': 9447.25}",{'planning_prioritization': 0.10298863553569844},"{'low_data': False, 'n_events': 26, 'n_actions': 8, 'rt_valid_n': 8, 'has_run_end': True}",2026-03-13T13:05:00.213878+00:00,2026-03-13T13:05:00.181+00:00
a59a1cf9-5c6b-4f98-a238-94dbbf399364,d7c928fe-3e9b-44b2-831b-069d05f06704,5b4b3665-89c7-4dc4-aead-b05cdbf6531a,gonogo,v1,62,27,0,79,"{'rt_trend': 0.2982518771016629, 'miss_rate': 0.4888888888888889, 'mean_rt_go': 274.0869565217391, 'final_score': 64, 'go_accuracy': 0.5111111111111111, 'data_quality': 'ok', 'fatigue_drop': 0.07000000000000006, 'nogo_accuracy': 0.6666666666666666, 'rt_variability': 25.757457955244835, 'false_alarm_rate': 0.3333333333333333, 'post_error_slowing': -13.741666666666674, 'inhibition_index_01': 0.6666666666666666, 'impulsivity_index_01': 0.3333333333333333}",{'self_control_inhibition': 0.6666666666666666},"{'n_go': 45, 'n_nogo': 15, 'low_data': False, 'n_events': 62, 'n_actions': 60, 'has_run_end': True, 'data_quality': 'ok', 'rt_valid_go_n': 23}",2026-03-13T13:07:05.164051+00:00,2026-03-13T13:07:05.139+00:00
8f2944b7-846f-4438-9748-ff7f5314b876,2026831f-0735-453f-bb76-2b0d93c2f3c4,bf56dfd7-83dc-4604-b320-04a33ad10b06,triage,v1,26,2,0,61,"{'accuracy': 0.75, 'score_total': 6, 'turns_total': 8, 'strategy_entropy': 1.0821955300387673, 'switch_after_win_rate': 1, 'decision_latency_sd_ms': 3095.863043182443, 'switch_after_loss_rate': 0, 'decision_latency_mean_ms': 7228.625}",{'planning_prioritization': 0.6029886355356985},"{'low_data': False, 'n_events': 26, 'n_actions': 8, 'rt_valid_n': 8, 'has_run_end': True}",2026-03-13T13:10:50.483729+00:00,2026-03-13T13:10:50.453+00:00
b8f5c350-3cae-4795-aaa4-71692748b44c,2c327abe-f101-4fa8-aa66-c19509b2ea74,e5a89d72-ecd6-4cec-b55e-ceb2f1e81ef3,triage,v1,26,2,0,94,"{'accuracy': 0.75, 'score_total': 6, 'turns_total': 8, 'strategy_entropy': 1.0821955300387671, 'switch_after_win_rate': 0.6666666666666666, 'decision_latency_sd_ms': 6362.962944145709, 'switch_after_loss_rate': 1, 'decision_latency_mean_ms': 11376.5}",{'planning_prioritization': 0.6029886355356985},"{'low_data': False, 'n_events': 26, 'n_actions': 8, 'rt_valid_n': 8, 'has_run_end': True}",2026-03-16T16:21:55.807156+00:00,2026-03-16T16:21:55.771+00:00
dad9aa65-7d0f-4f1e-bc34-630f1a41e8e6,591068f5-9b67-45d2-8a59-1179b375abec,5b4b3665-89c7-4dc4-aead-b05cdbf6531a,negotiation,v1,26,0,0,247,"{'oi_01': 0.7083333333333334, 'oi_sum': 2.4999999999999996, 'sdi_01': 0.6000000000000001, 'sri_01': 0.21666666666666667, 'sdi_sum': 3.6000000000000005, 'sri_sum': 1.3, 'rt_sd_ms': 8953.759599557421, 'n_actions': 12, 'n_invalid': 0, 'n_missing': 0, 'mean_rt_ms': 22780.833333333332, 'final_score': 67, 'data_quality': 'ok', 'n_turns_expected': 6}","{'social_risk_01': 0.21666666666666667, 'strategic_depth_01': 0.6000000000000001, 'negotiation_skill_01': 0.6745833333333335, 'cooperative_orientation_01': 0.7083333333333334}","{'low_data': False, 'n_events': 26, 'n_actions': 12, 'n_expected': 6, 'rt_valid_n': 6, 'has_run_end': True, 'data_quality': 'ok', 'invalid_actions': 0, 'missing_actions': 0}",2026-03-13T13:12:28.729388+00:00,2026-03-13T13:12:28.706+00:00
d1b68530-e898-47a8-9f61-4130653bc9e4,efa739d0-ac63-4e58-b5f0-6fb6e6c094ce,bf56dfd7-83dc-4604-b320-04a33ad10b06,gonogo,v1,62,34,0,242,"{'rt_trend': 0.5694606348637016, 'miss_rate': 0.6666666666666666, 'mean_rt_go': 249, 'final_score': 59, 'go_accuracy': 0.3333333333333333, 'data_quality': 'ok', 'fatigue_drop': -0.059288537549407105, 'nogo_accuracy': 0.7333333333333333, 'rt_variability': 66.9274660680181, 'false_alarm_rate': 0.26666666666666666, 'post_error_slowing': -27.5, 'inhibition_index_01': 0.7333333333333333, 'impulsivity_index_01': 0.26666666666666666}",{'self_control_inhibition': 0.7333333333333333},"{'n_go': 45, 'n_nogo': 15, 'low_data': False, 'n_events': 62, 'n_actions': 60, 'has_run_end': True, 'data_quality': 'ok', 'rt_valid_go_n': 15}",2026-03-13T13:15:15.35299+00:00,2026-03-13T13:15:15.328+00:00
c7f2af68-8e30-4411-ae39-8544658526d2,92755e9e-ffd8-4a25-9005-59745f4a6721,bf56dfd7-83dc-4604-b320-04a33ad10b06,negotiation,v1,26,0,0,176,"{'oi_01': 0.7166666666666667, 'oi_sum': 2.5999999999999996, 'sdi_01': 0.7999999999999999, 'sri_01': 0.11666666666666665, 'sdi_sum': 4.8, 'sri_sum': 0.7, 'rt_sd_ms': 3295.310223130239, 'n_actions': 12, 'n_invalid': 0, 'n_missing': 0, 'mean_rt_ms': 17919.666666666668, 'final_score': 79, 'data_quality': 'ok', 'n_turns_expected': 6}","{'social_risk_01': 0.11666666666666665, 'strategic_depth_01': 0.7999999999999999, 'negotiation_skill_01': 0.7875, 'cooperative_orientation_01': 0.7166666666666667}","{'low_data': False, 'n_events': 26, 'n_actions': 12, 'n_expected': 6, 'rt_valid_n': 6, 'has_run_end': True, 'data_quality': 'ok', 'invalid_actions': 0, 'missing_actions': 0}",2026-03-13T13:18:18.645325+00:00,2026-03-13T13:18:18.611+00:00
410ed27e-d59a-42a8-a356-aae801a39ecb,9378377c-265f-48e7-9deb-0725b14bc90f,81b86abc-d94a-48ef-9f0d-86364117876b,triage,v1,26,5,0,43,"{'accuracy': 0.375, 'score_total': 3, 'turns_total': 8, 'strategy_entropy': 0.6931471805599453, 'switch_after_win_rate': 1, 'decision_latency_sd_ms': 1799.5265597611262, 'switch_after_loss_rate': 0.5, 'decision_latency_mean_ms': 4903.875}",{'planning_prioritization': 0.37381404928570855},"{'low_data': False, 'n_events': 26, 'n_actions': 8, 'rt_valid_n': 8, 'has_run_end': True}",2026-03-13T13:18:33.217174+00:00,2026-03-13T13:18:33.19+00:00
4130c51e-6ee1-461d-b054-5f95d13ce727,cbb5409f-c19d-4d99-a273-80db8a3e86ad,81b86abc-d94a-48ef-9f0d-86364117876b,gonogo,v1,62,40,0,83,"{'rt_trend': 3.666666666666667, 'miss_rate': 0.8444444444444444, 'mean_rt_go': 239.85714285714286, 'final_score': 61, 'go_accuracy': 0.15555555555555556, 'data_quality': 'warn', 'fatigue_drop': -0.15476190476190477, 'nogo_accuracy': 0.8666666666666667, 'rt_variability': 64.48883255114426, 'false_alarm_rate': 0.13333333333333333, 'post_error_slowing': -40.5, 'inhibition_index_01': 0.8666666666666667, 'impulsivity_index_01': 0.13333333333333333}",{'self_control_inhibition': 0.8666666666666667},"{'n_go': 45, 'n_nogo': 15, 'low_data': False, 'n_events': 62, 'n_actions': 60, 'has_run_end': True, 'data_quality': 'warn', 'rt_valid_go_n': 7}",2026-03-13T13:20:06.30152+00:00,2026-03-13T13:20:06.279+00:00
f52d4406-2e74-404f-a2e7-a2e1dc145d28,b8eea930-f7f7-4bdc-a2b9-b7860fb12efd,81b86abc-d94a-48ef-9f0d-86364117876b,negotiation,v1,26,0,0,186,"{'oi_01': 0.4916666666666667, 'oi_sum': -0.09999999999999992, 'sdi_01': 0.5499999999999999, 'sri_01': 0.41666666666666674, 'sdi_sum': 3.3, 'sri_sum': 2.5000000000000004, 'rt_sd_ms': 9612.986480104228, 'n_actions': 12, 'n_invalid': 0, 'n_missing': 0, 'mean_rt_ms': 19375.666666666668, 'final_score': 54, 'data_quality': 'ok', 'n_turns_expected': 6}","{'social_risk_01': 0.41666666666666674, 'strategic_depth_01': 0.5499999999999999, 'negotiation_skill_01': 0.53625, 'cooperative_orientation_01': 0.4916666666666667}","{'low_data': False, 'n_events': 26, 'n_actions': 12, 'n_expected': 6, 'rt_valid_n': 6, 'has_run_end': True, 'data_quality': 'ok', 'invalid_actions': 0, 'missing_actions': 0}",2026-03-13T13:24:06.017231+00:00,2026-03-13T13:24:05.984+00:00
0882d5d9-19f9-4735-a785-dede41bc26bc,08ffbeec-7894-4d38-b70e-a173984ad7c7,1dbd3e82-0bcd-4485-a6ff-08a207b17d38,triage,v1,26,2,0,62,"{'accuracy': 0.75, 'score_total': 6, 'turns_total': 8, 'strategy_entropy': 0.9002560512685369, 'switch_after_win_rate': 0.6666666666666666, 'decision_latency_sd_ms': 2826.4769464072106, 'switch_after_loss_rate': 1, 'decision_latency_mean_ms': 7120.25}",{'planning_prioritization': 0.6361103256254393},"{'low_data': False, 'n_events': 26, 'n_actions': 8, 'rt_valid_n': 8, 'has_run_end': True}",2026-03-13T14:24:32.848881+00:00,2026-03-13T14:24:32.813+00:00
27e4dcb5-be13-496c-8233-c762bea9f40a,919c44b4-9782-4a4b-8823-562dee176147,8812d715-2437-452f-9f08-89a9b7de6222,triage,v1,26,5,0,50,"{'accuracy': 0.375, 'score_total': 3, 'turns_total': 8, 'strategy_entropy': 0.9743147528693494, 'switch_after_win_rate': 1, 'decision_latency_sd_ms': 5671.158907766812, 'switch_after_loss_rate': 0.4, 'decision_latency_mean_ms': 5882.75}",{'planning_prioritization': 0.32262809857141705},"{'low_data': False, 'n_events': 26, 'n_actions': 8, 'rt_valid_n': 8, 'has_run_end': True}",2026-03-13T14:47:54.098643+00:00,2026-03-13T14:47:54.059+00:00
34e53da8-8bdf-4d2f-b257-a49c3e0dd27e,9d56b63c-7937-44b3-add1-8663ee251916,09612f6d-c842-45f6-bac5-f6f5c117131c,triage,v1,26,6,0,48,"{'accuracy': 0.25, 'score_total': 2, 'turns_total': 8, 'strategy_entropy': 1.0821955300387673, 'switch_after_win_rate': 0.5, 'decision_latency_sd_ms': 2518.13457032894, 'switch_after_loss_rate': 0.8, 'decision_latency_mean_ms': 5701.5}",{'planning_prioritization': 0.2029886355356984},"{'low_data': False, 'n_events': 26, 'n_actions': 8, 'rt_valid_n': 8, 'has_run_end': True}",2026-03-13T14:53:14.853985+00:00,2026-03-13T14:53:14.794+00:00
33aa7298-213a-42a2-9966-9c43673e0055,0f5d4c37-b9dd-4411-8ff7-809f109fc1a2,8812d715-2437-452f-9f08-89a9b7de6222,gonogo,v1,62,23,0,76,"{'rt_trend': -1.6234091551856487, 'miss_rate': 0.2222222222222222, 'mean_rt_go': 199.54285714285714, 'final_score': 42, 'go_accuracy': 0.7777777777777778, 'data_quality': 'ok', 'fatigue_drop': 0.27667984189723316, 'nogo_accuracy': 0.13333333333333333, 'rt_variability': 71.79642087472166, 'false_alarm_rate': 0.8666666666666667, 'post_error_slowing': 33.38095238095238, 'inhibition_index_01': 0.13333333333333333, 'impulsivity_index_01': 0.8666666666666667}",{'self_control_inhibition': 0.13333333333333333},"{'n_go': 45, 'n_nogo': 15, 'low_data': False, 'n_events': 62, 'n_actions': 60, 'has_run_end': True, 'data_quality': 'ok', 'rt_valid_go_n': 35}",2026-03-13T14:53:44.558082+00:00,2026-03-13T14:53:44.528+00:00
64135a33-4947-4344-bcf9-790731eeb0eb,2a676593-dd41-4960-81ae-535d88771569,8812d715-2437-452f-9f08-89a9b7de6222,negotiation,v1,26,0,0,161,"{'oi_01': 0.725, 'oi_sum': 2.6999999999999997, 'sdi_01': 0.7000000000000001, 'sri_01': 0.16666666666666666, 'sdi_sum': 4.2, 'sri_sum': 1, 'rt_sd_ms': 8439.284677427742, 'n_actions': 12, 'n_invalid': 0, 'n_missing': 0, 'mean_rt_ms': 16440.333333333332, 'final_score': 74, 'data_quality': 'ok', 'n_turns_expected': 6}","{'social_risk_01': 0.16666666666666666, 'strategic_depth_01': 0.7000000000000001, 'negotiation_skill_01': 0.7354166666666668, 'cooperative_orientation_01': 0.725}","{'low_data': False, 'n_events': 26, 'n_actions': 12, 'n_expected': 6, 'rt_valid_n': 6, 'has_run_end': True, 'data_quality': 'ok', 'invalid_actions': 0, 'missing_actions': 0}",2026-03-13T14:56:34.30403+00:00,2026-03-13T14:56:34.272+00:00
3f7cb58a-bff5-4e98-b082-f1508c28a676,2d601f0f-51d8-455d-a094-c45d5c3b3e23,09612f6d-c842-45f6-bac5-f6f5c117131c,gonogo,v1,62,33,0,336,"{'rt_trend': 0.3713888304248758, 'miss_rate': 0.6444444444444445, 'mean_rt_go': 273.0625, 'final_score': 62, 'go_accuracy': 0.35555555555555557, 'data_quality': 'ok', 'fatigue_drop': 0.130952380952381, 'nogo_accuracy': 0.7333333333333333, 'rt_variability': 18.049815326848453, 'false_alarm_rate': 0.26666666666666666, 'post_error_slowing': -4.633333333333326, 'inhibition_index_01': 0.7333333333333333, 'impulsivity_index_01': 0.26666666666666666}",{'self_control_inhibition': 0.7333333333333333},"{'n_go': 45, 'n_nogo': 15, 'low_data': False, 'n_events': 62, 'n_actions': 60, 'has_run_end': True, 'data_quality': 'ok', 'rt_valid_go_n': 16}",2026-03-13T14:59:46.763536+00:00,2026-03-13T14:59:46.737+00:00
ebb385dc-a6f8-493c-9502-360c6a4f7c91,92c707fe-6418-4912-92ac-b11e64db6357,fd85e477-ddef-4b81-bb94-cbdda9912dd4,triage,v1,26,4,0,27,"{'accuracy': 0.5, 'score_total': 4, 'turns_total': 8, 'strategy_entropy': 0.9743147528693494, 'switch_after_win_rate': 0.3333333333333333, 'decision_latency_sd_ms': 1772.5641183244766, 'switch_after_loss_rate': 1, 'decision_latency_mean_ms': 2946.875}",{'planning_prioritization': 0.42262809857141703},"{'low_data': False, 'n_events': 26, 'n_actions': 8, 'rt_valid_n': 8, 'has_run_end': True}",2026-03-13T15:05:40.157589+00:00,2026-03-13T15:05:40.123+00:00
bfb9fad8-a59a-4be3-bd54-2ca0ef6e8b99,02843ed6-0288-4eb1-8ee9-64f538e24de6,fd85e477-ddef-4b81-bb94-cbdda9912dd4,triage,v1,26,4,0,7,"{'accuracy': 0.5, 'score_total': 4, 'turns_total': 8, 'strategy_entropy': 1.0821955300387673, 'switch_after_win_rate': 1, 'decision_latency_sd_ms': 278.6814617854176, 'switch_after_loss_rate': 1, 'decision_latency_mean_ms': 526.25}",{'planning_prioritization': 0.4029886355356984},"{'low_data': False, 'n_events': 26, 'n_actions': 8, 'rt_valid_n': 8, 'has_run_end': True}",2026-03-13T15:05:55.375721+00:00,2026-03-13T15:05:55.344+00:00
13a8da7e-026e-4fa3-bca6-a4af74226800,5e5aa2e0-ef79-4d6a-ad60-5657923086a1,fd85e477-ddef-4b81-bb94-cbdda9912dd4,triage,v1,26,7,0,23,"{'accuracy': 0.125, 'score_total': 1, 'turns_total': 8, 'strategy_entropy': 0.9002560512685369, 'switch_after_win_rate': 0, 'decision_latency_sd_ms': 5930.491933341497, 'switch_after_loss_rate': 0.8333333333333334, 'decision_latency_mean_ms': 2459}",{'planning_prioritization': 0.1361103256254393},"{'low_data': False, 'n_events': 26, 'n_actions': 8, 'rt_valid_n': 8, 'has_run_end': True}",2026-03-13T15:06:30.226898+00:00,2026-03-13T15:06:30.189+00:00
4827d8e8-8c22-4208-9b9b-4934a47c4fab,3d09e3c3-bdab-4283-aa36-b1ad7cdc178c,d87cecce-e8cd-4a21-afeb-e6f544cfa6bf,triage,v1,26,5,0,42,"{'accuracy': 0.375, 'score_total': 3, 'turns_total': 8, 'strategy_entropy': 0.6931471805599453, 'switch_after_win_rate': 0.6666666666666666, 'decision_latency_sd_ms': 1672.239986194736, 'switch_after_loss_rate': 0.5, 'decision_latency_mean_ms': 4673.5}",{'planning_prioritization': 0.37381404928570855},"{'low_data': False, 'n_events': 26, 'n_actions': 8, 'rt_valid_n': 8, 'has_run_end': True}",2026-03-13T15:46:55.257467+00:00,2026-03-13T15:46:55.219+00:00
a5e7565a-e509-4bb0-b374-3a09b1f07ed3,9b38e959-fc0f-47ef-96cb-92cce6e1750a,d87cecce-e8cd-4a21-afeb-e6f544cfa6bf,gonogo,v1,62,43,0,83,"{'rt_trend': 1.6308990245188504, 'miss_rate': 0.8888888888888888, 'mean_rt_go': 260.2, 'final_score': 56, 'go_accuracy': 0.1111111111111111, 'data_quality': 'warn', 'fatigue_drop': -0.1383399209486166, 'nogo_accuracy': 0.8, 'rt_variability': 42.08562700020044, 'false_alarm_rate': 0.2, 'post_error_slowing': -48.666666666666686, 'inhibition_index_01': 0.8, 'impulsivity_index_01': 0.2}",{'self_control_inhibition': 0.8},"{'n_go': 45, 'n_nogo': 15, 'low_data': False, 'n_events': 62, 'n_actions': 60, 'has_run_end': True, 'data_quality': 'warn', 'rt_valid_go_n': 5}",2026-03-13T15:48:24.776692+00:00,2026-03-13T15:48:24.752+00:00
48a30bf6-3144-448b-b47e-3cbaf04c347b,48fc93fe-5925-41e1-aeb6-f2ba32c32774,d87cecce-e8cd-4a21-afeb-e6f544cfa6bf,negotiation,v1,26,0,0,184,"{'oi_01': 0.5499999999999999, 'oi_sum': 0.6, 'sdi_01': 0.5499999999999999, 'sri_01': 0.4166666666666667, 'sdi_sum': 3.3, 'sri_sum': 2.5, 'rt_sd_ms': 3965.354347344005, 'n_actions': 12, 'n_invalid': 0, 'n_missing': 0, 'mean_rt_ms': 14441.5, 'final_score': 56, 'data_quality': 'ok', 'n_turns_expected': 6}","{'social_risk_01': 0.4166666666666667, 'strategic_depth_01': 0.5499999999999999, 'negotiation_skill_01': 0.5566666666666666, 'cooperative_orientation_01': 0.5499999999999999}","{'low_data': False, 'n_events': 26, 'n_actions': 12, 'n_expected': 6, 'rt_valid_n': 6, 'has_run_end': True, 'data_quality': 'ok', 'invalid_actions': 0, 'missing_actions': 0}",2026-03-13T15:51:39.46702+00:00,2026-03-13T15:51:39.438+00:00
d9cc8372-4783-4b9e-9aeb-ada24946ddc6,bfd85838-e46e-48bd-9e80-37365ed194b3,fb5921ce-c739-48c0-9d76-abbbf4a9ccc1,triage,v1,26,5,0,177,"{'accuracy': 0.375, 'score_total': 3, 'turns_total': 8, 'strategy_entropy': 0.6931471805599453, 'switch_after_win_rate': 0.6666666666666666, 'decision_latency_sd_ms': 47263.92014453066, 'switch_after_loss_rate': 0.5, 'decision_latency_mean_ms': 21605.5}",{'planning_prioritization': 0.37381404928570855},"{'low_data': False, 'n_events': 26, 'n_actions': 8, 'rt_valid_n': 8, 'has_run_end': True}",2026-03-13T16:14:31.829462+00:00,2026-03-13T16:14:31.795+00:00
fdd13a83-5e05-4481-bb70-31169c1aa044,7f2db3cc-9624-4c6c-87a8-1363162b30c0,b581cb58-728d-4c35-ab17-24e896fc6c5d,triage,v1,26,2,0,101,"{'accuracy': 0.75, 'score_total': 6, 'turns_total': 8, 'strategy_entropy': 0.9743147528693494, 'switch_after_win_rate': 0.8, 'decision_latency_sd_ms': 12837.78035373383, 'switch_after_loss_rate': 1, 'decision_latency_mean_ms': 12049.125}",{'planning_prioritization': 0.6226280985714171},"{'low_data': False, 'n_events': 26, 'n_actions': 8, 'rt_valid_n': 8, 'has_run_end': True}",2026-03-13T18:38:31.109323+00:00,2026-03-13T18:38:31.075+00:00
d4a423d7-6c81-4e9a-aa59-3c64266f10a8,dc61f9db-ce0a-45b6-ba05-24ec6bcca77b,b581cb58-728d-4c35-ab17-24e896fc6c5d,gonogo,v1,62,40,0,80,"{'rt_trend': 0.6015831134564643, 'miss_rate': 0.8666666666666667, 'mean_rt_go': 48, 'final_score': 65, 'go_accuracy': 0.13333333333333333, 'data_quality': 'warn', 'fatigue_drop': 0.09486166007905139, 'nogo_accuracy': 0.9333333333333333, 'rt_variability': 30.25227264190246, 'false_alarm_rate': 0.06666666666666667, 'post_error_slowing': -32.25, 'inhibition_index_01': 0.9333333333333333, 'impulsivity_index_01': 0.06666666666666667}",{'self_control_inhibition': 0.9333333333333333},"{'n_go': 45, 'n_nogo': 15, 'low_data': False, 'n_events': 62, 'n_actions': 60, 'has_run_end': True, 'data_quality': 'warn', 'rt_valid_go_n': 6}",2026-03-13T18:40:18.523338+00:00,2026-03-13T18:40:18.497+00:00
8338e555-02c5-4ec9-b59a-ec7e003d805f,70244288-d781-43c4-ba40-f57c0efd294f,b581cb58-728d-4c35-ab17-24e896fc6c5d,negotiation,v1,26,0,0,144,"{'oi_01': 0.7166666666666667, 'oi_sum': 2.5999999999999996, 'sdi_01': 0.7999999999999999, 'sri_01': 0.11666666666666665, 'sdi_sum': 4.8, 'sri_sum': 0.7, 'rt_sd_ms': 6704.708636473325, 'n_actions': 12, 'n_invalid': 0, 'n_missing': 0, 'mean_rt_ms': 18765.5, 'final_score': 79, 'data_quality': 'ok', 'n_turns_expected': 6}","{'social_risk_01': 0.11666666666666665, 'strategic_depth_01': 0.7999999999999999, 'negotiation_skill_01': 0.7875, 'cooperative_orientation_01': 0.7166666666666667}","{'low_data': False, 'n_events': 26, 'n_actions': 12, 'n_expected': 6, 'rt_valid_n': 6, 'has_run_end': True, 'data_quality': 'ok', 'invalid_actions': 0, 'missing_actions': 0}",2026-03-13T18:42:55.01334+00:00,2026-03-13T18:42:54.988+00:00
7eb68451-b115-4d30-9b0c-b33691aef0b9,900f4d63-a024-473b-8dde-c695fcb63f31,1b380868-63e3-4e1b-b106-152416e05dbb,triage,v1,26,2,0,78,"{'accuracy': 0.75, 'score_total': 6, 'turns_total': 8, 'strategy_entropy': 1.0397207708399179, 'switch_after_win_rate': 0.5, 'decision_latency_sd_ms': 4257.292029984721, 'switch_after_loss_rate': 0, 'decision_latency_mean_ms': 9415}",{'planning_prioritization': 0.6107210739285629},"{'low_data': False, 'n_events': 26, 'n_actions': 8, 'rt_valid_n': 8, 'has_run_end': True}",2026-03-13T21:28:19.767651+00:00,2026-03-13T21:28:19.743+00:00
47fcd659-997c-49cc-b766-92c2f6257ef6,2bc350dd-5b2d-4c64-8e24-09043a04a920,1b380868-63e3-4e1b-b106-152416e05dbb,gonogo,v1,62,45,0,84,"{'rt_trend': None, 'miss_rate': 0.9777777777777777, 'mean_rt_go': 298, 'final_score': 62, 'go_accuracy': 0.022222222222222223, 'data_quality': 'warn', 'fatigue_drop': 0.045454545454545456, 'nogo_accuracy': 0.9333333333333333, 'rt_variability': None, 'false_alarm_rate': 0.06666666666666667, 'post_error_slowing': None, 'inhibition_index_01': 0.9333333333333333, 'impulsivity_index_01': 0.06666666666666667}",{'self_control_inhibition': 0.9333333333333333},"{'n_go': 45, 'n_nogo': 15, 'low_data': False, 'n_events': 62, 'n_actions': 60, 'has_run_end': True, 'data_quality': 'warn', 'rt_valid_go_n': 1}",2026-03-13T21:30:45.423018+00:00,2026-03-13T21:30:45.37+00:00
6a24d856-b7b9-45cc-afc9-fbdd57dabce1,b5ade8a9-d7dc-4ee3-95bb-80060bf788a3,1b380868-63e3-4e1b-b106-152416e05dbb,negotiation,v1,26,0,0,42,"{'oi_01': 0.7166666666666667, 'oi_sum': 2.5999999999999996, 'sdi_01': 0.7999999999999999, 'sri_01': 0.11666666666666665, 'sdi_sum': 4.8, 'sri_sum': 0.7, 'rt_sd_ms': 2214.6871261346755, 'n_actions': 12, 'n_invalid': 0, 'n_missing': 0, 'mean_rt_ms': 2556.6666666666665, 'final_score': 79, 'data_quality': 'ok', 'n_turns_expected': 6}","{'social_risk_01': 0.11666666666666665, 'strategic_depth_01': 0.7999999999999999, 'negotiation_skill_01': 0.7875, 'cooperative_orientation_01': 0.7166666666666667}","{'low_data': False, 'n_events': 26, 'n_actions': 12, 'n_expected': 6, 'rt_valid_n': 6, 'has_run_end': True, 'data_quality': 'ok', 'invalid_actions': 0, 'missing_actions': 0}",2026-03-13T22:30:08.869764+00:00,2026-03-13T22:30:08.843+00:00
f01bfdda-40be-456b-b14d-12bb7c8ebd4e,761d5703-f6d3-4313-ae6c-158a6d63887f,b701c83a-8878-4490-a5c0-0bf097d5abf6,triage,v1,26,4,0,67,"{'accuracy': 0.5, 'score_total': 4, 'turns_total': 8, 'strategy_entropy': 0.9743147528693494, 'switch_after_win_rate': 1, 'decision_latency_sd_ms': 2720.7913764722416, 'switch_after_loss_rate': 0.6666666666666666, 'decision_latency_mean_ms': 8121}",{'planning_prioritization': 0.42262809857141703},"{'low_data': False, 'n_events': 26, 'n_actions': 8, 'rt_valid_n': 8, 'has_run_end': True}",2026-03-13T23:37:10.923056+00:00,2026-03-13T23:37:10.892+00:00
f35f4c77-088e-481d-93c2-f1e414f38d23,2163b146-8447-46e1-ad5f-a03ca3a4f7d3,b701c83a-8878-4490-a5c0-0bf097d5abf6,gonogo,v1,62,34,0,77,"{'rt_trend': -0.5700532185168348, 'miss_rate': 0.6888888888888889, 'mean_rt_go': 119.42857142857143, 'final_score': 62, 'go_accuracy': 0.3111111111111111, 'data_quality': 'ok', 'fatigue_drop': 0.07509881422924902, 'nogo_accuracy': 0.8, 'rt_variability': 68.34383015956246, 'false_alarm_rate': 0.2, 'post_error_slowing': 47.66666666666666, 'inhibition_index_01': 0.8, 'impulsivity_index_01': 0.2}",{'self_control_inhibition': 0.8},"{'n_go': 45, 'n_nogo': 15, 'low_data': False, 'n_events': 62, 'n_actions': 60, 'has_run_end': True, 'data_quality': 'ok', 'rt_valid_go_n': 14}",2026-03-13T23:39:11.190165+00:00,2026-03-13T23:39:11.154+00:00
07452993-465a-4b27-9117-83678f6c96f6,49a37eea-1c06-4130-8ef6-800f21d39a09,b701c83a-8878-4490-a5c0-0bf097d5abf6,negotiation,v1,26,0,0,292,"{'oi_01': 0.6333333333333333, 'oi_sum': 1.6, 'sdi_01': 0.6, 'sri_01': 0.2666666666666667, 'sdi_sum': 3.5999999999999996, 'sri_sum': 1.6000000000000003, 'rt_sd_ms': 10298.149788513792, 'n_actions': 12, 'n_invalid': 0, 'n_missing': 0, 'mean_rt_ms': 28753.333333333332, 'final_score': 64, 'data_quality': 'ok', 'n_turns_expected': 6}","{'social_risk_01': 0.2666666666666667, 'strategic_depth_01': 0.6, 'negotiation_skill_01': 0.6383333333333334, 'cooperative_orientation_01': 0.6333333333333333}","{'low_data': False, 'n_events': 26, 'n_actions': 12, 'n_expected': 6, 'rt_valid_n': 6, 'has_run_end': True, 'data_quality': 'ok', 'invalid_actions': 0, 'missing_actions': 0}",2026-03-13T23:44:18.14358+00:00,2026-03-13T23:44:18.117+00:00
921e56a4-a8f3-4651-ae16-1c4b6e4fc1e5,fabebd54-833d-46b5-978a-66598fd8f48d,1ac56240-ef90-4360-a0d1-585b60886757,triage,v1,26,3,0,41,"{'accuracy': 0.625, 'score_total': 5, 'turns_total': 8, 'strategy_entropy': 0.9002560512685369, 'switch_after_win_rate': 0.6, 'decision_latency_sd_ms': 2317.6998103107067, 'switch_after_loss_rate': 0.5, 'decision_latency_mean_ms': 4560.875}",{'planning_prioritization': 0.5361103256254393},"{'low_data': False, 'n_events': 26, 'n_actions': 8, 'rt_valid_n': 8, 'has_run_end': True}",2026-03-14T12:06:38.336088+00:00,2026-03-14T12:06:38.313+00:00
a5ca3620-b520-42cb-9877-2fdc23f2ff80,65f3379f-1c3c-4e9c-a37a-0dea5b5cdde5,1ac56240-ef90-4360-a0d1-585b60886757,gonogo,v1,62,43,0,86,"{'rt_trend': 0.218187274909964, 'miss_rate': 0.8666666666666667, 'mean_rt_go': 177.66666666666666, 'final_score': 51, 'go_accuracy': 0.13333333333333333, 'data_quality': 'warn', 'fatigue_drop': 0.005928853754940705, 'nogo_accuracy': 0.7333333333333333, 'rt_variability': 97.07660205562752, 'false_alarm_rate': 0.26666666666666666, 'post_error_slowing': -8.75, 'inhibition_index_01': 0.7333333333333333, 'impulsivity_index_01': 0.26666666666666666}",{'self_control_inhibition': 0.7333333333333333},"{'n_go': 45, 'n_nogo': 15, 'low_data': False, 'n_events': 62, 'n_actions': 60, 'has_run_end': True, 'data_quality': 'warn', 'rt_valid_go_n': 6}",2026-03-14T12:08:09.556263+00:00,2026-03-14T12:08:09.532+00:00
b5334246-544b-450f-94ad-3848abffe942,0d340c65-5515-4db9-a385-049367c041bf,1ac56240-ef90-4360-a0d1-585b60886757,negotiation,v1,26,0,0,18,"{'oi_01': 0.7166666666666667, 'oi_sum': 2.5999999999999996, 'sdi_01': 0.7999999999999999, 'sri_01': 0.11666666666666665, 'sdi_sum': 4.8, 'sri_sum': 0.7, 'rt_sd_ms': 988.0932479612774, 'n_actions': 12, 'n_invalid': 0, 'n_missing': 0, 'mean_rt_ms': 1926.6666666666667, 'final_score': 79, 'data_quality': 'ok', 'n_turns_expected': 6}","{'social_risk_01': 0.11666666666666665, 'strategic_depth_01': 0.7999999999999999, 'negotiation_skill_01': 0.7875, 'cooperative_orientation_01': 0.7166666666666667}","{'low_data': False, 'n_events': 26, 'n_actions': 12, 'n_expected': 6, 'rt_valid_n': 6, 'has_run_end': True, 'data_quality': 'ok', 'invalid_actions': 0, 'missing_actions': 0}",2026-03-14T12:08:33.484413+00:00,2026-03-14T12:08:33.459+00:00
9443d3a7-70c7-4c82-ade1-a398224a1ebc,2a102cff-1432-4f3e-8481-9b010e6bb0db,3c50cad0-42f0-4118-b406-28e65e0caf2d,gonogo,v1,62,40,0,81,"{'rt_trend': 0.6880072137060415, 'miss_rate': 0.8666666666666667, 'mean_rt_go': 70.33333333333333, 'final_score': 64, 'go_accuracy': 0.13333333333333333, 'data_quality': 'warn', 'fatigue_drop': 0.2727272727272727, 'nogo_accuracy': 0.9333333333333333, 'rt_variability': 39.33785284769196, 'false_alarm_rate': 0.06666666666666667, 'post_error_slowing': 37.25, 'inhibition_index_01': 0.9333333333333333, 'impulsivity_index_01': 0.06666666666666667}",{'self_control_inhibition': 0.9333333333333333},"{'n_go': 45, 'n_nogo': 15, 'low_data': False, 'n_events': 62, 'n_actions': 60, 'has_run_end': True, 'data_quality': 'warn', 'rt_valid_go_n': 6}",2026-03-14T16:44:40.512837+00:00,2026-03-14T16:44:40.487+00:00
ac2ab86e-b767-49f5-a3b7-e72ec1cf69ea,d86e6a5d-ab05-428f-a4fb-87bca0fc658b,3c50cad0-42f0-4118-b406-28e65e0caf2d,negotiation,v1,26,0,0,23,"{'oi_01': 0.3916666666666666, 'oi_sum': -1.3000000000000003, 'sdi_01': 0.3666666666666667, 'sri_01': 0.5, 'sdi_sum': 2.2, 'sri_sum': 3, 'rt_sd_ms': 1368.7247227498547, 'n_actions': 12, 'n_invalid': 0, 'n_missing': 0, 'mean_rt_ms': 2312.1666666666665, 'final_score': 40, 'data_quality': 'ok', 'n_turns_expected': 6}","{'social_risk_01': 0.5, 'strategic_depth_01': 0.3666666666666667, 'negotiation_skill_01': 0.40208333333333335, 'cooperative_orientation_01': 0.3916666666666666}","{'low_data': False, 'n_events': 26, 'n_actions': 12, 'n_expected': 6, 'rt_valid_n': 6, 'has_run_end': True, 'data_quality': 'ok', 'invalid_actions': 0, 'missing_actions': 0}",2026-03-14T16:45:10.309041+00:00,2026-03-14T16:45:10.268+00:00
0a5937ed-bfd4-44e0-8258-6b8d8eab4880,0e135d2c-f738-49ce-a3e6-21cc8fd55279,125816e2-8d79-4b3f-a747-521bdfad992d,triage,v1,26,4,0,63,"{'accuracy': 0.5, 'score_total': 4, 'turns_total': 8, 'strategy_entropy': 0.9002560512685369, 'switch_after_win_rate': 1, 'decision_latency_sd_ms': 2701.998542745721, 'switch_after_loss_rate': 0.5, 'decision_latency_mean_ms': 7183.125}",{'planning_prioritization': 0.4361103256254393},"{'low_data': False, 'n_events': 26, 'n_actions': 8, 'rt_valid_n': 8, 'has_run_end': True}",2026-03-15T15:00:30.580883+00:00,2026-03-15T15:00:30.528+00:00
a2378e71-3a91-4df1-a093-2945289d9cc8,54310acd-74e5-4046-b0b7-708ca5434820,125816e2-8d79-4b3f-a747-521bdfad992d,gonogo,v1,62,45,0,99,"{'rt_trend': None, 'miss_rate': 0.9333333333333333, 'mean_rt_go': 209, 'final_score': 52, 'go_accuracy': 0.06666666666666667, 'data_quality': 'warn', 'fatigue_drop': -0.12, 'nogo_accuracy': 0.8, 'rt_variability': 112.78741064498288, 'false_alarm_rate': 0.2, 'post_error_slowing': -120, 'inhibition_index_01': 0.8, 'impulsivity_index_01': 0.2}",{'self_control_inhibition': 0.8},"{'n_go': 45, 'n_nogo': 15, 'low_data': False, 'n_events': 62, 'n_actions': 60, 'has_run_end': True, 'data_quality': 'warn', 'rt_valid_go_n': 3}",2026-03-15T15:03:33.497642+00:00,2026-03-15T15:03:33.412+00:00
f3778ec1-99a0-4e27-b9c0-a1a09f0bfa7e,1f38d5ac-8eaf-4df5-8ada-a42200380028,125816e2-8d79-4b3f-a747-521bdfad992d,negotiation,v1,26,0,0,190,"{'oi_01': 0.5833333333333334, 'oi_sum': 0.9999999999999998, 'sdi_01': 0.6333333333333333, 'sri_01': 0.3, 'sdi_sum': 3.8, 'sri_sum': 1.8, 'rt_sd_ms': 2247.8763681899113, 'n_actions': 12, 'n_invalid': 0, 'n_missing': 0, 'mean_rt_ms': 16048.166666666666, 'final_score': 63, 'data_quality': 'ok', 'n_turns_expected': 6}","{'social_risk_01': 0.3, 'strategic_depth_01': 0.6333333333333333, 'negotiation_skill_01': 0.6291666666666667, 'cooperative_orientation_01': 0.5833333333333334}","{'low_data': False, 'n_events': 26, 'n_actions': 12, 'n_expected': 6, 'rt_valid_n': 6, 'has_run_end': True, 'data_quality': 'ok', 'invalid_actions': 0, 'missing_actions': 0}",2026-03-15T15:06:48.93633+00:00,2026-03-15T15:06:48.905+00:00
ce0cf840-40d6-4ac1-ab22-7a901d75d53b,1c593988-d313-4a4d-8ec8-c9939b7d7f92,4412d3e8-0fd6-44ac-b0fd-2d4fc55f8dcd,triage,v1,26,2,0,163,"{'accuracy': 0.75, 'score_total': 6, 'turns_total': 8, 'strategy_entropy': 1.0821955300387673, 'switch_after_win_rate': 1, 'decision_latency_sd_ms': 13263.272013345726, 'switch_after_loss_rate': 0.5, 'decision_latency_mean_ms': 19943.75}",{'planning_prioritization': 0.6029886355356985},"{'low_data': False, 'n_events': 26, 'n_actions': 8, 'rt_valid_n': 8, 'has_run_end': True}",2026-03-16T15:36:06.479+00:00,2026-03-16T15:36:06.455+00:00
68426170-9bb8-423e-bf12-6b5a98b589c9,12eb9bcf-a522-4faf-afb4-a5eb4aeec4f2,4412d3e8-0fd6-44ac-b0fd-2d4fc55f8dcd,triage,v1,26,4,0,85,"{'accuracy': 0.5, 'score_total': 4, 'turns_total': 8, 'strategy_entropy': 0.9743147528693494, 'switch_after_win_rate': 1, 'decision_latency_sd_ms': 6178.321871095512, 'switch_after_loss_rate': 1, 'decision_latency_mean_ms': 10263}",{'planning_prioritization': 0.42262809857141703},"{'low_data': False, 'n_events': 26, 'n_actions': 8, 'rt_valid_n': 8, 'has_run_end': True}",2026-03-16T15:39:45.861913+00:00,2026-03-16T15:39:45.829+00:00
702f3397-79ba-4de0-8cba-cf3e9439ddd9,5395ae17-f787-4751-a3cc-4c0b78acdb25,4412d3e8-0fd6-44ac-b0fd-2d4fc55f8dcd,gonogo,v1,62,21,0,80,"{'rt_trend': -0.1915829887773183, 'miss_rate': 0.4444444444444444, 'mean_rt_go': 279.52, 'final_score': 80, 'go_accuracy': 0.5555555555555556, 'data_quality': 'ok', 'fatigue_drop': 0.375494071146245, 'nogo_accuracy': 0.9333333333333333, 'rt_variability': 23.12668011914666, 'false_alarm_rate': 0.06666666666666667, 'post_error_slowing': 19.119047619047592, 'inhibition_index_01': 0.9333333333333333, 'impulsivity_index_01': 0.06666666666666667}",{'self_control_inhibition': 0.9333333333333333},"{'n_go': 45, 'n_nogo': 15, 'low_data': False, 'n_events': 62, 'n_actions': 60, 'has_run_end': True, 'data_quality': 'ok', 'rt_valid_go_n': 25}",2026-03-16T15:42:09.519804+00:00,2026-03-16T15:42:09.473+00:00
2d7a2cc7-6a27-46a7-bfb2-65c5bfd21d0c,a47ac495-ee6a-42f2-8876-c73ce04c3498,4412d3e8-0fd6-44ac-b0fd-2d4fc55f8dcd,gonogo,v1,62,23,0,78,"{'rt_trend': 0.23308951965065502, 'miss_rate': 0.4888888888888889, 'mean_rt_go': 284.82608695652175, 'final_score': 79, 'go_accuracy': 0.5111111111111111, 'data_quality': 'ok', 'fatigue_drop': -0.24505928853754938, 'nogo_accuracy': 0.9333333333333333, 'rt_variability': 14.157080380544068, 'false_alarm_rate': 0.06666666666666667, 'post_error_slowing': -4.295238095238119, 'inhibition_index_01': 0.9333333333333333, 'impulsivity_index_01': 0.06666666666666667}",{'self_control_inhibition': 0.9333333333333333},"{'n_go': 45, 'n_nogo': 15, 'low_data': False, 'n_events': 62, 'n_actions': 60, 'has_run_end': True, 'data_quality': 'ok', 'rt_valid_go_n': 23}",2026-03-16T15:44:02.567059+00:00,2026-03-16T15:44:02.523+00:00
e1ed13b6-0232-40cd-978c-df83b3760d0d,59e04e08-4533-41ab-905f-ac8429ce823f,4412d3e8-0fd6-44ac-b0fd-2d4fc55f8dcd,negotiation,v1,26,0,0,194,"{'oi_01': 0.7166666666666667, 'oi_sum': 2.5999999999999996, 'sdi_01': 0.7999999999999999, 'sri_01': 0.11666666666666665, 'sdi_sum': 4.8, 'sri_sum': 0.7, 'rt_sd_ms': 4900.974066448424, 'n_actions': 12, 'n_invalid': 0, 'n_missing': 0, 'mean_rt_ms': 21989, 'final_score': 79, 'data_quality': 'ok', 'n_turns_expected': 6}","{'social_risk_01': 0.11666666666666665, 'strategic_depth_01': 0.7999999999999999, 'negotiation_skill_01': 0.7875, 'cooperative_orientation_01': 0.7166666666666667}","{'low_data': False, 'n_events': 26, 'n_actions': 12, 'n_expected': 6, 'rt_valid_n': 6, 'has_run_end': True, 'data_quality': 'ok', 'invalid_actions': 0, 'missing_actions': 0}",2026-03-16T15:47:29.853671+00:00,2026-03-16T15:47:29.823+00:00
f86739b1-7793-4442-afee-2c7a29a5116b,91b61234-1508-4d60-b0b6-b29c0510c65c,e5a89d72-ecd6-4cec-b55e-ceb2f1e81ef3,gonogo,v1,62,19,0,80,"{'rt_trend': 0.05294476882745473, 'miss_rate': 0.4222222222222222, 'mean_rt_go': 291.6923076923077, 'final_score': 85, 'go_accuracy': 0.5777777777777777, 'data_quality': 'ok', 'fatigue_drop': -0.19047619047619047, 'nogo_accuracy': 1, 'rt_variability': 14.096153321439807, 'false_alarm_rate': 0, 'post_error_slowing': -2.9022556390977456, 'inhibition_index_01': 1, 'impulsivity_index_01': 0}",{'self_control_inhibition': 1},"{'n_go': 45, 'n_nogo': 15, 'low_data': False, 'n_events': 62, 'n_actions': 60, 'has_run_end': True, 'data_quality': 'ok', 'rt_valid_go_n': 26}",2026-03-16T16:23:46.493082+00:00,2026-03-16T16:23:46.451+00:00
9a33b43e-3542-4eca-ada7-4b3a6e7acb1e,3f0a830c-811a-41ff-9e88-92a691dc9e82,4983dc33-eb5d-46e1-92d4-2fa383334b78,triage,v1,26,4,0,44,"{'accuracy': 0.5, 'score_total': 4, 'turns_total': 8, 'strategy_entropy': 1.0821955300387671, 'switch_after_win_rate': 1, 'decision_latency_sd_ms': 1425.0849034857035, 'switch_after_loss_rate': 0.5, 'decision_latency_mean_ms': 5227.875}",{'planning_prioritization': 0.40298863553569847},"{'low_data': False, 'n_events': 26, 'n_actions': 8, 'rt_valid_n': 8, 'has_run_end': True}",2026-03-16T16:25:38.574356+00:00,2026-03-16T16:25:38.547+00:00
b40b5888-260a-43c6-a87f-166cb6eabc92,8e0651c0-7093-4efb-8133-4d447b9ad18d,e5a89d72-ecd6-4cec-b55e-ceb2f1e81ef3,negotiation,v1,26,0,0,145,"{'oi_01': 0.7166666666666667, 'oi_sum': 2.5999999999999996, 'sdi_01': 0.7999999999999999, 'sri_01': 0.11666666666666665, 'sdi_sum': 4.8, 'sri_sum': 0.7, 'rt_sd_ms': 19625.212210317626, 'n_actions': 12, 'n_invalid': 0, 'n_missing': 0, 'mean_rt_ms': 21672.5, 'final_score': 79, 'data_quality': 'ok', 'n_turns_expected': 6}","{'social_risk_01': 0.11666666666666665, 'strategic_depth_01': 0.7999999999999999, 'negotiation_skill_01': 0.7875, 'cooperative_orientation_01': 0.7166666666666667}","{'low_data': False, 'n_events': 26, 'n_actions': 12, 'n_expected': 6, 'rt_valid_n': 6, 'has_run_end': True, 'data_quality': 'ok', 'invalid_actions': 0, 'missing_actions': 0}",2026-03-16T16:26:20.272509+00:00,2026-03-16T16:26:20.222+00:00
e1bf4f3e-0ad5-4d6a-9447-258ee90fa104,eed0401c-d208-46e7-bcab-df289a710b43,4983dc33-eb5d-46e1-92d4-2fa383334b78,gonogo,v1,62,45,0,78,"{'rt_trend': None, 'miss_rate': 1, 'mean_rt_go': None, 'final_score': 65, 'go_accuracy': 0, 'data_quality': 'warn', 'fatigue_drop': 0, 'nogo_accuracy': 1, 'rt_variability': None, 'false_alarm_rate': 0, 'post_error_slowing': None, 'inhibition_index_01': 1, 'impulsivity_index_01': 0}",{'self_control_inhibition': 1},"{'n_go': 45, 'n_nogo': 15, 'low_data': False, 'n_events': 62, 'n_actions': 60, 'has_run_end': True, 'data_quality': 'warn', 'rt_valid_go_n': 0}",2026-03-16T16:27:20.878276+00:00,2026-03-16T16:27:20.852+00:00
e28378ee-568c-4ee5-89be-242e2e57cd0b,7d8c82ef-34a5-4717-9587-d9754e368e0e,4983dc33-eb5d-46e1-92d4-2fa383334b78,negotiation,v1,26,0,0,228,"{'oi_01': 0.7166666666666667, 'oi_sum': 2.5999999999999996, 'sdi_01': 0.7999999999999999, 'sri_01': 0.11666666666666665, 'sdi_sum': 4.8, 'sri_sum': 0.7, 'rt_sd_ms': 7930.826379808517, 'n_actions': 12, 'n_invalid': 0, 'n_missing': 0, 'mean_rt_ms': 22138.666666666668, 'final_score': 79, 'data_quality': 'ok', 'n_turns_expected': 6}","{'social_risk_01': 0.11666666666666665, 'strategic_depth_01': 0.7999999999999999, 'negotiation_skill_01': 0.7875, 'cooperative_orientation_01': 0.7166666666666667}","{'low_data': False, 'n_events': 26, 'n_actions': 12, 'n_expected': 6, 'rt_valid_n': 6, 'has_run_end': True, 'data_quality': 'ok', 'invalid_actions': 0, 'missing_actions': 0}",2026-03-16T16:31:20.863397+00:00,2026-03-16T16:31:20.81+00:00
cc9eaa15-af44-40a2-8a3f-df83eeb26d86,34fa9b6f-49ee-4197-8c59-416a31accc14,2793726b-3a52-4497-bb98-7ae0368d25e2,triage,v1,26,2,0,82,"{'accuracy': 0.75, 'score_total': 6, 'turns_total': 8, 'strategy_entropy': 1.0821955300387671, 'switch_after_win_rate': 1, 'decision_latency_sd_ms': 11611.032566824413, 'switch_after_loss_rate': 1, 'decision_latency_mean_ms': 9951.875}",{'planning_prioritization': 0.6029886355356985},"{'low_data': False, 'n_events': 26, 'n_actions': 8, 'rt_valid_n': 8, 'has_run_end': True}",2026-03-16T16:52:07.28183+00:00,2026-03-16T16:52:07.249+00:00
9b75d0d9-6d13-41e4-97ad-6b735517a84a,de1609af-06aa-4616-9fd4-43b8b464b7d6,2793726b-3a52-4497-bb98-7ae0368d25e2,gonogo,v1,62,22,0,76,"{'rt_trend': 0.8104813239567104, 'miss_rate': 0.28888888888888886, 'mean_rt_go': 257.3125, 'final_score': 55, 'go_accuracy': 0.7111111111111111, 'data_quality': 'ok', 'fatigue_drop': -0.35119047619047616, 'nogo_accuracy': 0.4, 'rt_variability': 53.79677259776356, 'false_alarm_rate': 0.6, 'post_error_slowing': 23.9903381642512, 'inhibition_index_01': 0.4, 'impulsivity_index_01': 0.6}",{'self_control_inhibition': 0.4},"{'n_go': 45, 'n_nogo': 15, 'low_data': False, 'n_events': 62, 'n_actions': 60, 'has_run_end': True, 'data_quality': 'ok', 'rt_valid_go_n': 32}",2026-03-16T16:54:28.993312+00:00,2026-03-16T16:54:28.963+00:00
84657440-892f-4833-93db-e5bd6dfb6578,7b698a4c-d78c-458d-994d-9a0e503438c8,2793726b-3a52-4497-bb98-7ae0368d25e2,negotiation,v1,26,0,0,282,"{'oi_01': 0.7166666666666667, 'oi_sum': 2.5999999999999996, 'sdi_01': 0.7999999999999999, 'sri_01': 0.11666666666666665, 'sdi_sum': 4.8, 'sri_sum': 0.7, 'rt_sd_ms': 23388.379117986493, 'n_actions': 12, 'n_invalid': 0, 'n_missing': 0, 'mean_rt_ms': 33056.166666666664, 'final_score': 79, 'data_quality': 'ok', 'n_turns_expected': 6}","{'social_risk_01': 0.11666666666666665, 'strategic_depth_01': 0.7999999999999999, 'negotiation_skill_01': 0.7875, 'cooperative_orientation_01': 0.7166666666666667}","{'low_data': False, 'n_events': 26, 'n_actions': 12, 'n_expected': 6, 'rt_valid_n': 6, 'has_run_end': True, 'data_quality': 'ok', 'invalid_actions': 0, 'missing_actions': 0}",2026-03-16T16:59:54.499798+00:00,2026-03-16T16:59:54.475+00:00
96138f82-b322-465c-bd3b-9e531f25e7b4,0d300589-b363-4b89-b065-8e884763079c,3125642c-91c9-4248-95c6-6d51ca9b18b2,triage,v1,26,7,0,26,"{'accuracy': 0.125, 'score_total': 1, 'turns_total': 8, 'strategy_entropy': 0.6615632381579821, 'switch_after_win_rate': 1, 'decision_latency_sd_ms': 2046.0681763183889, 'switch_after_loss_rate': 0.5, 'decision_latency_mean_ms': 2865.875}",{'planning_prioritization': 0.17956383794686642},"{'low_data': False, 'n_events': 26, 'n_actions': 8, 'rt_valid_n': 8, 'has_run_end': True}",2026-03-16T17:09:31.804063+00:00,2026-03-16T17:09:31.766+00:00
c709ebcf-92cb-4f6e-aaa4-fa9fd3dacbfb,ca8121d1-664a-48f1-804e-66cffc4fc44d,3b5e7f26-d667-4679-84c5-8cb8f9e11ed1,triage,v1,26,5,0,47,"{'accuracy': 0.375, 'score_total': 3, 'turns_total': 8, 'strategy_entropy': 0.5623351446188083, 'switch_after_win_rate': 0.3333333333333333, 'decision_latency_sd_ms': 2373.8969017208815, 'switch_after_loss_rate': 0.25, 'decision_latency_mean_ms': 5619.25}",{'planning_prioritization': 0.39762809857141707},"{'low_data': False, 'n_events': 26, 'n_actions': 8, 'rt_valid_n': 8, 'has_run_end': True}",2026-03-16T17:10:16.171233+00:00,2026-03-16T17:10:16.144+00:00
35a8873a-8141-4a16-9349-bfd2598613ed,e8b24278-3c98-41a8-9977-e4f144c7bb57,1d0ee5c3-89d2-4ff2-950a-92dc63809e1e,triage,v1,26,4,0,82,"{'accuracy': 0.5, 'score_total': 4, 'turns_total': 8, 'strategy_entropy': 0.9743147528693494, 'switch_after_win_rate': 1, 'decision_latency_sd_ms': 4844.401612391654, 'switch_after_loss_rate': 0.5, 'decision_latency_mean_ms': 9731.125}",{'planning_prioritization': 0.42262809857141703},"{'low_data': False, 'n_events': 26, 'n_actions': 8, 'rt_valid_n': 8, 'has_run_end': True}",2026-03-18T07:58:15.804589+00:00,2026-03-18T07:58:15.782+00:00
a99f0eac-beff-4321-ab1d-548be78a2ee4,50b48b5a-021e-4b9e-8df2-272413b64780,3125642c-91c9-4248-95c6-6d51ca9b18b2,gonogo,v1,62,42,0,79,"{'rt_trend': 0.5745212323064113, 'miss_rate': 0.8888888888888888, 'mean_rt_go': 97, 'final_score': 59, 'go_accuracy': 0.1111111111111111, 'data_quality': 'warn', 'fatigue_drop': 0.04940711462450592, 'nogo_accuracy': 0.8666666666666667, 'rt_variability': 76.01973427998811, 'false_alarm_rate': 0.13333333333333333, 'post_error_slowing': -98.33333333333334, 'inhibition_index_01': 0.8666666666666667, 'impulsivity_index_01': 0.13333333333333333}",{'self_control_inhibition': 0.8666666666666667},"{'n_go': 45, 'n_nogo': 15, 'low_data': False, 'n_events': 62, 'n_actions': 60, 'has_run_end': True, 'data_quality': 'warn', 'rt_valid_go_n': 5}",2026-03-16T17:10:58.955435+00:00,2026-03-16T17:10:58.928+00:00
d40366f3-d417-4fa5-901a-ebf02362c08c,1452fe51-5300-4e75-bea8-81c1fa0e9696,3125642c-91c9-4248-95c6-6d51ca9b18b2,negotiation,v1,26,0,0,14,"{'oi_01': 0.5333333333333333, 'oi_sum': 0.39999999999999997, 'sdi_01': 0.5166666666666666, 'sri_01': 0.3333333333333333, 'sdi_sum': 3.0999999999999996, 'sri_sum': 1.9999999999999998, 'rt_sd_ms': 947.1548447851598, 'n_actions': 12, 'n_invalid': 0, 'n_missing': 0, 'mean_rt_ms': 1153.5, 'final_score': 55, 'data_quality': 'ok', 'n_turns_expected': 6}","{'social_risk_01': 0.3333333333333333, 'strategic_depth_01': 0.5166666666666666, 'negotiation_skill_01': 0.5525, 'cooperative_orientation_01': 0.5333333333333333}","{'low_data': False, 'n_events': 26, 'n_actions': 12, 'n_expected': 6, 'rt_valid_n': 6, 'has_run_end': True, 'data_quality': 'ok', 'invalid_actions': 0, 'missing_actions': 0}",2026-03-16T17:11:18.517625+00:00,2026-03-16T17:11:18.466+00:00
2399fb07-9c2a-4f49-aa06-07a6e64edd9b,deb7e59c-370a-48ea-8256-34980bf2a591,3b5e7f26-d667-4679-84c5-8cb8f9e11ed1,gonogo,v1,62,30,0,81,"{'rt_trend': 0.130294695481336, 'miss_rate': 0.6222222222222222, 'mean_rt_go': 294.47058823529414, 'final_score': 70, 'go_accuracy': 0.37777777777777777, 'data_quality': 'ok', 'fatigue_drop': 0.2055335968379447, 'nogo_accuracy': 0.8666666666666667, 'rt_variability': 15.984827364796683, 'false_alarm_rate': 0.13333333333333333, 'post_error_slowing': 8.914285714285711, 'inhibition_index_01': 0.8666666666666667, 'impulsivity_index_01': 0.13333333333333333}",{'self_control_inhibition': 0.8666666666666667},"{'n_go': 45, 'n_nogo': 15, 'low_data': False, 'n_events': 62, 'n_actions': 60, 'has_run_end': True, 'data_quality': 'ok', 'rt_valid_go_n': 17}",2026-03-16T17:11:50.114105+00:00,2026-03-16T17:11:50.051+00:00
7a2edddd-ac01-4cba-b8ea-ea423700d93d,651dd314-5b2a-4e28-bd81-4051c522cb17,3b5e7f26-d667-4679-84c5-8cb8f9e11ed1,negotiation,v1,26,0,0,192,"{'oi_01': 0.7166666666666667, 'oi_sum': 2.5999999999999996, 'sdi_01': 0.7999999999999999, 'sri_01': 0.11666666666666665, 'sdi_sum': 4.8, 'sri_sum': 0.7, 'rt_sd_ms': 11229.761678979063, 'n_actions': 12, 'n_invalid': 0, 'n_missing': 0, 'mean_rt_ms': 20852.166666666668, 'final_score': 79, 'data_quality': 'ok', 'n_turns_expected': 6}","{'social_risk_01': 0.11666666666666665, 'strategic_depth_01': 0.7999999999999999, 'negotiation_skill_01': 0.7875, 'cooperative_orientation_01': 0.7166666666666667}","{'low_data': False, 'n_events': 26, 'n_actions': 12, 'n_expected': 6, 'rt_valid_n': 6, 'has_run_end': True, 'data_quality': 'ok', 'invalid_actions': 0, 'missing_actions': 0}",2026-03-16T17:15:12.042472+00:00,2026-03-16T17:15:12.012+00:00
5969fff1-4aef-434a-834c-5dc748d7dc6e,d59a2985-3cae-48b8-9eb8-512ed6f2b49d,093d3f4d-d24e-47fb-9f90-de8e2e6b8be6,triage,v1,26,2,0,73,"{'accuracy': 0.75, 'score_total': 6, 'turns_total': 8, 'strategy_entropy': 1.0821955300387671, 'switch_after_win_rate': 0.4, 'decision_latency_sd_ms': 3018.823490675986, 'switch_after_loss_rate': 0.5, 'decision_latency_mean_ms': 8440.125}",{'planning_prioritization': 0.6029886355356985},"{'low_data': False, 'n_events': 26, 'n_actions': 8, 'rt_valid_n': 8, 'has_run_end': True}",2026-03-17T13:42:25.760909+00:00,2026-03-17T13:42:25.71+00:00
541ee4b1-d424-4bd3-8929-f8a3eedd2b72,d161bb0c-175a-4e9b-b083-55f73d86e82e,093d3f4d-d24e-47fb-9f90-de8e2e6b8be6,gonogo,v1,62,45,0,84,"{'rt_trend': None, 'miss_rate': 1, 'mean_rt_go': None, 'final_score': 65, 'go_accuracy': 0, 'data_quality': 'warn', 'fatigue_drop': 0, 'nogo_accuracy': 1, 'rt_variability': None, 'false_alarm_rate': 0, 'post_error_slowing': None, 'inhibition_index_01': 1, 'impulsivity_index_01': 0}",{'self_control_inhibition': 1},"{'n_go': 45, 'n_nogo': 15, 'low_data': False, 'n_events': 62, 'n_actions': 60, 'has_run_end': True, 'data_quality': 'warn', 'rt_valid_go_n': 0}",2026-03-17T13:44:20.00922+00:00,2026-03-17T13:44:19.984+00:00
aa231001-2d1c-4b96-8328-f48921d921d5,0eb6af2f-e6e4-488d-aef7-6b2a9f5355a5,093d3f4d-d24e-47fb-9f90-de8e2e6b8be6,negotiation,v1,26,0,0,154,"{'oi_01': 0.7166666666666667, 'oi_sum': 2.5999999999999996, 'sdi_01': 0.7999999999999999, 'sri_01': 0.11666666666666665, 'sdi_sum': 4.8, 'sri_sum': 0.7, 'rt_sd_ms': 5107.756588431625, 'n_actions': 12, 'n_invalid': 0, 'n_missing': 0, 'mean_rt_ms': 12117.166666666666, 'final_score': 79, 'data_quality': 'ok', 'n_turns_expected': 6}","{'social_risk_01': 0.11666666666666665, 'strategic_depth_01': 0.7999999999999999, 'negotiation_skill_01': 0.7875, 'cooperative_orientation_01': 0.7166666666666667}","{'low_data': False, 'n_events': 26, 'n_actions': 12, 'n_expected': 6, 'rt_valid_n': 6, 'has_run_end': True, 'data_quality': 'ok', 'invalid_actions': 0, 'missing_actions': 0}",2026-03-17T13:47:07.642852+00:00,2026-03-17T13:47:07.619+00:00
b0bccb58-1b7e-451b-9e3c-1e4a8a3d0df9,c7f1d5a3-21be-4822-bb36-4edd4b393b20,7171a598-3f14-458f-a789-adf146404838,triage,v1,26,2,0,54,"{'accuracy': 0.75, 'score_total': 6, 'turns_total': 8, 'strategy_entropy': 1.0821955300387673, 'switch_after_win_rate': 0.8, 'decision_latency_sd_ms': 1491.2433391061875, 'switch_after_loss_rate': 1, 'decision_latency_mean_ms': 6286.875}",{'planning_prioritization': 0.6029886355356985},"{'low_data': False, 'n_events': 26, 'n_actions': 8, 'rt_valid_n': 8, 'has_run_end': True}",2026-03-17T14:09:40.182373+00:00,2026-03-17T14:09:40.138+00:00
68df4ad5-489b-4788-aa8a-d0930e01618e,9b806924-eaaf-48b9-8f5a-c36d96145055,7171a598-3f14-458f-a789-adf146404838,gonogo,v1,62,38,0,84,"{'rt_trend': 4.406305348919589, 'miss_rate': 0.7777777777777778, 'mean_rt_go': 166.7, 'final_score': 58, 'go_accuracy': 0.2222222222222222, 'data_quality': 'ok', 'fatigue_drop': -0.13000000000000003, 'nogo_accuracy': 0.8, 'rt_variability': 88.30760631640591, 'false_alarm_rate': 0.2, 'post_error_slowing': -118.41666666666667, 'inhibition_index_01': 0.8, 'impulsivity_index_01': 0.2}",{'self_control_inhibition': 0.8},"{'n_go': 45, 'n_nogo': 15, 'low_data': False, 'n_events': 62, 'n_actions': 60, 'has_run_end': True, 'data_quality': 'ok', 'rt_valid_go_n': 10}",2026-03-17T14:11:16.985283+00:00,2026-03-17T14:11:16.935+00:00
a68c24f8-9017-4b94-af0a-6cef88465b64,262f766d-1961-43bf-8c92-70327520c1ef,7171a598-3f14-458f-a789-adf146404838,gonogo,v1,62,40,0,83,"{'rt_trend': 1.613509192645883, 'miss_rate': 0.7555555555555555, 'mean_rt_go': 246, 'final_score': 49, 'go_accuracy': 0.24444444444444444, 'data_quality': 'ok', 'fatigue_drop': -0.18999999999999997, 'nogo_accuracy': 0.6, 'rt_variability': 75.9025691264795, 'false_alarm_rate': 0.4, 'post_error_slowing': -34.833333333333314, 'inhibition_index_01': 0.6, 'impulsivity_index_01': 0.4}",{'self_control_inhibition': 0.6},"{'n_go': 45, 'n_nogo': 15, 'low_data': False, 'n_events': 62, 'n_actions': 60, 'has_run_end': True, 'data_quality': 'ok', 'rt_valid_go_n': 11}",2026-03-17T14:13:06.024671+00:00,2026-03-17T14:13:05.948+00:00
4d47cd56-c9a1-4f23-a1cf-d80c3623e269,14381937-3d3c-4c8d-8647-b31fac46f0f5,7171a598-3f14-458f-a789-adf146404838,negotiation,v1,26,0,0,363,"{'oi_01': 0.5916666666666667, 'oi_sum': 1.1, 'sdi_01': 0.5333333333333333, 'sri_01': 0.3666666666666667, 'sdi_sum': 3.2, 'sri_sum': 2.2, 'rt_sd_ms': 7032.503868940754, 'n_actions': 12, 'n_invalid': 0, 'n_missing': 0, 'mean_rt_ms': 20902.666666666668, 'final_score': 57, 'data_quality': 'ok', 'n_turns_expected': 6}","{'social_risk_01': 0.3666666666666667, 'strategic_depth_01': 0.5333333333333333, 'negotiation_skill_01': 0.57375, 'cooperative_orientation_01': 0.5916666666666667}","{'low_data': False, 'n_events': 26, 'n_actions': 12, 'n_expected': 6, 'rt_valid_n': 6, 'has_run_end': True, 'data_quality': 'ok', 'invalid_actions': 0, 'missing_actions': 0}",2026-03-17T14:19:24.880197+00:00,2026-03-17T14:19:24.843+00:00
5ec38d3a-54e9-4d39-8a70-49c0a9290de0,77b24645-2920-4cdd-b5dc-e516f70689b3,1dcc0aa3-7df0-4815-ab89-29892d64c043,triage,v1,26,2,0,87,"{'accuracy': 0.75, 'score_total': 6, 'turns_total': 8, 'strategy_entropy': 1.0821955300387671, 'switch_after_win_rate': 1, 'decision_latency_sd_ms': 5198.981047144856, 'switch_after_loss_rate': 0.5, 'decision_latency_mean_ms': 10396.25}",{'planning_prioritization': 0.6029886355356985},"{'low_data': False, 'n_events': 26, 'n_actions': 8, 'rt_valid_n': 8, 'has_run_end': True}",2026-03-17T17:13:18.173374+00:00,2026-03-17T17:13:18.144+00:00
2b3eab0b-1a58-44f0-8148-8e4ed74f2f14,21594e0c-c7a2-4ba6-922e-9f559cf5bb08,1dcc0aa3-7df0-4815-ab89-29892d64c043,gonogo,v1,62,40,0,84,"{'rt_trend': 1.4744738020600092, 'miss_rate': 0.8888888888888888, 'mean_rt_go': 262, 'final_score': 68, 'go_accuracy': 0.1111111111111111, 'data_quality': 'warn', 'fatigue_drop': -0.1383399209486166, 'nogo_accuracy': 1, 'rt_variability': 30.01666203960727, 'false_alarm_rate': 0, 'post_error_slowing': 40.833333333333314, 'inhibition_index_01': 1, 'impulsivity_index_01': 0}",{'self_control_inhibition': 1},"{'n_go': 45, 'n_nogo': 15, 'low_data': False, 'n_events': 62, 'n_actions': 60, 'has_run_end': True, 'data_quality': 'warn', 'rt_valid_go_n': 5}",2026-03-17T17:15:11.615797+00:00,2026-03-17T17:15:11.542+00:00
e8c02a02-96f7-4b7f-a3ad-24ea89bd2c73,884cbe4f-4385-4302-b09a-71c7bdb46dbb,1dcc0aa3-7df0-4815-ab89-29892d64c043,negotiation,v1,26,0,0,221,"{'oi_01': 0.6083333333333334, 'oi_sum': 1.3000000000000003, 'sdi_01': 0.6333333333333333, 'sri_01': 0.3166666666666667, 'sdi_sum': 3.8, 'sri_sum': 1.9000000000000001, 'rt_sd_ms': 4350.193451637141, 'n_actions': 12, 'n_invalid': 0, 'n_missing': 0, 'mean_rt_ms': 20620.666666666668, 'final_score': 63, 'data_quality': 'ok', 'n_turns_expected': 6}","{'social_risk_01': 0.3166666666666667, 'strategic_depth_01': 0.6333333333333333, 'negotiation_skill_01': 0.6345833333333334, 'cooperative_orientation_01': 0.6083333333333334}","{'low_data': False, 'n_events': 26, 'n_actions': 12, 'n_expected': 6, 'rt_valid_n': 6, 'has_run_end': True, 'data_quality': 'ok', 'invalid_actions': 0, 'missing_actions': 0}",2026-03-17T17:19:03.850821+00:00,2026-03-17T17:19:03.818+00:00
d6eb604e-b7b4-4c99-9e29-9c486597e0d7,da3a1706-01f7-42a7-ba90-5ced0dcd2edf,dc5e1d44-459a-43dd-940e-00786d4f84ca,triage,v1,26,6,0,49,"{'accuracy': 0.25, 'score_total': 2, 'turns_total': 8, 'strategy_entropy': 0.9743147528693494, 'switch_after_win_rate': 0.5, 'decision_latency_sd_ms': 1427.24056937054, 'switch_after_loss_rate': 1, 'decision_latency_mean_ms': 5933.25}",{'planning_prioritization': 0.22262809857141702},"{'low_data': False, 'n_events': 26, 'n_actions': 8, 'rt_valid_n': 8, 'has_run_end': True}",2026-03-17T17:49:39.114769+00:00,2026-03-17T17:49:39.083+00:00
0d3aa3ad-d446-4562-9c6f-26372ff8ed04,8ea3309c-b178-487c-85a3-40b5d6d7ead2,dc5e1d44-459a-43dd-940e-00786d4f84ca,gonogo,v1,62,42,0,77,"{'rt_trend': 1.322234074977141, 'miss_rate': 0.7555555555555555, 'mean_rt_go': 185.36363636363637, 'final_score': 40, 'go_accuracy': 0.24444444444444444, 'data_quality': 'ok', 'fatigue_drop': -0.233201581027668, 'nogo_accuracy': 0.4666666666666667, 'rt_variability': 97.36351752815088, 'false_alarm_rate': 0.5333333333333333, 'post_error_slowing': 134.79166666666669, 'inhibition_index_01': 0.4666666666666667, 'impulsivity_index_01': 0.5333333333333333}",{'self_control_inhibition': 0.4666666666666667},"{'n_go': 45, 'n_nogo': 15, 'low_data': False, 'n_events': 62, 'n_actions': 60, 'has_run_end': True, 'data_quality': 'ok', 'rt_valid_go_n': 11}",2026-03-17T17:51:24.901642+00:00,2026-03-17T17:51:24.878+00:00
a471f8ef-2db0-455d-af62-e843ac96a610,f861f72f-ce26-4033-b67e-707da5204bfd,dc5e1d44-459a-43dd-940e-00786d4f84ca,negotiation,v1,26,0,0,376,"{'oi_01': 0.6333333333333333, 'oi_sum': 1.5999999999999999, 'sdi_01': 0.6166666666666667, 'sri_01': 0.20000000000000004, 'sdi_sum': 3.7, 'sri_sum': 1.2000000000000002, 'rt_sd_ms': 16869.432600614244, 'n_actions': 12, 'n_invalid': 0, 'n_missing': 0, 'mean_rt_ms': 37852.333333333336, 'final_score': 66, 'data_quality': 'ok', 'n_turns_expected': 6}","{'social_risk_01': 0.20000000000000004, 'strategic_depth_01': 0.6166666666666667, 'negotiation_skill_01': 0.6591666666666667, 'cooperative_orientation_01': 0.6333333333333333}","{'low_data': False, 'n_events': 26, 'n_actions': 12, 'n_expected': 6, 'rt_valid_n': 6, 'has_run_end': True, 'data_quality': 'ok', 'invalid_actions': 0, 'missing_actions': 0}",2026-03-17T17:58:19.373698+00:00,2026-03-17T17:58:19.346+00:00
850fb0e1-d888-43a8-a190-f02e1dfd0f16,d0000ebe-a8cb-433e-9f7b-695d065f8cba,515b2474-5968-4564-b620-60a42ecfaef8,triage,v1,26,5,0,10,"{'accuracy': 0.375, 'score_total': 3, 'turns_total': 8, 'strategy_entropy': 0.7356219397587946, 'switch_after_win_rate': 0.6666666666666666, 'decision_latency_sd_ms': 1621.3041432747898, 'switch_after_loss_rate': 0.25, 'decision_latency_mean_ms': 1117.375}",{'planning_prioritization': 0.3660816108928442},"{'low_data': False, 'n_events': 26, 'n_actions': 8, 'rt_valid_n': 8, 'has_run_end': True}",2026-03-17T18:41:53.329856+00:00,2026-03-17T18:41:53.303+00:00
83031b83-f47c-4e4a-9985-3f7b13469d7c,b41075ea-eb02-4b9f-877f-9b2c243a6453,f95a6826-5019-47cb-bb49-878a0e2bef42,triage,v1,26,3,0,77,"{'accuracy': 0.625, 'score_total': 5, 'turns_total': 8, 'strategy_entropy': 0.9002560512685369, 'switch_after_win_rate': 0.4, 'decision_latency_sd_ms': 3860.8268336310703, 'switch_after_loss_rate': 1, 'decision_latency_mean_ms': 8697.875}",{'planning_prioritization': 0.5361103256254393},"{'low_data': False, 'n_events': 26, 'n_actions': 8, 'rt_valid_n': 8, 'has_run_end': True}",2026-03-17T20:59:35.332723+00:00,2026-03-17T20:59:35.306+00:00
5c06bd66-61b6-4fdd-b386-d5ea101b7bf2,202c54a1-9239-4e9d-bf16-54a9a5b9c879,f95a6826-5019-47cb-bb49-878a0e2bef42,gonogo,v1,62,32,0,82,"{'rt_trend': 0.6900064178967635, 'miss_rate': 0.5777777777777777, 'mean_rt_go': 238, 'final_score': 54, 'go_accuracy': 0.4222222222222222, 'data_quality': 'ok', 'fatigue_drop': 0.13, 'nogo_accuracy': 0.6, 'rt_variability': 91.40933577412466, 'false_alarm_rate': 0.4, 'post_error_slowing': 48.133333333333354, 'inhibition_index_01': 0.6, 'impulsivity_index_01': 0.4}",{'self_control_inhibition': 0.6},"{'n_go': 45, 'n_nogo': 15, 'low_data': False, 'n_events': 62, 'n_actions': 60, 'has_run_end': True, 'data_quality': 'ok', 'rt_valid_go_n': 19}",2026-03-17T21:01:50.320404+00:00,2026-03-17T21:01:50.25+00:00
2945f415-daef-4e4e-a1b2-df601b1cea90,caf93108-eca4-40ce-a60f-7511ea26b624,f95a6826-5019-47cb-bb49-878a0e2bef42,negotiation,v1,26,0,0,218,"{'oi_01': 0.7166666666666667, 'oi_sum': 2.5999999999999996, 'sdi_01': 0.7999999999999999, 'sri_01': 0.11666666666666665, 'sdi_sum': 4.8, 'sri_sum': 0.7, 'rt_sd_ms': 3515.476947252914, 'n_actions': 12, 'n_invalid': 0, 'n_missing': 0, 'mean_rt_ms': 20166.166666666668, 'final_score': 79, 'data_quality': 'ok', 'n_turns_expected': 6}","{'social_risk_01': 0.11666666666666665, 'strategic_depth_01': 0.7999999999999999, 'negotiation_skill_01': 0.7875, 'cooperative_orientation_01': 0.7166666666666667}","{'low_data': False, 'n_events': 26, 'n_actions': 12, 'n_expected': 6, 'rt_valid_n': 6, 'has_run_end': True, 'data_quality': 'ok', 'invalid_actions': 0, 'missing_actions': 0}",2026-03-17T21:05:41.469226+00:00,2026-03-17T21:05:41.445+00:00
86106b0f-4568-4a39-b6fc-0f9c1a102d76,47b56740-1ef8-4f31-8444-50b186848c4f,97a4a651-b33c-4978-871e-1e91aaf2bdf0,triage,v1,26,3,0,53,"{'accuracy': 0.625, 'score_total': 5, 'turns_total': 8, 'strategy_entropy': 0.9002560512685369, 'switch_after_win_rate': 0.75, 'decision_latency_sd_ms': 1787.920734700347, 'switch_after_loss_rate': 0.3333333333333333, 'decision_latency_mean_ms': 6207.625}",{'planning_prioritization': 0.5361103256254393},"{'low_data': False, 'n_events': 26, 'n_actions': 8, 'rt_valid_n': 8, 'has_run_end': True}",2026-03-17T21:11:35.691528+00:00,2026-03-17T21:11:35.663+00:00
bcbb7534-8953-44f7-ba55-fda77568321b,cacb7eaf-be7b-4857-bb65-2126f9f4588e,6e9e603a-4bc0-4990-bdc8-428c3af32760,triage,v1,26,4,0,109,"{'accuracy': 0.5, 'score_total': 4, 'turns_total': 8, 'strategy_entropy': 0.9002560512685369, 'switch_after_win_rate': 0.3333333333333333, 'decision_latency_sd_ms': 7242.530832322556, 'switch_after_loss_rate': 0.5, 'decision_latency_mean_ms': 13363.5}",{'planning_prioritization': 0.4361103256254393},"{'low_data': False, 'n_events': 26, 'n_actions': 8, 'rt_valid_n': 8, 'has_run_end': True}",2026-03-17T21:13:17.11247+00:00,2026-03-17T21:13:17.069+00:00
e582f98c-e9ae-42ed-83b8-b34c76824d61,7e9464f7-6777-40f3-9b6c-d0bbc04d3d08,97a4a651-b33c-4978-871e-1e91aaf2bdf0,gonogo,v1,62,45,0,86,"{'rt_trend': None, 'miss_rate': 1, 'mean_rt_go': None, 'final_score': 65, 'go_accuracy': 0, 'data_quality': 'warn', 'fatigue_drop': 0, 'nogo_accuracy': 1, 'rt_variability': None, 'false_alarm_rate': 0, 'post_error_slowing': None, 'inhibition_index_01': 1, 'impulsivity_index_01': 0}",{'self_control_inhibition': 1},"{'n_go': 45, 'n_nogo': 15, 'low_data': False, 'n_events': 62, 'n_actions': 60, 'has_run_end': True, 'data_quality': 'warn', 'rt_valid_go_n': 0}",2026-03-17T21:13:35.639702+00:00,2026-03-17T21:13:35.594+00:00
e78d4a2d-406d-4e6f-ab88-2f75f6b7c2b3,1b268378-07c3-4076-9763-71fe6469e710,6e9e603a-4bc0-4990-bdc8-428c3af32760,gonogo,v1,62,43,0,84,"{'rt_trend': None, 'miss_rate': 0.9555555555555556, 'mean_rt_go': 200, 'final_score': 62, 'go_accuracy': 0.044444444444444446, 'data_quality': 'warn', 'fatigue_drop': -0.08333333333333333, 'nogo_accuracy': 1, 'rt_variability': 108.89444430272832, 'false_alarm_rate': 0, 'post_error_slowing': None, 'inhibition_index_01': 1, 'impulsivity_index_01': 0}",{'self_control_inhibition': 1},"{'n_go': 45, 'n_nogo': 15, 'low_data': False, 'n_events': 62, 'n_actions': 60, 'has_run_end': True, 'data_quality': 'warn', 'rt_valid_go_n': 2}",2026-03-17T21:16:03.356959+00:00,2026-03-17T21:16:03.327+00:00
d26e29e7-7f37-43f3-b729-4fa4db244479,2d98df34-0644-42bc-a11b-3d31e03a9470,97a4a651-b33c-4978-871e-1e91aaf2bdf0,gonogo,v1,62,45,0,85,"{'rt_trend': None, 'miss_rate': 1, 'mean_rt_go': None, 'final_score': 65, 'go_accuracy': 0, 'data_quality': 'warn', 'fatigue_drop': 0, 'nogo_accuracy': 1, 'rt_variability': None, 'false_alarm_rate': 0, 'post_error_slowing': None, 'inhibition_index_01': 1, 'impulsivity_index_01': 0}",{'self_control_inhibition': 1},"{'n_go': 45, 'n_nogo': 15, 'low_data': False, 'n_events': 62, 'n_actions': 60, 'has_run_end': True, 'data_quality': 'warn', 'rt_valid_go_n': 0}",2026-03-17T21:16:18.544185+00:00,2026-03-17T21:16:18.515+00:00
1fbb9f9a-f7e9-4c54-8db9-ef213fda1487,b1a1111a-c5c1-40a3-a94c-39a3a133c448,6e9e603a-4bc0-4990-bdc8-428c3af32760,negotiation,v1,26,0,0,258,"{'oi_01': 0.6083333333333333, 'oi_sum': 1.3, 'sdi_01': 0.6, 'sri_01': 0.25, 'sdi_sum': 3.5999999999999996, 'sri_sum': 1.5, 'rt_sd_ms': 8089.573165501379, 'n_actions': 12, 'n_invalid': 0, 'n_missing': 0, 'mean_rt_ms': 25901, 'final_score': 63, 'data_quality': 'ok', 'n_turns_expected': 6}","{'social_risk_01': 0.25, 'strategic_depth_01': 0.6, 'negotiation_skill_01': 0.6329166666666667, 'cooperative_orientation_01': 0.6083333333333333}","{'low_data': False, 'n_events': 26, 'n_actions': 12, 'n_expected': 6, 'rt_valid_n': 6, 'has_run_end': True, 'data_quality': 'ok', 'invalid_actions': 0, 'missing_actions': 0}",2026-03-17T21:20:36.011623+00:00,2026-03-17T21:20:35.96+00:00
c4e52a07-3b22-4d4a-a42a-c7334bb57a99,2a915caa-4505-437b-8ffc-be0599e8eeb4,97a4a651-b33c-4978-871e-1e91aaf2bdf0,negotiation,v1,26,0,0,383,"{'oi_01': 0.725, 'oi_sum': 2.6999999999999997, 'sdi_01': 0.6833333333333332, 'sri_01': 0.15, 'sdi_sum': 4.1, 'sri_sum': 0.8999999999999999, 'rt_sd_ms': 12066.643191045305, 'n_actions': 12, 'n_invalid': 0, 'n_missing': 0, 'mean_rt_ms': 30262.5, 'final_score': 73, 'data_quality': 'ok', 'n_turns_expected': 6}","{'social_risk_01': 0.15, 'strategic_depth_01': 0.6833333333333332, 'negotiation_skill_01': 0.73125, 'cooperative_orientation_01': 0.725}","{'low_data': False, 'n_events': 26, 'n_actions': 12, 'n_expected': 6, 'rt_valid_n': 6, 'has_run_end': True, 'data_quality': 'ok', 'invalid_actions': 0, 'missing_actions': 0}",2026-03-17T21:22:55.078715+00:00,2026-03-17T21:22:55.034+00:00
ed5d848e-bb26-4afe-a291-736536840bcf,558244a6-fef8-431a-b686-c15b117e806b,8c617733-c96e-459a-939f-e2c29142e61c,triage,v1,26,4,0,97,"{'accuracy': 0.5, 'score_total': 4, 'turns_total': 8, 'strategy_entropy': 1.0821955300387671, 'switch_after_win_rate': 0.75, 'decision_latency_sd_ms': 6215.315806250603, 'switch_after_loss_rate': 1, 'decision_latency_mean_ms': 11573.5}",{'planning_prioritization': 0.40298863553569847},"{'low_data': False, 'n_events': 26, 'n_actions': 8, 'rt_valid_n': 8, 'has_run_end': True}",2026-03-18T05:38:08.086104+00:00,2026-03-18T05:38:08.065+00:00
e7780273-364c-45e8-b9b8-c2126b7b6140,7166680b-6c2f-45a9-9fda-3086f80ac131,f408cc35-6cb1-4269-b37f-3d793a1b2249,triage,v1,26,2,0,24,"{'accuracy': 0.75, 'score_total': 6, 'turns_total': 8, 'strategy_entropy': 0.9743147528693494, 'switch_after_win_rate': 0.4, 'decision_latency_sd_ms': 1481.7277559852696, 'switch_after_loss_rate': 0, 'decision_latency_mean_ms': 3868.5}",{'planning_prioritization': 0.6226280985714171},"{'low_data': False, 'n_events': 26, 'n_actions': 8, 'rt_valid_n': 8, 'has_run_end': True}",2026-03-18T07:54:33.847976+00:00,2026-03-18T07:54:33.826+00:00
6c9d3e29-65d4-4972-b216-31d204ae0951,3dd3b0b5-b47f-4a73-b79e-840e9d1714fc,f408cc35-6cb1-4269-b37f-3d793a1b2249,gonogo,v1,62,41,0,69,"{'rt_trend': -5.183925811437405, 'miss_rate': 0.8888888888888888, 'mean_rt_go': 44.4, 'final_score': 63, 'go_accuracy': 0.1111111111111111, 'data_quality': 'warn', 'fatigue_drop': -0.21739130434782608, 'nogo_accuracy': 0.9333333333333333, 'rt_variability': 44.15087768097029, 'false_alarm_rate': 0.06666666666666667, 'post_error_slowing': -47, 'inhibition_index_01': 0.9333333333333333, 'impulsivity_index_01': 0.06666666666666667}",{'self_control_inhibition': 0.9333333333333333},"{'n_go': 45, 'n_nogo': 15, 'low_data': False, 'n_events': 62, 'n_actions': 60, 'has_run_end': True, 'data_quality': 'warn', 'rt_valid_go_n': 5}",2026-03-18T07:56:09.899571+00:00,2026-03-18T07:56:09.871+00:00
0a4911de-23e7-4270-a68f-87ad552ea764,50457e0e-0b4e-4c7e-9c10-c69091124c93,f408cc35-6cb1-4269-b37f-3d793a1b2249,negotiation,v1,26,0,0,126,"{'oi_01': 0.5833333333333334, 'oi_sum': 1, 'sdi_01': 0.6333333333333333, 'sri_01': 0.3, 'sdi_sum': 3.8, 'sri_sum': 1.8, 'rt_sd_ms': 3924.6671578619253, 'n_actions': 12, 'n_invalid': 0, 'n_missing': 0, 'mean_rt_ms': 13161.5, 'final_score': 63, 'data_quality': 'ok', 'n_turns_expected': 6}","{'social_risk_01': 0.3, 'strategic_depth_01': 0.6333333333333333, 'negotiation_skill_01': 0.6291666666666667, 'cooperative_orientation_01': 0.5833333333333334}","{'low_data': False, 'n_events': 26, 'n_actions': 12, 'n_expected': 6, 'rt_valid_n': 6, 'has_run_end': True, 'data_quality': 'ok', 'invalid_actions': 0, 'missing_actions': 0}",2026-03-18T07:58:39.284818+00:00,2026-03-18T07:58:39.254+00:00
dd9edd1a-f190-4377-936a-f7a58f8e3c56,9079bcfc-93d8-484f-9b4d-4b66bf5eff0a,1d0ee5c3-89d2-4ff2-950a-92dc63809e1e,gonogo,v1,62,30,0,81,"{'rt_trend': -0.11402656300615484, 'miss_rate': 0.6444444444444445, 'mean_rt_go': 285.25, 'final_score': 73, 'go_accuracy': 0.35555555555555557, 'data_quality': 'ok', 'fatigue_drop': -0.10000000000000003, 'nogo_accuracy': 0.9333333333333333, 'rt_variability': 15.36012152729702, 'false_alarm_rate': 0.06666666666666667, 'post_error_slowing': -12, 'inhibition_index_01': 0.9333333333333333, 'impulsivity_index_01': 0.06666666666666667}",{'self_control_inhibition': 0.9333333333333333},"{'n_go': 45, 'n_nogo': 15, 'low_data': False, 'n_events': 62, 'n_actions': 60, 'has_run_end': True, 'data_quality': 'ok', 'rt_valid_go_n': 16}",2026-03-18T08:02:03.74692+00:00,2026-03-18T08:02:03.711+00:00
d62194b7-d2d2-4f12-b295-4ea148c787b0,2cd27027-91f2-46aa-a5d7-b622b7f03b5d,1d0ee5c3-89d2-4ff2-950a-92dc63809e1e,negotiation,v1,26,0,0,181,"{'oi_01': 0.7166666666666667, 'oi_sum': 2.5999999999999996, 'sdi_01': 0.7999999999999999, 'sri_01': 0.11666666666666665, 'sdi_sum': 4.8, 'sri_sum': 0.7, 'rt_sd_ms': 10280.847585032407, 'n_actions': 12, 'n_invalid': 0, 'n_missing': 0, 'mean_rt_ms': 19495.333333333332, 'final_score': 79, 'data_quality': 'ok', 'n_turns_expected': 6}","{'social_risk_01': 0.11666666666666665, 'strategic_depth_01': 0.7999999999999999, 'negotiation_skill_01': 0.7875, 'cooperative_orientation_01': 0.7166666666666667}","{'low_data': False, 'n_events': 26, 'n_actions': 12, 'n_expected': 6, 'rt_valid_n': 6, 'has_run_end': True, 'data_quality': 'ok', 'invalid_actions': 0, 'missing_actions': 0}",2026-03-18T08:05:16.452147+00:00,2026-03-18T08:05:16.389+00:00
c107c203-3734-4d11-b1bb-cec9f65fe13f,bcb1d8c5-9c5d-48af-9fbf-f6a648eff853,feb5467d-a7f9-4765-ad88-81cfb571fefb,triage,v1,26,5,0,66,"{'accuracy': 0.375, 'score_total': 3, 'turns_total': 8, 'strategy_entropy': 1.0397207708399179, 'switch_after_win_rate': 1, 'decision_latency_sd_ms': 4824.981123205117, 'switch_after_loss_rate': 0.6, 'decision_latency_mean_ms': 7412.375}",{'planning_prioritization': 0.3107210739285628},"{'low_data': False, 'n_events': 26, 'n_actions': 8, 'rt_valid_n': 8, 'has_run_end': True}",2026-03-18T09:49:49.44508+00:00,2026-03-18T09:49:49.404+00:00
d0ba0068-cc13-41fb-85ee-3d6fe3590fb7,ccb2e9b1-d974-49f7-b934-9aff6de14de5,feb5467d-a7f9-4765-ad88-81cfb571fefb,gonogo,v1,62,39,0,83,"{'rt_trend': 0.7160425481434617, 'miss_rate': 0.7777777777777778, 'mean_rt_go': 275.2, 'final_score': 57, 'go_accuracy': 0.2222222222222222, 'data_quality': 'ok', 'fatigue_drop': 0.009881422924901184, 'nogo_accuracy': 0.7333333333333333, 'rt_variability': 23.794490492081938, 'false_alarm_rate': 0.26666666666666666, 'post_error_slowing': -0.3333333333333144, 'inhibition_index_01': 0.7333333333333333, 'impulsivity_index_01': 0.26666666666666666}",{'self_control_inhibition': 0.7333333333333333},"{'n_go': 45, 'n_nogo': 15, 'low_data': False, 'n_events': 62, 'n_actions': 60, 'has_run_end': True, 'data_quality': 'ok', 'rt_valid_go_n': 10}",2026-03-18T09:51:27.33958+00:00,2026-03-18T09:51:27.316+00:00
ebb863b2-81fd-41fe-bce9-897c5d653822,03f8fe67-5a08-4e1f-8d39-13cfd6e8e376,feb5467d-a7f9-4765-ad88-81cfb571fefb,negotiation,v1,26,0,0,324,"{'oi_01': 0.6999999999999998, 'oi_sum': 2.3999999999999995, 'sdi_01': 0.7000000000000001, 'sri_01': 0.16666666666666666, 'sdi_sum': 4.2, 'sri_sum': 1, 'rt_sd_ms': 8780.06432778257, 'n_actions': 12, 'n_invalid': 0, 'n_missing': 0, 'mean_rt_ms': 17902, 'final_score': 73, 'data_quality': 'ok', 'n_turns_expected': 6}","{'social_risk_01': 0.16666666666666666, 'strategic_depth_01': 0.7000000000000001, 'negotiation_skill_01': 0.7266666666666668, 'cooperative_orientation_01': 0.6999999999999998}","{'low_data': False, 'n_events': 26, 'n_actions': 12, 'n_expected': 6, 'rt_valid_n': 6, 'has_run_end': True, 'data_quality': 'ok', 'invalid_actions': 0, 'missing_actions': 0}",2026-03-18T09:57:05.095351+00:00,2026-03-18T09:57:05.062+00:00
f25e2e49-e439-4091-8815-28b16ed42c27,16bd226f-4e9e-4193-9abc-102251659ed7,be7c2712-f10e-4980-9ae9-532696764a99,triage,v1,26,1,0,59,"{'accuracy': 0.875, 'score_total': 7, 'turns_total': 8, 'strategy_entropy': 0.9743147528693494, 'switch_after_win_rate': 0.6666666666666666, 'decision_latency_sd_ms': 2513.8688417599333, 'switch_after_loss_rate': 1, 'decision_latency_mean_ms': 6639.625}",{'planning_prioritization': 0.7226280985714171},"{'low_data': False, 'n_events': 26, 'n_actions': 8, 'rt_valid_n': 8, 'has_run_end': True}",2026-03-18T15:58:29.893766+00:00,2026-03-18T15:58:29.86+00:00
0352c724-c87d-4db1-afa6-ba87620ea150,3fa58279-64e4-4685-8ac9-0339711f6ca8,be7c2712-f10e-4980-9ae9-532696764a99,gonogo,v1,62,27,0,84,"{'rt_trend': -1.3854493623860862, 'miss_rate': 0.4666666666666667, 'mean_rt_go': 220.875, 'final_score': 59, 'go_accuracy': 0.5333333333333333, 'data_quality': 'ok', 'fatigue_drop': -0.02371541501976282, 'nogo_accuracy': 0.6, 'rt_variability': 75.97729208811984, 'false_alarm_rate': 0.4, 'post_error_slowing': 21.209790209790214, 'inhibition_index_01': 0.6, 'impulsivity_index_01': 0.4}",{'self_control_inhibition': 0.6},"{'n_go': 45, 'n_nogo': 15, 'low_data': False, 'n_events': 62, 'n_actions': 60, 'has_run_end': True, 'data_quality': 'ok', 'rt_valid_go_n': 24}",2026-03-18T16:00:14.97492+00:00,2026-03-18T16:00:14.912+00:00
1332db47-bd72-4693-92a2-b37d263d11bf,e848de63-685c-4754-b134-214c68ac4fdc,be7c2712-f10e-4980-9ae9-532696764a99,gonogo,v1,62,43,0,82,"{'rt_trend': 16.2012987012987, 'miss_rate': 0.8888888888888888, 'mean_rt_go': 161, 'final_score': 55, 'go_accuracy': 0.1111111111111111, 'data_quality': 'warn', 'fatigue_drop': 0.22727272727272727, 'nogo_accuracy': 0.8, 'rt_variability': 76.52123888176406, 'false_alarm_rate': 0.2, 'post_error_slowing': -18.333333333333343, 'inhibition_index_01': 0.8, 'impulsivity_index_01': 0.2}",{'self_control_inhibition': 0.8},"{'n_go': 45, 'n_nogo': 15, 'low_data': False, 'n_events': 62, 'n_actions': 60, 'has_run_end': True, 'data_quality': 'warn', 'rt_valid_go_n': 5}",2026-03-18T16:01:52.857055+00:00,2026-03-18T16:01:52.828+00:00
13ef22fe-7538-429b-aadc-193bdd5f26c9,150f3b98-58af-4af3-aa61-4d74f0515d96,be7c2712-f10e-4980-9ae9-532696764a99,gonogo,v1,62,39,0,79,"{'rt_trend': 1.3621848739495799, 'miss_rate': 0.8222222222222222, 'mean_rt_go': 255.375, 'final_score': 62, 'go_accuracy': 0.17777777777777778, 'data_quality': 'warn', 'fatigue_drop': 0.16996047430830039, 'nogo_accuracy': 0.8666666666666667, 'rt_variability': 46.204321071889865, 'false_alarm_rate': 0.13333333333333333, 'post_error_slowing': 37.833333333333314, 'inhibition_index_01': 0.8666666666666667, 'impulsivity_index_01': 0.13333333333333333}",{'self_control_inhibition': 0.8666666666666667},"{'n_go': 45, 'n_nogo': 15, 'low_data': False, 'n_events': 62, 'n_actions': 60, 'has_run_end': True, 'data_quality': 'warn', 'rt_valid_go_n': 8}",2026-03-18T16:03:29.887892+00:00,2026-03-18T16:03:29.856+00:00
a38040fd-0d8f-4712-b38a-66aaa850128d,1e8920be-4dce-42ca-9479-251c509c3d81,be7c2712-f10e-4980-9ae9-532696764a99,negotiation,v1,26,0,0,179,"{'oi_01': 0.7166666666666667, 'oi_sum': 2.5999999999999996, 'sdi_01': 0.7999999999999999, 'sri_01': 0.11666666666666665, 'sdi_sum': 4.8, 'sri_sum': 0.7, 'rt_sd_ms': 15483.418478057958, 'n_actions': 12, 'n_invalid': 0, 'n_missing': 0, 'mean_rt_ms': 16800.166666666668, 'final_score': 79, 'data_quality': 'ok', 'n_turns_expected': 6}","{'social_risk_01': 0.11666666666666665, 'strategic_depth_01': 0.7999999999999999, 'negotiation_skill_01': 0.7875, 'cooperative_orientation_01': 0.7166666666666667}","{'low_data': False, 'n_events': 26, 'n_actions': 12, 'n_expected': 6, 'rt_valid_n': 6, 'has_run_end': True, 'data_quality': 'ok', 'invalid_actions': 0, 'missing_actions': 0}",2026-03-18T16:06:36.981555+00:00,2026-03-18T16:06:36.952+00:00
cdee6f2a-a3ec-4d99-bcff-de7ad20caeda,974a54e1-1402-4b40-a260-9c30a272866d,2cb65b7b-4d54-4ae4-958d-ab087ecbc9ac,triage,v1,26,3,0,73,"{'accuracy': 0.625, 'score_total': 5, 'turns_total': 8, 'strategy_entropy': 1.0821955300387673, 'switch_after_win_rate': 0.75, 'decision_latency_sd_ms': 6233.63658480574, 'switch_after_loss_rate': 0.3333333333333333, 'decision_latency_mean_ms': 8706.25}",{'planning_prioritization': 0.5029886355356984},"{'low_data': False, 'n_events': 26, 'n_actions': 8, 'rt_valid_n': 8, 'has_run_end': True}",2026-03-18T16:15:20.557542+00:00,2026-03-18T16:15:20.531+00:00
1da8b018-b772-4586-98ce-0426242189ac,5a95b42e-fd88-46a4-b4c9-17bbadf599b8,2cb65b7b-4d54-4ae4-958d-ab087ecbc9ac,gonogo,v1,62,45,0,78,"{'rt_trend': None, 'miss_rate': 0.9555555555555556, 'mean_rt_go': 291.5, 'final_score': 59, 'go_accuracy': 0.044444444444444446, 'data_quality': 'warn', 'fatigue_drop': -0.09523809523809523, 'nogo_accuracy': 0.8666666666666667, 'rt_variability': 13.435028842544403, 'false_alarm_rate': 0.13333333333333333, 'post_error_slowing': None, 'inhibition_index_01': 0.8666666666666667, 'impulsivity_index_01': 0.13333333333333333}",{'self_control_inhibition': 0.8666666666666667},"{'n_go': 45, 'n_nogo': 15, 'low_data': False, 'n_events': 62, 'n_actions': 60, 'has_run_end': True, 'data_quality': 'warn', 'rt_valid_go_n': 2}",2026-03-18T16:17:13.973469+00:00,2026-03-18T16:17:13.926+00:00
6547e2e2-91ba-4d5b-a732-0a876e4cbaef,697841d7-0ef2-4279-a096-4b45a2d088ec,2cb65b7b-4d54-4ae4-958d-ab087ecbc9ac,negotiation,v1,26,0,0,170,"{'oi_01': 0.7000000000000001, 'oi_sum': 2.4, 'sdi_01': 0.5833333333333334, 'sri_01': 0.13333333333333333, 'sdi_sum': 3.5, 'sri_sum': 0.7999999999999999, 'rt_sd_ms': 2927.559216594374, 'n_actions': 12, 'n_invalid': 0, 'n_missing': 0, 'mean_rt_ms': 15490.833333333334, 'final_score': 68, 'data_quality': 'ok', 'n_turns_expected': 6}","{'social_risk_01': 0.13333333333333333, 'strategic_depth_01': 0.5833333333333334, 'negotiation_skill_01': 0.6808333333333334, 'cooperative_orientation_01': 0.7000000000000001}","{'low_data': False, 'n_events': 26, 'n_actions': 12, 'n_expected': 6, 'rt_valid_n': 6, 'has_run_end': True, 'data_quality': 'ok', 'invalid_actions': 0, 'missing_actions': 0}",2026-03-18T16:20:29.608278+00:00,2026-03-18T16:20:29.582+00:00
c3ecfa6c-21e4-4767-8840-8d565ecce69d,a89b6468-b68b-42c6-9b29-5b1e3f8054ac,8ac09617-93d9-4ca7-b876-099d441e29a9,triage,v1,26,3,0,72,"{'accuracy': 0.625, 'score_total': 5, 'turns_total': 8, 'strategy_entropy': 1.0821955300387671, 'switch_after_win_rate': 0.4, 'decision_latency_sd_ms': 5285.740087050927, 'switch_after_loss_rate': 1, 'decision_latency_mean_ms': 8777.625}",{'planning_prioritization': 0.5029886355356984},"{'low_data': False, 'n_events': 26, 'n_actions': 8, 'rt_valid_n': 8, 'has_run_end': True}",2026-03-18T16:53:23.633812+00:00,2026-03-18T16:53:23.606+00:00
cf5e65fb-a5c0-4309-a421-eb499279e492,93e6926a-797d-4c2f-94be-5df508e740bd,edc2c1be-eae8-4a69-819f-5e900a04d41b,triage,v1,26,4,0,88,"{'accuracy': 0.5, 'score_total': 4, 'turns_total': 8, 'strategy_entropy': 1.0821955300387673, 'switch_after_win_rate': 0.75, 'decision_latency_sd_ms': 4486.128523014026, 'switch_after_loss_rate': 1, 'decision_latency_mean_ms': 10645.625}",{'planning_prioritization': 0.4029886355356984},"{'low_data': False, 'n_events': 26, 'n_actions': 8, 'rt_valid_n': 8, 'has_run_end': True}",2026-03-18T17:04:17.686528+00:00,2026-03-18T17:04:17.658+00:00
ad0a51d9-626f-41b2-8693-1ad10e4604b7,95397298-5332-40cc-b34b-b697e19dfeed,edc2c1be-eae8-4a69-819f-5e900a04d41b,gonogo,v1,62,27,0,74,"{'rt_trend': 0.48063236127731923, 'miss_rate': 0.3333333333333333, 'mean_rt_go': 203.43333333333334, 'final_score': 42, 'go_accuracy': 0.6666666666666666, 'data_quality': 'ok', 'fatigue_drop': 0, 'nogo_accuracy': 0.2, 'rt_variability': 70.76024762306984, 'false_alarm_rate': 0.8, 'post_error_slowing': 76.74660633484163, 'inhibition_index_01': 0.2, 'impulsivity_index_01': 0.8}",{'self_control_inhibition': 0.2},"{'n_go': 45, 'n_nogo': 15, 'low_data': False, 'n_events': 62, 'n_actions': 60, 'has_run_end': True, 'data_quality': 'ok', 'rt_valid_go_n': 30}",2026-03-18T17:05:59.161078+00:00,2026-03-18T17:05:59.13+00:00
b94b5583-8664-4785-b99a-5b9d257537db,87e3a73f-fac4-48c0-99a0-7e68c3468288,554a0a5f-7421-4b16-8d30-f0e025f15b57,triage,v1,26,4,0,77,"{'accuracy': 0.5, 'score_total': 4, 'turns_total': 8, 'strategy_entropy': 0.6615632381579821, 'switch_after_win_rate': 0.75, 'decision_latency_sd_ms': 4483.425404436083, 'switch_after_loss_rate': 0.3333333333333333, 'decision_latency_mean_ms': 8962.25}",{'planning_prioritization': 0.4795638379468664},"{'low_data': False, 'n_events': 26, 'n_actions': 8, 'rt_valid_n': 8, 'has_run_end': True}",2026-03-18T17:08:54.976045+00:00,2026-03-18T17:08:54.952+00:00
dd0c881d-9cf1-477c-a227-e5a50979c37d,6b61ea19-0e90-4785-b6d2-30eeb50345bc,554a0a5f-7421-4b16-8d30-f0e025f15b57,gonogo,v1,62,41,0,85,"{'rt_trend': None, 'miss_rate': 0.9111111111111111, 'mean_rt_go': 286.5, 'final_score': 67, 'go_accuracy': 0.08888888888888889, 'data_quality': 'warn', 'fatigue_drop': 0.06999999999999999, 'nogo_accuracy': 1, 'rt_variability': 29.77135088190211, 'false_alarm_rate': 0, 'post_error_slowing': None, 'inhibition_index_01': 1, 'impulsivity_index_01': 0}",{'self_control_inhibition': 1},"{'n_go': 45, 'n_nogo': 15, 'low_data': False, 'n_events': 62, 'n_actions': 60, 'has_run_end': True, 'data_quality': 'warn', 'rt_valid_go_n': 4}",2026-03-18T17:10:38.525773+00:00,2026-03-18T17:10:38.5+00:00
09a7fe08-1161-4286-8ba1-06061b091d94,697a0c2d-db4b-4a24-bff1-cf7fde6457de,edc2c1be-eae8-4a69-819f-5e900a04d41b,negotiation,v1,26,0,0,316,"{'oi_01': 0.625, 'oi_sum': 1.5000000000000002, 'sdi_01': 0.7166666666666667, 'sri_01': 0.23333333333333336, 'sdi_sum': 4.3, 'sri_sum': 1.4000000000000001, 'rt_sd_ms': 10540.02745252592, 'n_actions': 12, 'n_invalid': 0, 'n_missing': 0, 'mean_rt_ms': 27568.5, 'final_score': 69, 'data_quality': 'ok', 'n_turns_expected': 6}","{'social_risk_01': 0.23333333333333336, 'strategic_depth_01': 0.7166666666666667, 'negotiation_skill_01': 0.6945833333333333, 'cooperative_orientation_01': 0.625}","{'low_data': False, 'n_events': 26, 'n_actions': 12, 'n_expected': 6, 'rt_valid_n': 6, 'has_run_end': True, 'data_quality': 'ok', 'invalid_actions': 0, 'missing_actions': 0}",2026-03-18T17:11:28.210692+00:00,2026-03-18T17:11:28.154+00:00
8d492e38-fc04-4fe2-9ab7-833d75de6398,7b541cb0-52aa-494c-86ec-6980bd10570e,b3ef7b61-cfbd-4896-a2da-6a1bb9f69042,triage,v1,26,4,0,71,"{'accuracy': 0.5, 'score_total': 4, 'turns_total': 8, 'strategy_entropy': 0.6615632381579821, 'switch_after_win_rate': 0.75, 'decision_latency_sd_ms': 3485.046576856204, 'switch_after_loss_rate': 0.6666666666666666, 'decision_latency_mean_ms': 8499.75}",{'planning_prioritization': 0.4795638379468664},"{'low_data': False, 'n_events': 26, 'n_actions': 8, 'rt_valid_n': 8, 'has_run_end': True}",2026-03-19T12:20:08.654331+00:00,2026-03-19T12:20:08.622+00:00
e4fdc91e-03b7-4596-9233-5085b7c18769,50137f36-6344-491d-b2f3-de3af75d45c9,554a0a5f-7421-4b16-8d30-f0e025f15b57,negotiation,v1,26,0,0,202,"{'oi_01': 0.7166666666666667, 'oi_sum': 2.5999999999999996, 'sdi_01': 0.7999999999999999, 'sri_01': 0.11666666666666665, 'sdi_sum': 4.8, 'sri_sum': 0.7, 'rt_sd_ms': 10103.338708895524, 'n_actions': 12, 'n_invalid': 0, 'n_missing': 0, 'mean_rt_ms': 17903.666666666668, 'final_score': 79, 'data_quality': 'ok', 'n_turns_expected': 6}","{'social_risk_01': 0.11666666666666665, 'strategic_depth_01': 0.7999999999999999, 'negotiation_skill_01': 0.7875, 'cooperative_orientation_01': 0.7166666666666667}","{'low_data': False, 'n_events': 26, 'n_actions': 12, 'n_expected': 6, 'rt_valid_n': 6, 'has_run_end': True, 'data_quality': 'ok', 'invalid_actions': 0, 'missing_actions': 0}",2026-03-18T17:14:10.550524+00:00,2026-03-18T17:14:10.527+00:00
bfacf7ef-420b-47f7-bd72-5fe14179c26a,ab20d683-e78a-4c83-809f-885668b1e533,0fe75d11-0622-4dd6-9c48-37b80f4d874d,triage,v1,26,4,0,87,"{'accuracy': 0.5, 'score_total': 4, 'turns_total': 8, 'strategy_entropy': 0.6931471805599453, 'switch_after_win_rate': 1, 'decision_latency_sd_ms': 6131.302867836725, 'switch_after_loss_rate': 0.3333333333333333, 'decision_latency_mean_ms': 10229.5}",{'planning_prioritization': 0.4738140492857085},"{'low_data': False, 'n_events': 26, 'n_actions': 8, 'rt_valid_n': 8, 'has_run_end': True}",2026-03-18T17:28:02.945792+00:00,2026-03-18T17:28:02.915+00:00
7adcfa1f-602b-44d6-9da2-0617f81e8606,d9e2aab2-4091-4191-ab62-3bf14a5bc282,0fe75d11-0622-4dd6-9c48-37b80f4d874d,gonogo,v1,62,41,0,83,"{'rt_trend': -0.07664233576642336, 'miss_rate': 0.8666666666666667, 'mean_rt_go': 283.5, 'final_score': 62, 'go_accuracy': 0.13333333333333333, 'data_quality': 'warn', 'fatigue_drop': 0.10714285714285714, 'nogo_accuracy': 0.8666666666666667, 'rt_variability': 10.483320084782301, 'false_alarm_rate': 0.13333333333333333, 'post_error_slowing': -11.399999999999977, 'inhibition_index_01': 0.8666666666666667, 'impulsivity_index_01': 0.13333333333333333}",{'self_control_inhibition': 0.8666666666666667},"{'n_go': 45, 'n_nogo': 15, 'low_data': False, 'n_events': 62, 'n_actions': 60, 'has_run_end': True, 'data_quality': 'warn', 'rt_valid_go_n': 6}",2026-03-18T17:29:57.565293+00:00,2026-03-18T17:29:57.514+00:00
c64837f0-0392-4259-8ac4-0b807aa2adec,5e87f1e1-437f-4a3c-be53-8d0106f060c3,0fe75d11-0622-4dd6-9c48-37b80f4d874d,negotiation,v1,26,0,0,356,"{'oi_01': 0.6916666666666668, 'oi_sum': 2.3, 'sdi_01': 0.7000000000000001, 'sri_01': 0.09999999999999999, 'sdi_sum': 4.2, 'sri_sum': 0.6, 'rt_sd_ms': 7042.32994588202, 'n_actions': 12, 'n_invalid': 0, 'n_missing': 0, 'mean_rt_ms': 29972.666666666668, 'final_score': 74, 'data_quality': 'ok', 'n_turns_expected': 6}","{'social_risk_01': 0.09999999999999999, 'strategic_depth_01': 0.7000000000000001, 'negotiation_skill_01': 0.7370833333333334, 'cooperative_orientation_01': 0.6916666666666668}","{'low_data': False, 'n_events': 26, 'n_actions': 12, 'n_expected': 6, 'rt_valid_n': 6, 'has_run_end': True, 'data_quality': 'ok', 'invalid_actions': 0, 'missing_actions': 0}",2026-03-18T17:36:11.325125+00:00,2026-03-18T17:36:11.292+00:00
ca26ed6d-f822-490d-988e-c402f7675406,23ef927a-c067-4062-af46-a6bf08084ee2,e8414017-3c9f-4564-823c-78810999fed8,triage,v1,26,4,0,78,"{'accuracy': 0.5, 'score_total': 4, 'turns_total': 8, 'strategy_entropy': 0.9002560512685369, 'switch_after_win_rate': 0.25, 'decision_latency_sd_ms': 6821.997445239711, 'switch_after_loss_rate': 0.6666666666666666, 'decision_latency_mean_ms': 7925}",{'planning_prioritization': 0.4361103256254393},"{'low_data': False, 'n_events': 26, 'n_actions': 8, 'rt_valid_n': 8, 'has_run_end': True}",2026-03-18T19:00:11.35347+00:00,2026-03-18T19:00:11.325+00:00
a2e71fa1-b21a-4679-9c57-40315bf2a68f,830c1151-aaa8-4ecc-a1ae-e233e17a04eb,7627ff2a-6316-4a3c-9cfe-df70ff5abb64,triage,v1,26,4,0,39,"{'accuracy': 0.5, 'score_total': 4, 'turns_total': 8, 'strategy_entropy': 0.9743147528693494, 'switch_after_win_rate': 0.6666666666666666, 'decision_latency_sd_ms': 2139.1862563334016, 'switch_after_loss_rate': 0.75, 'decision_latency_mean_ms': 4576.125}",{'planning_prioritization': 0.42262809857141703},"{'low_data': False, 'n_events': 26, 'n_actions': 8, 'rt_valid_n': 8, 'has_run_end': True}",2026-03-18T19:01:34.791017+00:00,2026-03-18T19:01:34.764+00:00
43ececcc-4302-43c4-aa96-ce05d90eb956,e6938a1b-1cef-478a-af74-4a7e10cf68ce,e8414017-3c9f-4564-823c-78810999fed8,gonogo,v1,62,46,0,97,"{'rt_trend': None, 'miss_rate': 1, 'mean_rt_go': None, 'final_score': 61, 'go_accuracy': 0, 'data_quality': 'warn', 'fatigue_drop': 0, 'nogo_accuracy': 0.9333333333333333, 'rt_variability': None, 'false_alarm_rate': 0.06666666666666667, 'post_error_slowing': None, 'inhibition_index_01': 0.9333333333333333, 'impulsivity_index_01': 0.06666666666666667}",{'self_control_inhibition': 0.9333333333333333},"{'n_go': 45, 'n_nogo': 15, 'low_data': False, 'n_events': 62, 'n_actions': 60, 'has_run_end': True, 'data_quality': 'warn', 'rt_valid_go_n': 0}",2026-03-18T19:01:58.601628+00:00,2026-03-18T19:01:58.57+00:00
69e0d97d-ebaf-46bb-98e8-90fbe86a01a4,5a330f9b-5617-4939-8069-000daa38582a,7627ff2a-6316-4a3c-9cfe-df70ff5abb64,gonogo,v1,62,43,0,78,"{'rt_trend': 1.6196769456681352, 'miss_rate': 0.8, 'mean_rt_go': 239.22222222222223, 'final_score': 43, 'go_accuracy': 0.2, 'data_quality': 'ok', 'fatigue_drop': -0.07142857142857142, 'nogo_accuracy': 0.5333333333333333, 'rt_variability': 92.01328406509815, 'false_alarm_rate': 0.4666666666666667, 'post_error_slowing': -62.66666666666666, 'inhibition_index_01': 0.5333333333333333, 'impulsivity_index_01': 0.4666666666666667}",{'self_control_inhibition': 0.5333333333333333},"{'n_go': 45, 'n_nogo': 15, 'low_data': False, 'n_events': 62, 'n_actions': 60, 'has_run_end': True, 'data_quality': 'ok', 'rt_valid_go_n': 9}",2026-03-18T19:03:14.746724+00:00,2026-03-18T19:03:14.72+00:00
b84d1aa6-1b09-42f1-9cee-ba77ce04c4e2,e5be9bfc-ee3a-4456-88f1-2af549774823,7627ff2a-6316-4a3c-9cfe-df70ff5abb64,negotiation,v1,26,0,0,130,"{'oi_01': 0.5916666666666667, 'oi_sum': 1.1, 'sdi_01': 0.5333333333333333, 'sri_01': 0.35000000000000003, 'sdi_sum': 3.2, 'sri_sum': 2.1, 'rt_sd_ms': 2365.020401603335, 'n_actions': 12, 'n_invalid': 0, 'n_missing': 0, 'mean_rt_ms': 11669.5, 'final_score': 58, 'data_quality': 'ok', 'n_turns_expected': 6}","{'social_risk_01': 0.35000000000000003, 'strategic_depth_01': 0.5333333333333333, 'negotiation_skill_01': 0.5770833333333333, 'cooperative_orientation_01': 0.5916666666666667}","{'low_data': False, 'n_events': 26, 'n_actions': 12, 'n_expected': 6, 'rt_valid_n': 6, 'has_run_end': True, 'data_quality': 'ok', 'invalid_actions': 0, 'missing_actions': 0}",2026-03-18T19:05:32.37984+00:00,2026-03-18T19:05:32.352+00:00
10e95711-0746-488e-92ab-33ed87a1260a,ef6f348e-5cb1-4a49-a5ab-b067be290005,6a791992-591c-48c4-9a19-afb064635e66,triage,v1,26,3,0,61,"{'accuracy': 0.625, 'score_total': 5, 'turns_total': 8, 'strategy_entropy': 0.9002560512685369, 'switch_after_win_rate': 0.75, 'decision_latency_sd_ms': 4605.250947094445, 'switch_after_loss_rate': 0.6666666666666666, 'decision_latency_mean_ms': 7398.5}",{'planning_prioritization': 0.5361103256254393},"{'low_data': False, 'n_events': 26, 'n_actions': 8, 'rt_valid_n': 8, 'has_run_end': True}",2026-03-18T19:07:22.692923+00:00,2026-03-18T19:07:22.669+00:00
b4fc694e-d94d-4c42-9a59-22cc8ba001f3,2c58af40-d403-42d9-b64a-ef7b042a9829,ecd16b29-4553-4d30-ad5c-e249d1843454,triage,v1,26,2,0,72,"{'accuracy': 0.75, 'score_total': 6, 'turns_total': 8, 'strategy_entropy': 1.0821955300387673, 'switch_after_win_rate': 0.8, 'decision_latency_sd_ms': 2570.6950109427053, 'switch_after_loss_rate': 1, 'decision_latency_mean_ms': 8518.625}",{'planning_prioritization': 0.6029886355356985},"{'low_data': False, 'n_events': 26, 'n_actions': 8, 'rt_valid_n': 8, 'has_run_end': True}",2026-03-22T22:00:12.992735+00:00,2026-03-22T22:00:12.963+00:00
02c8d83a-0d60-4024-8777-f5d7133e0b69,72b1c44e-705f-4df5-b55b-9a771f7b6ec8,e8414017-3c9f-4564-823c-78810999fed8,negotiation,v1,26,0,0,17,"{'oi_01': 0.6333333333333333, 'oi_sum': 1.6, 'sdi_01': 0.6166666666666667, 'sri_01': 0.25, 'sdi_sum': 3.7, 'sri_sum': 1.5, 'rt_sd_ms': 888.5555506926207, 'n_actions': 12, 'n_invalid': 0, 'n_missing': 0, 'mean_rt_ms': 1101.8333333333333, 'final_score': 65, 'data_quality': 'ok', 'n_turns_expected': 6}","{'social_risk_01': 0.25, 'strategic_depth_01': 0.6166666666666667, 'negotiation_skill_01': 0.6491666666666667, 'cooperative_orientation_01': 0.6333333333333333}","{'low_data': False, 'n_events': 26, 'n_actions': 12, 'n_expected': 6, 'rt_valid_n': 6, 'has_run_end': True, 'data_quality': 'ok', 'invalid_actions': 0, 'missing_actions': 0}",2026-03-18T19:07:54.289629+00:00,2026-03-18T19:07:54.257+00:00
16c37ac6-3e38-4d65-a3df-7cea98de4be0,5e0a8a52-b2fd-48eb-9c5a-3a039d0fe252,6a791992-591c-48c4-9a19-afb064635e66,gonogo,v1,62,41,0,80,"{'rt_trend': None, 'miss_rate': 0.9111111111111111, 'mean_rt_go': 133.5, 'final_score': 64, 'go_accuracy': 0.08888888888888889, 'data_quality': 'warn', 'fatigue_drop': 0.011904761904761904, 'nogo_accuracy': 1, 'rt_variability': 110.9429282709508, 'false_alarm_rate': 0, 'post_error_slowing': 130, 'inhibition_index_01': 1, 'impulsivity_index_01': 0}",{'self_control_inhibition': 1},"{'n_go': 45, 'n_nogo': 15, 'low_data': False, 'n_events': 62, 'n_actions': 60, 'has_run_end': True, 'data_quality': 'warn', 'rt_valid_go_n': 4}",2026-03-18T19:09:06.029227+00:00,2026-03-18T19:09:05.966+00:00
82fa7c01-da0d-4c23-a976-4466ab627b34,ebcb7475-8ef6-4b2a-acaa-44cd7e7f1ef9,6a791992-591c-48c4-9a19-afb064635e66,negotiation,v1,26,0,0,191,"{'oi_01': 0.725, 'oi_sum': 2.6999999999999997, 'sdi_01': 0.7000000000000001, 'sri_01': 0.16666666666666666, 'sdi_sum': 4.2, 'sri_sum': 1, 'rt_sd_ms': 11910.888379965618, 'n_actions': 12, 'n_invalid': 0, 'n_missing': 0, 'mean_rt_ms': 19206, 'final_score': 74, 'data_quality': 'ok', 'n_turns_expected': 6}","{'social_risk_01': 0.16666666666666666, 'strategic_depth_01': 0.7000000000000001, 'negotiation_skill_01': 0.7354166666666668, 'cooperative_orientation_01': 0.725}","{'low_data': False, 'n_events': 26, 'n_actions': 12, 'n_expected': 6, 'rt_valid_n': 6, 'has_run_end': True, 'data_quality': 'ok', 'invalid_actions': 0, 'missing_actions': 0}",2026-03-18T19:12:25.335675+00:00,2026-03-18T19:12:25.29+00:00
b2826ebb-f91c-43e8-861a-ac6d71c961a1,bc24e3de-a94f-46f4-ac7a-6f8796f56efc,9b25c176-c0cd-4438-891a-7a1c34e5e907,triage,v1,26,4,0,48,"{'accuracy': 0.5, 'score_total': 4, 'turns_total': 8, 'strategy_entropy': 0.9002560512685369, 'switch_after_win_rate': 1, 'decision_latency_sd_ms': 2398.302818810478, 'switch_after_loss_rate': 0.5, 'decision_latency_mean_ms': 5166.875}",{'planning_prioritization': 0.4361103256254393},"{'low_data': False, 'n_events': 26, 'n_actions': 8, 'rt_valid_n': 8, 'has_run_end': True}",2026-03-18T19:27:15.905166+00:00,2026-03-18T19:27:15.878+00:00
7844d345-79e1-42e8-91f2-e657797e72fb,786e746f-f2fd-4813-b824-5a173123e1b8,2a3ba54c-4ce3-436d-a1da-b7037a388de3,triage,v1,26,3,0,66,"{'accuracy': 0.625, 'score_total': 5, 'turns_total': 8, 'strategy_entropy': 0.9743147528693494, 'switch_after_win_rate': 0.75, 'decision_latency_sd_ms': 10842.873768220832, 'switch_after_loss_rate': 1, 'decision_latency_mean_ms': 7749.125}",{'planning_prioritization': 0.522628098571417},"{'low_data': False, 'n_events': 26, 'n_actions': 8, 'rt_valid_n': 8, 'has_run_end': True}",2026-03-18T20:42:16.128031+00:00,2026-03-18T20:42:16.091+00:00
ab468264-a16a-4893-9d48-30d5e9f67e23,1272a322-8f39-4f3b-b874-ed879c82afae,2a3ba54c-4ce3-436d-a1da-b7037a388de3,gonogo,v1,62,38,0,80,"{'rt_trend': 2.257822685788787, 'miss_rate': 0.7555555555555555, 'mean_rt_go': 258.54545454545456, 'final_score': 56, 'go_accuracy': 0.24444444444444444, 'data_quality': 'ok', 'fatigue_drop': 0.1442687747035573, 'nogo_accuracy': 0.7333333333333333, 'rt_variability': 61.10214993985668, 'false_alarm_rate': 0.26666666666666666, 'post_error_slowing': -20.333333333333314, 'inhibition_index_01': 0.7333333333333333, 'impulsivity_index_01': 0.26666666666666666}",{'self_control_inhibition': 0.7333333333333333},"{'n_go': 45, 'n_nogo': 15, 'low_data': False, 'n_events': 62, 'n_actions': 60, 'has_run_end': True, 'data_quality': 'ok', 'rt_valid_go_n': 11}",2026-03-18T20:43:55.697092+00:00,2026-03-18T20:43:55.672+00:00
54bff59e-e305-4c9a-90e6-3e62619a134e,26c207b3-313e-46c4-ad93-4e605395ce6b,2a3ba54c-4ce3-436d-a1da-b7037a388de3,negotiation,v1,26,0,0,153,"{'oi_01': 0.725, 'oi_sum': 2.6999999999999997, 'sdi_01': 0.7000000000000001, 'sri_01': 0.16666666666666666, 'sdi_sum': 4.2, 'sri_sum': 1, 'rt_sd_ms': 4020.7544275504647, 'n_actions': 12, 'n_invalid': 0, 'n_missing': 0, 'mean_rt_ms': 15187.166666666666, 'final_score': 74, 'data_quality': 'ok', 'n_turns_expected': 6}","{'social_risk_01': 0.16666666666666666, 'strategic_depth_01': 0.7000000000000001, 'negotiation_skill_01': 0.7354166666666668, 'cooperative_orientation_01': 0.725}","{'low_data': False, 'n_events': 26, 'n_actions': 12, 'n_expected': 6, 'rt_valid_n': 6, 'has_run_end': True, 'data_quality': 'ok', 'invalid_actions': 0, 'missing_actions': 0}",2026-03-18T20:46:40.961089+00:00,2026-03-18T20:46:40.918+00:00
c36671c3-efea-4b15-9b88-966b4851c030,dc51f6ae-3887-4a42-8a3e-9dd864b4c75a,abeada9f-8162-4ad7-9d00-a0f472306cf1,triage,v1,26,3,0,45,"{'accuracy': 0.625, 'score_total': 5, 'turns_total': 8, 'strategy_entropy': 1.0397207708399179, 'switch_after_win_rate': 0.8, 'decision_latency_sd_ms': 2978.8141906038477, 'switch_after_loss_rate': 0.5, 'decision_latency_mean_ms': 5161.625}",{'planning_prioritization': 0.5107210739285628},"{'low_data': False, 'n_events': 26, 'n_actions': 8, 'rt_valid_n': 8, 'has_run_end': True}",2026-03-18T21:08:03.293272+00:00,2026-03-18T21:08:03.26+00:00
416d0224-fa79-453d-aa6f-6144950aa7db,db486ede-7d43-45ed-8014-97540f708804,abeada9f-8162-4ad7-9d00-a0f472306cf1,gonogo,v1,62,44,0,83,"{'rt_trend': None, 'miss_rate': 0.9777777777777777, 'mean_rt_go': 193, 'final_score': 66, 'go_accuracy': 0.022222222222222223, 'data_quality': 'warn', 'fatigue_drop': 0.043478260869565216, 'nogo_accuracy': 1, 'rt_variability': None, 'false_alarm_rate': 0, 'post_error_slowing': None, 'inhibition_index_01': 1, 'impulsivity_index_01': 0}",{'self_control_inhibition': 1},"{'n_go': 45, 'n_nogo': 15, 'low_data': False, 'n_events': 62, 'n_actions': 60, 'has_run_end': True, 'data_quality': 'warn', 'rt_valid_go_n': 1}",2026-03-18T21:10:36.561453+00:00,2026-03-18T21:10:36.534+00:00
4c189d37-8037-4225-9672-4f0b7311f4a3,711b248d-30eb-4a6e-9582-c67dde61c55e,abeada9f-8162-4ad7-9d00-a0f472306cf1,negotiation,v1,26,0,0,124,"{'oi_01': 0.7166666666666667, 'oi_sum': 2.5999999999999996, 'sdi_01': 0.7999999999999999, 'sri_01': 0.11666666666666665, 'sdi_sum': 4.8, 'sri_sum': 0.7, 'rt_sd_ms': 2483.5283569953453, 'n_actions': 12, 'n_invalid': 0, 'n_missing': 0, 'mean_rt_ms': 11139.5, 'final_score': 79, 'data_quality': 'ok', 'n_turns_expected': 6}","{'social_risk_01': 0.11666666666666665, 'strategic_depth_01': 0.7999999999999999, 'negotiation_skill_01': 0.7875, 'cooperative_orientation_01': 0.7166666666666667}","{'low_data': False, 'n_events': 26, 'n_actions': 12, 'n_expected': 6, 'rt_valid_n': 6, 'has_run_end': True, 'data_quality': 'ok', 'invalid_actions': 0, 'missing_actions': 0}",2026-03-18T21:12:48.232032+00:00,2026-03-18T21:12:48.198+00:00
af206c4b-b11b-4fce-98f0-006a9134ea6d,b1cee24b-e8c4-4af3-b97e-f72dca275410,9b25c176-c0cd-4438-891a-7a1c34e5e907,gonogo,v1,62,39,0,77,"{'rt_trend': 1.1890468189455523, 'miss_rate': 0.7777777777777778, 'mean_rt_go': 226.2, 'final_score': 56, 'go_accuracy': 0.2222222222222222, 'data_quality': 'ok', 'fatigue_drop': 0.07905138339920947, 'nogo_accuracy': 0.7333333333333333, 'rt_variability': 59.78814449556218, 'false_alarm_rate': 0.26666666666666666, 'post_error_slowing': 85.25, 'inhibition_index_01': 0.7333333333333333, 'impulsivity_index_01': 0.26666666666666666}",{'self_control_inhibition': 0.7333333333333333},"{'n_go': 45, 'n_nogo': 15, 'low_data': False, 'n_events': 62, 'n_actions': 60, 'has_run_end': True, 'data_quality': 'ok', 'rt_valid_go_n': 10}",2026-03-18T21:39:54.83391+00:00,2026-03-18T21:39:54.802+00:00
c654c7dd-5858-4a78-899d-aa791c47f8ed,648de840-1164-4176-9670-7164ab47235a,9b25c176-c0cd-4438-891a-7a1c34e5e907,negotiation,v1,26,0,0,197,"{'oi_01': 0.6083333333333333, 'oi_sum': 1.3, 'sdi_01': 0.6166666666666667, 'sri_01': 0.2833333333333333, 'sdi_sum': 3.7, 'sri_sum': 1.7, 'rt_sd_ms': 5832.997951311144, 'n_actions': 12, 'n_invalid': 0, 'n_missing': 0, 'mean_rt_ms': 18320.5, 'final_score': 63, 'data_quality': 'ok', 'n_turns_expected': 6}","{'social_risk_01': 0.2833333333333333, 'strategic_depth_01': 0.6166666666666667, 'negotiation_skill_01': 0.63375, 'cooperative_orientation_01': 0.6083333333333333}","{'low_data': False, 'n_events': 26, 'n_actions': 12, 'n_expected': 6, 'rt_valid_n': 6, 'has_run_end': True, 'data_quality': 'ok', 'invalid_actions': 0, 'missing_actions': 0}",2026-03-18T21:43:20.939473+00:00,2026-03-18T21:43:20.904+00:00
46dc7b22-c739-4c3f-a33f-f4381732b523,bc3b1d1b-e6f1-40d8-ae38-41724f5394cf,44c0253d-d855-41b3-85a8-bc48fa506c2c,triage,v1,26,4,0,62,"{'accuracy': 0.5, 'score_total': 4, 'turns_total': 8, 'strategy_entropy': 1.0821955300387671, 'switch_after_win_rate': 0.6666666666666666, 'decision_latency_sd_ms': 5167.327162082927, 'switch_after_loss_rate': 1, 'decision_latency_mean_ms': 7316}",{'planning_prioritization': 0.40298863553569847},"{'low_data': False, 'n_events': 26, 'n_actions': 8, 'rt_valid_n': 8, 'has_run_end': True}",2026-03-18T23:00:31.966326+00:00,2026-03-18T23:00:31.908+00:00
b900f6e6-2ed9-486f-9dd2-89a435857e36,bf147a05-181e-4363-a9f3-7ad4eb2d2d8a,44c0253d-d855-41b3-85a8-bc48fa506c2c,gonogo,v1,62,42,0,82,"{'rt_trend': -1.1080610325367517, 'miss_rate': 0.8, 'mean_rt_go': 244.88888888888889, 'final_score': 48, 'go_accuracy': 0.2, 'data_quality': 'ok', 'fatigue_drop': 0.0533596837944664, 'nogo_accuracy': 0.6, 'rt_variability': 61.2952780490562, 'false_alarm_rate': 0.4, 'post_error_slowing': -13.625, 'inhibition_index_01': 0.6, 'impulsivity_index_01': 0.4}",{'self_control_inhibition': 0.6},"{'n_go': 45, 'n_nogo': 15, 'low_data': False, 'n_events': 62, 'n_actions': 60, 'has_run_end': True, 'data_quality': 'ok', 'rt_valid_go_n': 9}",2026-03-18T23:02:30.554607+00:00,2026-03-18T23:02:30.53+00:00
952144bf-b784-45ca-9843-15e2777dbb57,11922403-f5a0-4704-8c60-11b32666b82a,44c0253d-d855-41b3-85a8-bc48fa506c2c,negotiation,v1,26,0,0,186,"{'oi_01': 0.6999999999999998, 'oi_sum': 2.3999999999999995, 'sdi_01': 0.6833333333333335, 'sri_01': 0.13333333333333333, 'sdi_sum': 4.1000000000000005, 'sri_sum': 0.8, 'rt_sd_ms': 10344.853979958667, 'n_actions': 12, 'n_invalid': 0, 'n_missing': 0, 'mean_rt_ms': 16529.333333333332, 'final_score': 73, 'data_quality': 'ok', 'n_turns_expected': 6}","{'social_risk_01': 0.13333333333333333, 'strategic_depth_01': 0.6833333333333335, 'negotiation_skill_01': 0.7258333333333333, 'cooperative_orientation_01': 0.6999999999999998}","{'low_data': False, 'n_events': 26, 'n_actions': 12, 'n_expected': 6, 'rt_valid_n': 6, 'has_run_end': True, 'data_quality': 'ok', 'invalid_actions': 0, 'missing_actions': 0}",2026-03-18T23:06:07.401911+00:00,2026-03-18T23:06:07.373+00:00
c938be94-bd86-4325-994d-0b44d1bee3ce,b9e130d3-1904-4eb0-9d19-9c0c7381257f,e04d7ca6-0f1f-4536-b43c-2ede46228c1b,triage,v1,26,2,0,66,"{'accuracy': 0.75, 'score_total': 6, 'turns_total': 8, 'strategy_entropy': 0.9002560512685369, 'switch_after_win_rate': 0.5, 'decision_latency_sd_ms': 4709.442520844995, 'switch_after_loss_rate': 1, 'decision_latency_mean_ms': 8049}",{'planning_prioritization': 0.6361103256254393},"{'low_data': False, 'n_events': 26, 'n_actions': 8, 'rt_valid_n': 8, 'has_run_end': True}",2026-03-19T11:40:14.204303+00:00,2026-03-19T11:40:14.168+00:00
80cc8842-6104-495c-a01d-939a699a8692,1c98aff0-9c13-4624-815a-c92f05c174c0,e04d7ca6-0f1f-4536-b43c-2ede46228c1b,gonogo,v1,62,36,0,76,"{'rt_trend': 0.09037900874635568, 'miss_rate': 0.6444444444444445, 'mean_rt_go': 256.3125, 'final_score': 50, 'go_accuracy': 0.35555555555555557, 'data_quality': 'ok', 'fatigue_drop': -0.041666666666666685, 'nogo_accuracy': 0.5333333333333333, 'rt_variability': 48.30144062723871, 'false_alarm_rate': 0.4666666666666667, 'post_error_slowing': 17.625, 'inhibition_index_01': 0.5333333333333333, 'impulsivity_index_01': 0.4666666666666667}",{'self_control_inhibition': 0.5333333333333333},"{'n_go': 45, 'n_nogo': 15, 'low_data': False, 'n_events': 62, 'n_actions': 60, 'has_run_end': True, 'data_quality': 'ok', 'rt_valid_go_n': 16}",2026-03-19T11:41:38.496045+00:00,2026-03-19T11:41:38.473+00:00
3c4f6071-3752-4687-afce-0e206fb70388,9fecf544-7e63-45d8-a62f-1cb73120388e,e04d7ca6-0f1f-4536-b43c-2ede46228c1b,negotiation,v1,26,0,0,150,"{'oi_01': 0.5666666666666667, 'oi_sum': 0.8, 'sdi_01': 0.6333333333333333, 'sri_01': 0.3333333333333333, 'sdi_sum': 3.8, 'sri_sum': 2, 'rt_sd_ms': 10860.49812853904, 'n_actions': 12, 'n_invalid': 0, 'n_missing': 0, 'mean_rt_ms': 16826, 'final_score': 62, 'data_quality': 'ok', 'n_turns_expected': 6}","{'social_risk_01': 0.3333333333333333, 'strategic_depth_01': 0.6333333333333333, 'negotiation_skill_01': 0.6166666666666667, 'cooperative_orientation_01': 0.5666666666666667}","{'low_data': False, 'n_events': 26, 'n_actions': 12, 'n_expected': 6, 'rt_valid_n': 6, 'has_run_end': True, 'data_quality': 'ok', 'invalid_actions': 0, 'missing_actions': 0}",2026-03-19T11:44:14.690888+00:00,2026-03-19T11:44:14.656+00:00
e6ac0c7a-8a66-4bee-b542-393e287462a8,9007f4ce-f5d6-4fe4-abc7-c97e2ae1d00f,8ac09617-93d9-4ca7-b876-099d441e29a9,gonogo,v1,62,34,0,82,"{'rt_trend': -0.0497006070830971, 'miss_rate': 0.6888888888888889, 'mean_rt_go': 283.14285714285717, 'final_score': 64, 'go_accuracy': 0.3111111111111111, 'data_quality': 'ok', 'fatigue_drop': 0.22619047619047622, 'nogo_accuracy': 0.8, 'rt_variability': 14.570027943889272, 'false_alarm_rate': 0.2, 'post_error_slowing': 11.100000000000023, 'inhibition_index_01': 0.8, 'impulsivity_index_01': 0.2}",{'self_control_inhibition': 0.8},"{'n_go': 45, 'n_nogo': 15, 'low_data': False, 'n_events': 62, 'n_actions': 60, 'has_run_end': True, 'data_quality': 'ok', 'rt_valid_go_n': 14}",2026-03-19T12:09:52.042196+00:00,2026-03-19T12:09:51.994+00:00
eeae400e-409b-4531-97ab-4bc088e1626b,631d60e2-19b3-4455-ae2e-cd8c1a7930d5,8ac09617-93d9-4ca7-b876-099d441e29a9,negotiation,v1,26,0,0,310,"{'oi_01': 0.625, 'oi_sum': 1.5000000000000002, 'sdi_01': 0.7166666666666667, 'sri_01': 0.23333333333333336, 'sdi_sum': 4.3, 'sri_sum': 1.4000000000000001, 'rt_sd_ms': 25361.302282545876, 'n_actions': 12, 'n_invalid': 0, 'n_missing': 0, 'mean_rt_ms': 30819.666666666668, 'final_score': 69, 'data_quality': 'ok', 'n_turns_expected': 6}","{'social_risk_01': 0.23333333333333336, 'strategic_depth_01': 0.7166666666666667, 'negotiation_skill_01': 0.6945833333333333, 'cooperative_orientation_01': 0.625}","{'low_data': False, 'n_events': 26, 'n_actions': 12, 'n_expected': 6, 'rt_valid_n': 6, 'has_run_end': True, 'data_quality': 'ok', 'invalid_actions': 0, 'missing_actions': 0}",2026-03-19T12:15:12.508618+00:00,2026-03-19T12:15:12.474+00:00
8d1c9e02-be76-4e80-a101-2195a41e9a51,b9e34dc4-9ace-4f6b-87b7-338136b5cf82,b3ef7b61-cfbd-4896-a2da-6a1bb9f69042,gonogo,v1,62,34,0,78,"{'rt_trend': 0.360065250704411, 'miss_rate': 0.6888888888888889, 'mean_rt_go': 252.85714285714286, 'final_score': 63, 'go_accuracy': 0.3111111111111111, 'data_quality': 'ok', 'fatigue_drop': -0.2, 'nogo_accuracy': 0.8, 'rt_variability': 49.653967449907604, 'false_alarm_rate': 0.2, 'post_error_slowing': 40.85714285714286, 'inhibition_index_01': 0.8, 'impulsivity_index_01': 0.2}",{'self_control_inhibition': 0.8},"{'n_go': 45, 'n_nogo': 15, 'low_data': False, 'n_events': 62, 'n_actions': 60, 'has_run_end': True, 'data_quality': 'ok', 'rt_valid_go_n': 14}",2026-03-19T12:21:43.931502+00:00,2026-03-19T12:21:43.909+00:00
3c7a2855-3ecb-4142-96eb-d5583ab42a9d,0f9a5f92-f98a-46ff-a545-da1430546e02,b3ef7b61-cfbd-4896-a2da-6a1bb9f69042,negotiation,v1,26,0,0,196,"{'oi_01': 0.7166666666666667, 'oi_sum': 2.5999999999999996, 'sdi_01': 0.7999999999999999, 'sri_01': 0.11666666666666665, 'sdi_sum': 4.8, 'sri_sum': 0.7, 'rt_sd_ms': 1995.8387376405606, 'n_actions': 12, 'n_invalid': 0, 'n_missing': 0, 'mean_rt_ms': 17061.666666666668, 'final_score': 79, 'data_quality': 'ok', 'n_turns_expected': 6}","{'social_risk_01': 0.11666666666666665, 'strategic_depth_01': 0.7999999999999999, 'negotiation_skill_01': 0.7875, 'cooperative_orientation_01': 0.7166666666666667}","{'low_data': False, 'n_events': 26, 'n_actions': 12, 'n_expected': 6, 'rt_valid_n': 6, 'has_run_end': True, 'data_quality': 'ok', 'invalid_actions': 0, 'missing_actions': 0}",2026-03-19T12:25:11.347081+00:00,2026-03-19T12:25:11.283+00:00
b75a48e5-65c6-4c96-a963-7835e65af8c9,6d9b1fe3-0892-45a4-94ab-7da3e9c8fbb8,ac4823d4-88e3-4edf-b3b3-41052ce3da5f,triage,v1,26,5,0,55,"{'accuracy': 0.375, 'score_total': 3, 'turns_total': 8, 'strategy_entropy': 0.9002560512685369, 'switch_after_win_rate': 0.5, 'decision_latency_sd_ms': 6300.320263968446, 'switch_after_loss_rate': 0.6, 'decision_latency_mean_ms': 6283.5}",{'planning_prioritization': 0.3361103256254393},"{'low_data': False, 'n_events': 26, 'n_actions': 8, 'rt_valid_n': 8, 'has_run_end': True}",2026-03-19T12:53:06.945104+00:00,2026-03-19T12:53:06.902+00:00
61f8e74d-864b-4235-b877-3db35bdd7dee,944f837f-a53e-4b05-b4d0-49d61459bab8,ac4823d4-88e3-4edf-b3b3-41052ce3da5f,gonogo,v1,62,42,0,86,"{'rt_trend': 0.4927536231884058, 'miss_rate': 0.8888888888888888, 'mean_rt_go': 292, 'final_score': 61, 'go_accuracy': 0.1111111111111111, 'data_quality': 'warn', 'fatigue_drop': 0.19230769230769232, 'nogo_accuracy': 0.8666666666666667, 'rt_variability': 6.041522986797286, 'false_alarm_rate': 0.13333333333333333, 'post_error_slowing': None, 'inhibition_index_01': 0.8666666666666667, 'impulsivity_index_01': 0.13333333333333333}",{'self_control_inhibition': 0.8666666666666667},"{'n_go': 45, 'n_nogo': 15, 'low_data': False, 'n_events': 62, 'n_actions': 60, 'has_run_end': True, 'data_quality': 'warn', 'rt_valid_go_n': 5}",2026-03-19T12:55:19.554741+00:00,2026-03-19T12:55:19.498+00:00
ed72a03e-35cf-402a-8a65-67e3abadb069,1b8dd0bb-5e8f-4016-a36c-72680a6ab686,ac4823d4-88e3-4edf-b3b3-41052ce3da5f,negotiation,v1,26,0,0,118,"{'oi_01': 0.7083333333333334, 'oi_sum': 2.5, 'sdi_01': 0.5833333333333334, 'sri_01': 0.18333333333333335, 'sdi_sum': 3.5, 'sri_sum': 1.1, 'rt_sd_ms': 6918.843506444315, 'n_actions': 12, 'n_invalid': 0, 'n_missing': 0, 'mean_rt_ms': 13956.666666666666, 'final_score': 67, 'data_quality': 'ok', 'n_turns_expected': 6}","{'social_risk_01': 0.18333333333333335, 'strategic_depth_01': 0.5833333333333334, 'negotiation_skill_01': 0.6737500000000001, 'cooperative_orientation_01': 0.7083333333333334}","{'low_data': False, 'n_events': 26, 'n_actions': 12, 'n_expected': 6, 'rt_valid_n': 6, 'has_run_end': True, 'data_quality': 'ok', 'invalid_actions': 0, 'missing_actions': 0}",2026-03-19T12:57:49.45361+00:00,2026-03-19T12:57:49.427+00:00
f0290ac5-72fb-47b1-b2a1-5eedad1e0d7e,a4b92a11-a05b-4d8b-8918-be66e0de21b6,8c35a76c-2545-4794-82e1-958d44734e08,triage,v1,26,7,0,9,"{'accuracy': 0.125, 'score_total': 1, 'turns_total': 8, 'strategy_entropy': 0.9743147528693494, 'switch_after_win_rate': 1, 'decision_latency_sd_ms': 938.0477828219322, 'switch_after_loss_rate': 0.6666666666666666, 'decision_latency_mean_ms': 813.75}",{'planning_prioritization': 0.12262809857141702},"{'low_data': False, 'n_events': 26, 'n_actions': 8, 'rt_valid_n': 8, 'has_run_end': True}",2026-03-19T15:41:16.494364+00:00,2026-03-19T15:41:16.464+00:00
3a57f03f-a499-45f8-bfe4-8ba2bc560407,b1a86952-0ce0-4f08-80f1-30d3259209c7,8c35a76c-2545-4794-82e1-958d44734e08,triage,v1,26,5,0,5,"{'accuracy': 0.375, 'score_total': 3, 'turns_total': 8, 'strategy_entropy': 0, 'switch_after_win_rate': 0, 'decision_latency_sd_ms': 199.69078775518344, 'switch_after_loss_rate': 0, 'decision_latency_mean_ms': 274.875}",{'planning_prioritization': 0.5},"{'low_data': False, 'n_events': 26, 'n_actions': 8, 'rt_valid_n': 8, 'has_run_end': True}",2026-03-19T15:42:46.320457+00:00,2026-03-19T15:42:46.285+00:00
621ea52f-8d5c-49df-8a07-064419b5b1b0,2e31a368-5361-49db-9eab-a77818297cb1,8c35a76c-2545-4794-82e1-958d44734e08,gonogo,v1,62,32,0,75,"{'rt_trend': -3.371737588789899, 'miss_rate': 0.4222222222222222, 'mean_rt_go': 166.26923076923077, 'final_score': 34, 'go_accuracy': 0.5777777777777777, 'data_quality': 'ok', 'fatigue_drop': -0.19047619047619047, 'nogo_accuracy': 0.13333333333333333, 'rt_variability': 94.20384607533079, 'false_alarm_rate': 0.8666666666666667, 'post_error_slowing': 64.16339869281046, 'inhibition_index_01': 0.13333333333333333, 'impulsivity_index_01': 0.8666666666666667}",{'self_control_inhibition': 0.13333333333333333},"{'n_go': 45, 'n_nogo': 15, 'low_data': False, 'n_events': 62, 'n_actions': 60, 'has_run_end': True, 'data_quality': 'ok', 'rt_valid_go_n': 26}",2026-03-19T15:46:07.211811+00:00,2026-03-19T15:46:07.176+00:00
00fdad17-cf7a-4044-97c1-646fdba68547,2fac5194-4965-47a5-84dd-aeda22bdabdd,8c35a76c-2545-4794-82e1-958d44734e08,negotiation,v1,26,0,0,5,"{'oi_01': 0.35833333333333334, 'oi_sum': -1.7000000000000002, 'sdi_01': 0.24999999999999997, 'sri_01': 0.5000000000000001, 'sdi_sum': 1.4999999999999998, 'sri_sum': 3.0000000000000004, 'rt_sd_ms': 368.7754962937026, 'n_actions': 12, 'n_invalid': 0, 'n_missing': 0, 'mean_rt_ms': 323.1666666666667, 'final_score': 34, 'data_quality': 'ok', 'n_turns_expected': 6}","{'social_risk_01': 0.5000000000000001, 'strategic_depth_01': 0.24999999999999997, 'negotiation_skill_01': 0.33791666666666664, 'cooperative_orientation_01': 0.35833333333333334}","{'low_data': False, 'n_events': 26, 'n_actions': 12, 'n_expected': 6, 'rt_valid_n': 6, 'has_run_end': True, 'data_quality': 'ok', 'invalid_actions': 0, 'missing_actions': 0}",2026-03-19T15:46:20.265335+00:00,2026-03-19T15:46:20.24+00:00
628bfd01-67b9-4a07-a242-12bbd8a1b2fe,231f72f6-2ab0-4e30-a6ec-6527118eb355,9af6710d-b654-4e51-9452-9a38aa50521a,triage,v1,26,5,0,77,"{'accuracy': 0.375, 'score_total': 3, 'turns_total': 8, 'strategy_entropy': 0.9743147528693494, 'switch_after_win_rate': 0.5, 'decision_latency_sd_ms': 6166.604864394299, 'switch_after_loss_rate': 0.6, 'decision_latency_mean_ms': 9187.125}",{'planning_prioritization': 0.32262809857141705},"{'low_data': False, 'n_events': 26, 'n_actions': 8, 'rt_valid_n': 8, 'has_run_end': True}",2026-03-19T19:10:13.188709+00:00,2026-03-19T19:10:13.145+00:00
6115a538-122e-44e6-bc47-fd92923c0eb9,bd0c2dcc-505d-4cf3-bff4-087e614d753f,9af6710d-b654-4e51-9452-9a38aa50521a,gonogo,v1,62,34,0,79,"{'rt_trend': -1.4444294577825736, 'miss_rate': 0.6888888888888889, 'mean_rt_go': 271.92857142857144, 'final_score': 63, 'go_accuracy': 0.3111111111111111, 'data_quality': 'ok', 'fatigue_drop': -0.31547619047619047, 'nogo_accuracy': 0.8, 'rt_variability': 58.49584375204564, 'false_alarm_rate': 0.2, 'post_error_slowing': 17.94999999999999, 'inhibition_index_01': 0.8, 'impulsivity_index_01': 0.2}",{'self_control_inhibition': 0.8},"{'n_go': 45, 'n_nogo': 15, 'low_data': False, 'n_events': 62, 'n_actions': 60, 'has_run_end': True, 'data_quality': 'ok', 'rt_valid_go_n': 14}",2026-03-19T19:11:42.69658+00:00,2026-03-19T19:11:42.667+00:00
a60aa2a9-c64d-47ff-adc2-4d9c5dbed9a4,f3705d87-634b-4c56-979e-1465e8400b44,9af6710d-b654-4e51-9452-9a38aa50521a,negotiation,v1,26,0,0,15,"{'oi_01': 0.7166666666666667, 'oi_sum': 2.5999999999999996, 'sdi_01': 0.7999999999999999, 'sri_01': 0.11666666666666665, 'sdi_sum': 4.8, 'sri_sum': 0.7, 'rt_sd_ms': 2415.0676733099353, 'n_actions': 12, 'n_invalid': 0, 'n_missing': 0, 'mean_rt_ms': 1450.6666666666667, 'final_score': 79, 'data_quality': 'ok', 'n_turns_expected': 6}","{'social_risk_01': 0.11666666666666665, 'strategic_depth_01': 0.7999999999999999, 'negotiation_skill_01': 0.7875, 'cooperative_orientation_01': 0.7166666666666667}","{'low_data': False, 'n_events': 26, 'n_actions': 12, 'n_expected': 6, 'rt_valid_n': 6, 'has_run_end': True, 'data_quality': 'ok', 'invalid_actions': 0, 'missing_actions': 0}",2026-03-19T19:12:11.859782+00:00,2026-03-19T19:12:11.825+00:00
d98b972e-b661-4caf-a0f4-1265b2871241,654c5906-9e0e-4b37-bf9a-e7c79669904b,e49113fa-06f0-4262-9249-d6da2dc5a5c8,triage,v1,26,3,0,46,"{'accuracy': 0.625, 'score_total': 5, 'turns_total': 8, 'strategy_entropy': 0.9002560512685369, 'switch_after_win_rate': 0.4, 'decision_latency_sd_ms': 2526.858622875447, 'switch_after_loss_rate': 0, 'decision_latency_mean_ms': 5253.25}",{'planning_prioritization': 0.5361103256254393},"{'low_data': False, 'n_events': 26, 'n_actions': 8, 'rt_valid_n': 8, 'has_run_end': True}",2026-03-19T20:55:38.935241+00:00,2026-03-19T20:55:38.902+00:00
4ec221d9-4a03-4e74-b05d-79f9ccf11e4c,72247563-cbdb-452e-b7e5-d36c7507bafd,e49113fa-06f0-4262-9249-d6da2dc5a5c8,gonogo,v1,62,44,0,84,"{'rt_trend': None, 'miss_rate': 0.9777777777777777, 'mean_rt_go': 68, 'final_score': 66, 'go_accuracy': 0.022222222222222223, 'data_quality': 'warn', 'fatigue_drop': -0.041666666666666664, 'nogo_accuracy': 1, 'rt_variability': None, 'false_alarm_rate': 0, 'post_error_slowing': None, 'inhibition_index_01': 1, 'impulsivity_index_01': 0}",{'self_control_inhibition': 1},"{'n_go': 45, 'n_nogo': 15, 'low_data': False, 'n_events': 62, 'n_actions': 60, 'has_run_end': True, 'data_quality': 'warn', 'rt_valid_go_n': 1}",2026-03-19T20:57:12.288006+00:00,2026-03-19T20:57:12.264+00:00
60870f2f-446d-4aac-a687-ed04100d6030,71040c8d-fbb9-40ba-a2b2-f3d405ea201f,e49113fa-06f0-4262-9249-d6da2dc5a5c8,negotiation,v1,26,0,0,197,"{'oi_01': 0.7083333333333334, 'oi_sum': 2.5, 'sdi_01': 0.7000000000000001, 'sri_01': 0.15, 'sdi_sum': 4.2, 'sri_sum': 0.8999999999999999, 'rt_sd_ms': 4105.809769907352, 'n_actions': 12, 'n_invalid': 0, 'n_missing': 0, 'mean_rt_ms': 18312.666666666668, 'final_score': 73, 'data_quality': 'ok', 'n_turns_expected': 6}","{'social_risk_01': 0.15, 'strategic_depth_01': 0.7000000000000001, 'negotiation_skill_01': 0.7329166666666668, 'cooperative_orientation_01': 0.7083333333333334}","{'low_data': False, 'n_events': 26, 'n_actions': 12, 'n_expected': 6, 'rt_valid_n': 6, 'has_run_end': True, 'data_quality': 'ok', 'invalid_actions': 0, 'missing_actions': 0}",2026-03-19T21:00:37.896948+00:00,2026-03-19T21:00:37.856+00:00
88560634-22b2-48ef-8535-9000e50a794f,28237606-f1b2-4f92-955a-1ba7701284ff,6a87712e-0cdb-4d4f-a686-fb5f5e347f03,triage,v1,26,4,0,56,"{'accuracy': 0.5, 'score_total': 4, 'turns_total': 8, 'strategy_entropy': 0.9002560512685369, 'switch_after_win_rate': 0.5, 'decision_latency_sd_ms': 2349.9325674215784, 'switch_after_loss_rate': 0.3333333333333333, 'decision_latency_mean_ms': 6159.25}",{'planning_prioritization': 0.4361103256254393},"{'low_data': False, 'n_events': 26, 'n_actions': 8, 'rt_valid_n': 8, 'has_run_end': True}",2026-03-20T10:29:24.043996+00:00,2026-03-20T10:29:24.009+00:00
e1cf3693-32b4-49e3-b184-433f07f27073,7e177387-2bce-4dd7-8392-9bd3500856b9,87dacf52-8849-4a79-92c9-6e0812e935cb,triage,v1,26,1,0,43,"{'accuracy': 0.875, 'score_total': 7, 'turns_total': 8, 'strategy_entropy': 0.9743147528693494, 'switch_after_win_rate': 0.6666666666666666, 'decision_latency_sd_ms': 1887.3926412230333, 'switch_after_loss_rate': 1, 'decision_latency_mean_ms': 5006.875}",{'planning_prioritization': 0.7226280985714171},"{'low_data': False, 'n_events': 26, 'n_actions': 8, 'rt_valid_n': 8, 'has_run_end': True}",2026-03-20T12:16:29.978232+00:00,2026-03-20T12:16:29.951+00:00
d9299cf1-4af1-43da-8505-10fe809a2291,4a63d8d1-a985-40ce-8906-33721e5be055,87dacf52-8849-4a79-92c9-6e0812e935cb,gonogo,v1,62,37,0,76,"{'rt_trend': 0.04551584625758604, 'miss_rate': 0.6666666666666666, 'mean_rt_go': 282.4, 'final_score': 50, 'go_accuracy': 0.3333333333333333, 'data_quality': 'ok', 'fatigue_drop': -0.26785714285714285, 'nogo_accuracy': 0.5333333333333333, 'rt_variability': 17.983325610131182, 'false_alarm_rate': 0.4666666666666667, 'post_error_slowing': -3.444444444444457, 'inhibition_index_01': 0.5333333333333333, 'impulsivity_index_01': 0.4666666666666667}",{'self_control_inhibition': 0.5333333333333333},"{'n_go': 45, 'n_nogo': 15, 'low_data': False, 'n_events': 62, 'n_actions': 60, 'has_run_end': True, 'data_quality': 'ok', 'rt_valid_go_n': 15}",2026-03-20T12:21:37.471638+00:00,2026-03-20T12:21:37.415+00:00
a5083fd3-135f-4f1d-8550-993a924f284c,2ec8e5c8-0903-456b-b91a-30412d9f1d7a,87dacf52-8849-4a79-92c9-6e0812e935cb,negotiation,v1,26,0,0,353,"{'oi_01': 0.5499999999999999, 'oi_sum': 0.6000000000000001, 'sdi_01': 0.6333333333333333, 'sri_01': 0.3166666666666667, 'sdi_sum': 3.8, 'sri_sum': 1.9000000000000001, 'rt_sd_ms': 5854.626560820653, 'n_actions': 12, 'n_invalid': 0, 'n_missing': 0, 'mean_rt_ms': 20700.166666666668, 'final_score': 61, 'data_quality': 'ok', 'n_turns_expected': 6}","{'social_risk_01': 0.3166666666666667, 'strategic_depth_01': 0.6333333333333333, 'negotiation_skill_01': 0.6141666666666666, 'cooperative_orientation_01': 0.5499999999999999}","{'low_data': False, 'n_events': 26, 'n_actions': 12, 'n_expected': 6, 'rt_valid_n': 6, 'has_run_end': True, 'data_quality': 'ok', 'invalid_actions': 0, 'missing_actions': 0}",2026-03-20T12:27:52.962879+00:00,2026-03-20T12:27:52.935+00:00
3214c269-391a-4899-a301-662d2992d749,fbb93bdb-304e-4570-b31e-52e0dbcedd2d,26a5f927-88d3-4be4-a444-4b6eacb26e73,triage,v1,26,2,0,37,"{'accuracy': 0.75, 'score_total': 6, 'turns_total': 8, 'strategy_entropy': 0.9743147528693494, 'switch_after_win_rate': 0.6666666666666666, 'decision_latency_sd_ms': 1724.9982194607787, 'switch_after_loss_rate': 0, 'decision_latency_mean_ms': 4300}",{'planning_prioritization': 0.6226280985714171},"{'low_data': False, 'n_events': 26, 'n_actions': 8, 'rt_valid_n': 8, 'has_run_end': True}",2026-03-20T19:53:09.027107+00:00,2026-03-20T19:53:08.998+00:00
793c830f-5815-4cb9-9a01-2a2c583bb920,5d3a3623-257f-4c1f-8555-763e6a87af61,26a5f927-88d3-4be4-a444-4b6eacb26e73,gonogo,v1,62,40,0,83,"{'rt_trend': -0.23839250877877488, 'miss_rate': 0.8666666666666667, 'mean_rt_go': 299.8333333333333, 'final_score': 66, 'go_accuracy': 0.13333333333333333, 'data_quality': 'warn', 'fatigue_drop': 0.03, 'nogo_accuracy': 0.9333333333333333, 'rt_variability': 7.082843120291926, 'false_alarm_rate': 0.06666666666666667, 'post_error_slowing': 3.5, 'inhibition_index_01': 0.9333333333333333, 'impulsivity_index_01': 0.06666666666666667}",{'self_control_inhibition': 0.9333333333333333},"{'n_go': 45, 'n_nogo': 15, 'low_data': False, 'n_events': 62, 'n_actions': 60, 'has_run_end': True, 'data_quality': 'warn', 'rt_valid_go_n': 6}",2026-03-20T19:55:26.757068+00:00,2026-03-20T19:55:26.733+00:00
143d1d03-dd08-4aea-bac0-77430449e6f4,48ea9e30-8047-4c04-a076-785176eeb65b,26a5f927-88d3-4be4-a444-4b6eacb26e73,negotiation,v1,26,0,0,33,"{'oi_01': 0.7166666666666667, 'oi_sum': 2.5999999999999996, 'sdi_01': 0.7999999999999999, 'sri_01': 0.11666666666666665, 'sdi_sum': 4.8, 'sri_sum': 0.7, 'rt_sd_ms': 2247.34676155387, 'n_actions': 12, 'n_invalid': 0, 'n_missing': 0, 'mean_rt_ms': 3403.3333333333335, 'final_score': 79, 'data_quality': 'ok', 'n_turns_expected': 6}","{'social_risk_01': 0.11666666666666665, 'strategic_depth_01': 0.7999999999999999, 'negotiation_skill_01': 0.7875, 'cooperative_orientation_01': 0.7166666666666667}","{'low_data': False, 'n_events': 26, 'n_actions': 12, 'n_expected': 6, 'rt_valid_n': 6, 'has_run_end': True, 'data_quality': 'ok', 'invalid_actions': 0, 'missing_actions': 0}",2026-03-20T19:57:36.266129+00:00,2026-03-20T19:57:36.245+00:00
dcc98d79-4e30-45db-801d-8f2935d03f5e,70320a28-08d0-44de-b6f0-ea1250dddb79,e65cb490-820e-4949-99df-03100b2ab9c4,triage,v1,26,4,0,63,"{'accuracy': 0.5, 'score_total': 4, 'turns_total': 8, 'strategy_entropy': 0.6615632381579821, 'switch_after_win_rate': 0.5, 'decision_latency_sd_ms': 2440.1432481369966, 'switch_after_loss_rate': 0.6666666666666666, 'decision_latency_mean_ms': 7462.75}",{'planning_prioritization': 0.4795638379468664},"{'low_data': False, 'n_events': 26, 'n_actions': 8, 'rt_valid_n': 8, 'has_run_end': True}",2026-03-21T17:29:42.215015+00:00,2026-03-21T17:29:42.187+00:00
061653ea-2be2-49dd-af4c-f76877b4b97a,282bca51-206d-4a45-a8a7-b35dad502c8f,e65cb490-820e-4949-99df-03100b2ab9c4,gonogo,v1,62,45,0,80,"{'rt_trend': None, 'miss_rate': 0.9777777777777777, 'mean_rt_go': 298, 'final_score': 62, 'go_accuracy': 0.022222222222222223, 'data_quality': 'warn', 'fatigue_drop': -0.04, 'nogo_accuracy': 0.9333333333333333, 'rt_variability': None, 'false_alarm_rate': 0.06666666666666667, 'post_error_slowing': None, 'inhibition_index_01': 0.9333333333333333, 'impulsivity_index_01': 0.06666666666666667}",{'self_control_inhibition': 0.9333333333333333},"{'n_go': 45, 'n_nogo': 15, 'low_data': False, 'n_events': 62, 'n_actions': 60, 'has_run_end': True, 'data_quality': 'warn', 'rt_valid_go_n': 1}",2026-03-21T17:31:31.738415+00:00,2026-03-21T17:31:31.693+00:00
f77f547d-9ee0-45ad-964a-17dca303f18e,62c249cb-3ae7-463e-a864-ac501ca31a76,e65cb490-820e-4949-99df-03100b2ab9c4,negotiation,v1,26,0,0,314,"{'oi_01': 0.7166666666666667, 'oi_sum': 2.5999999999999996, 'sdi_01': 0.7999999999999999, 'sri_01': 0.11666666666666665, 'sdi_sum': 4.8, 'sri_sum': 0.7, 'rt_sd_ms': 15503.910225058278, 'n_actions': 12, 'n_invalid': 0, 'n_missing': 0, 'mean_rt_ms': 26315.333333333332, 'final_score': 79, 'data_quality': 'ok', 'n_turns_expected': 6}","{'social_risk_01': 0.11666666666666665, 'strategic_depth_01': 0.7999999999999999, 'negotiation_skill_01': 0.7875, 'cooperative_orientation_01': 0.7166666666666667}","{'low_data': False, 'n_events': 26, 'n_actions': 12, 'n_expected': 6, 'rt_valid_n': 6, 'has_run_end': True, 'data_quality': 'ok', 'invalid_actions': 0, 'missing_actions': 0}",2026-03-21T17:37:01.363202+00:00,2026-03-21T17:37:01.31+00:00
3cb2fd38-6ff6-49d7-826c-b43ef91d13c7,df6a2afc-aff6-4f8e-85d7-d356de1b0435,595c6330-7545-4bde-ba3b-9a258c98771a,triage,v1,26,2,0,75,"{'accuracy': 0.75, 'score_total': 6, 'turns_total': 8, 'strategy_entropy': 0.9002560512685369, 'switch_after_win_rate': 0.8, 'decision_latency_sd_ms': 4342.031731064552, 'switch_after_loss_rate': 0, 'decision_latency_mean_ms': 8853.125}",{'planning_prioritization': 0.6361103256254393},"{'low_data': False, 'n_events': 26, 'n_actions': 8, 'rt_valid_n': 8, 'has_run_end': True}",2026-03-22T11:09:34.056526+00:00,2026-03-22T11:09:34.034+00:00
56b9238e-cede-4310-990a-a79c009955a2,ebcd8be4-6524-481b-b4a2-bd4357427255,595c6330-7545-4bde-ba3b-9a258c98771a,gonogo,v1,62,44,0,81,"{'rt_trend': None, 'miss_rate': 0.9555555555555556, 'mean_rt_go': 299, 'final_score': 63, 'go_accuracy': 0.044444444444444446, 'data_quality': 'warn', 'fatigue_drop': -0.005952380952380952, 'nogo_accuracy': 0.9333333333333333, 'rt_variability': 0, 'false_alarm_rate': 0.06666666666666667, 'post_error_slowing': None, 'inhibition_index_01': 0.9333333333333333, 'impulsivity_index_01': 0.06666666666666667}",{'self_control_inhibition': 0.9333333333333333},"{'n_go': 45, 'n_nogo': 15, 'low_data': False, 'n_events': 62, 'n_actions': 60, 'has_run_end': True, 'data_quality': 'warn', 'rt_valid_go_n': 2}",2026-03-22T11:11:04.908218+00:00,2026-03-22T11:11:04.886+00:00
2f4689dd-3c73-479e-94f3-8104c0e888ec,0d43f489-e0c3-4468-b318-0d7175e7ed3a,595c6330-7545-4bde-ba3b-9a258c98771a,negotiation,v1,26,0,0,26,"{'oi_01': 0.7166666666666667, 'oi_sum': 2.5999999999999996, 'sdi_01': 0.7999999999999999, 'sri_01': 0.11666666666666665, 'sdi_sum': 4.8, 'sri_sum': 0.7, 'rt_sd_ms': 727.8066822080343, 'n_actions': 12, 'n_invalid': 0, 'n_missing': 0, 'mean_rt_ms': 1436.8333333333333, 'final_score': 79, 'data_quality': 'ok', 'n_turns_expected': 6}","{'social_risk_01': 0.11666666666666665, 'strategic_depth_01': 0.7999999999999999, 'negotiation_skill_01': 0.7875, 'cooperative_orientation_01': 0.7166666666666667}","{'low_data': False, 'n_events': 26, 'n_actions': 12, 'n_expected': 6, 'rt_valid_n': 6, 'has_run_end': True, 'data_quality': 'ok', 'invalid_actions': 0, 'missing_actions': 0}",2026-03-22T11:14:16.027999+00:00,2026-03-22T11:14:16.004+00:00
fd3b5793-f598-4b48-bb3c-22a53e748047,0056a300-9aec-49ca-b3f6-2b4d19dc20a9,3dc5e1ad-417f-4959-b6d4-b8310ccfe7e8,triage,v1,26,2,0,67,"{'accuracy': 0.75, 'score_total': 6, 'turns_total': 8, 'strategy_entropy': 1.0821955300387671, 'switch_after_win_rate': 0.4, 'decision_latency_sd_ms': 6056.837799132481, 'switch_after_loss_rate': 1, 'decision_latency_mean_ms': 8010.875}",{'planning_prioritization': 0.6029886355356985},"{'low_data': False, 'n_events': 26, 'n_actions': 8, 'rt_valid_n': 8, 'has_run_end': True}",2026-03-22T12:58:39.702241+00:00,2026-03-22T12:58:39.674+00:00
12b72faf-d7db-4025-a41d-b5aa7b8045dc,3340645c-6c79-47f5-9ee5-58ea7797fe1d,3dc5e1ad-417f-4959-b6d4-b8310ccfe7e8,gonogo,v1,62,38,0,79,"{'rt_trend': -0.12003311258278143, 'miss_rate': 0.7111111111111111, 'mean_rt_go': 272.3076923076923, 'final_score': 52, 'go_accuracy': 0.28888888888888886, 'data_quality': 'ok', 'fatigue_drop': -0.27380952380952384, 'nogo_accuracy': 0.6, 'rt_variability': 31.151202800171873, 'false_alarm_rate': 0.4, 'post_error_slowing': -9.333333333333314, 'inhibition_index_01': 0.6, 'impulsivity_index_01': 0.4}",{'self_control_inhibition': 0.6},"{'n_go': 45, 'n_nogo': 15, 'low_data': False, 'n_events': 62, 'n_actions': 60, 'has_run_end': True, 'data_quality': 'ok', 'rt_valid_go_n': 13}",2026-03-22T13:00:44.099349+00:00,2026-03-22T13:00:44.048+00:00
18137f46-6ebd-44a8-9681-ec3b4df46e98,4fad8740-fd10-4f34-a237-30a23c56cd73,c7da3d85-733e-494d-a923-883989657a16,triage,v1,26,3,0,42,"{'accuracy': 0.625, 'score_total': 5, 'turns_total': 8, 'strategy_entropy': 1.0397207708399179, 'switch_after_win_rate': 0.75, 'decision_latency_sd_ms': 1258.0811920199292, 'switch_after_loss_rate': 0.6666666666666666, 'decision_latency_mean_ms': 4674.5}",{'planning_prioritization': 0.5107210739285628},"{'low_data': False, 'n_events': 26, 'n_actions': 8, 'rt_valid_n': 8, 'has_run_end': True}",2026-03-22T13:01:35.110417+00:00,2026-03-22T13:01:35.086+00:00
da7c3248-aadd-44f5-a817-ff1a1612a76d,2203987b-16c8-47d6-a2bb-753552c20a5e,1558ec2a-0c1a-4002-a5f4-effd86a11352,triage,v1,26,7,0,12,"{'accuracy': 0.125, 'score_total': 1, 'turns_total': 8, 'strategy_entropy': 0.9002560512685369, 'switch_after_win_rate': 0, 'decision_latency_sd_ms': 463.724055878062, 'switch_after_loss_rate': 0.5714285714285714, 'decision_latency_mean_ms': 737.5}",{'planning_prioritization': 0.1361103256254393},"{'low_data': False, 'n_events': 26, 'n_actions': 8, 'rt_valid_n': 8, 'has_run_end': True}",2026-03-24T16:52:27.627459+00:00,2026-03-24T16:52:27.588+00:00
9f3b0308-348e-4181-8cdc-41aab9dc05e8,68e74cd3-5434-4ee8-8865-e52bca94208e,c7da3d85-733e-494d-a923-883989657a16,gonogo,v1,62,37,0,84,"{'rt_trend': 0.03360425132854017, 'miss_rate': 0.7777777777777778, 'mean_rt_go': 277.5, 'final_score': 65, 'go_accuracy': 0.2222222222222222, 'data_quality': 'ok', 'fatigue_drop': -0.3273809523809524, 'nogo_accuracy': 0.8666666666666667, 'rt_variability': 17.219175357722563, 'false_alarm_rate': 0.13333333333333333, 'post_error_slowing': -6.600000000000023, 'inhibition_index_01': 0.8666666666666667, 'impulsivity_index_01': 0.13333333333333333}",{'self_control_inhibition': 0.8666666666666667},"{'n_go': 45, 'n_nogo': 15, 'low_data': False, 'n_events': 62, 'n_actions': 60, 'has_run_end': True, 'data_quality': 'ok', 'rt_valid_go_n': 10}",2026-03-22T13:03:04.716081+00:00,2026-03-22T13:03:04.661+00:00
6b31e110-7eae-4c48-becb-014a9f2a30b1,4ba3ea81-171e-4c90-97af-0326b039bf63,3dc5e1ad-417f-4959-b6d4-b8310ccfe7e8,negotiation,v1,26,0,0,204,"{'oi_01': 0.5666666666666667, 'oi_sum': 0.8, 'sdi_01': 0.6333333333333333, 'sri_01': 0.2833333333333333, 'sdi_sum': 3.8, 'sri_sum': 1.7, 'rt_sd_ms': 17637.07858367328, 'n_actions': 12, 'n_invalid': 0, 'n_missing': 0, 'mean_rt_ms': 20757.166666666668, 'final_score': 63, 'data_quality': 'ok', 'n_turns_expected': 6}","{'social_risk_01': 0.2833333333333333, 'strategic_depth_01': 0.6333333333333333, 'negotiation_skill_01': 0.6266666666666666, 'cooperative_orientation_01': 0.5666666666666667}","{'low_data': False, 'n_events': 26, 'n_actions': 12, 'n_expected': 6, 'rt_valid_n': 6, 'has_run_end': True, 'data_quality': 'ok', 'invalid_actions': 0, 'missing_actions': 0}",2026-03-22T13:04:19.01066+00:00,2026-03-22T13:04:18.991+00:00
0e22736a-9b40-42b6-92c8-e7fe33706658,561553b8-c449-4080-aedf-66e0e4b1e119,c7da3d85-733e-494d-a923-883989657a16,negotiation,v1,26,0,0,120,"{'oi_01': 0.47500000000000003, 'oi_sum': -0.29999999999999993, 'sdi_01': 0.4666666666666666, 'sri_01': 0.5, 'sdi_sum': 2.8, 'sri_sum': 3, 'rt_sd_ms': 3517.577101737312, 'n_actions': 12, 'n_invalid': 0, 'n_missing': 0, 'mean_rt_ms': 9284.333333333334, 'final_score': 48, 'data_quality': 'ok', 'n_turns_expected': 6}","{'social_risk_01': 0.5, 'strategic_depth_01': 0.4666666666666666, 'negotiation_skill_01': 0.47624999999999995, 'cooperative_orientation_01': 0.47500000000000003}","{'low_data': False, 'n_events': 26, 'n_actions': 12, 'n_expected': 6, 'rt_valid_n': 6, 'has_run_end': True, 'data_quality': 'ok', 'invalid_actions': 0, 'missing_actions': 0}",2026-03-22T13:05:09.437069+00:00,2026-03-22T13:05:09.374+00:00
50bdab95-4c78-4542-adb3-fab7c98cca1b,ec0784ca-f78b-42ad-a6fc-45b1262cde0c,3724106d-c278-445d-a552-85b801043977,triage,v1,26,2,0,81,"{'accuracy': 0.75, 'score_total': 6, 'turns_total': 8, 'strategy_entropy': 0.6615632381579821, 'switch_after_win_rate': 0.8, 'decision_latency_sd_ms': 8054.58437231334, 'switch_after_loss_rate': 1, 'decision_latency_mean_ms': 9501.375}",{'planning_prioritization': 0.6795638379468665},"{'low_data': False, 'n_events': 26, 'n_actions': 8, 'rt_valid_n': 8, 'has_run_end': True}",2026-03-22T13:13:27.065281+00:00,2026-03-22T13:13:27.033+00:00
e7aae46c-f9f8-4673-a8ca-e5be7d7e9b00,cb13eb11-47ea-4aaa-b9e5-9200c787f3f1,c12fc0b8-9ef2-4fb5-ab9f-b87bacc66536,triage,v1,26,3,0,41,"{'accuracy': 0.625, 'score_total': 5, 'turns_total': 8, 'strategy_entropy': 0.9743147528693494, 'switch_after_win_rate': 0.75, 'decision_latency_sd_ms': 1888.7727638790825, 'switch_after_loss_rate': 0.3333333333333333, 'decision_latency_mean_ms': 4532.625}",{'planning_prioritization': 0.522628098571417},"{'low_data': False, 'n_events': 26, 'n_actions': 8, 'rt_valid_n': 8, 'has_run_end': True}",2026-03-22T13:13:29.697294+00:00,2026-03-22T13:13:29.66+00:00
4ee3f517-b1df-4fad-90c9-ea7624a19c4f,a8801696-a819-4a1f-96a3-1ef6ccbb08ae,3724106d-c278-445d-a552-85b801043977,gonogo,v1,62,44,0,79,"{'rt_trend': -1.0579165388155876, 'miss_rate': 0.8, 'mean_rt_go': 225.33333333333334, 'final_score': 39, 'go_accuracy': 0.2, 'data_quality': 'ok', 'fatigue_drop': 0.03557312252964426, 'nogo_accuracy': 0.4666666666666667, 'rt_variability': 83.44159634139318, 'false_alarm_rate': 0.5333333333333333, 'post_error_slowing': 84, 'inhibition_index_01': 0.4666666666666667, 'impulsivity_index_01': 0.5333333333333333}",{'self_control_inhibition': 0.4666666666666667},"{'n_go': 45, 'n_nogo': 15, 'low_data': False, 'n_events': 62, 'n_actions': 60, 'has_run_end': True, 'data_quality': 'ok', 'rt_valid_go_n': 9}",2026-03-22T13:14:54.816448+00:00,2026-03-22T13:14:54.791+00:00
2712ef52-c009-476f-88c5-88ed01ab0d0e,eff8314d-5836-4e79-8a38-69b390a14ff6,c12fc0b8-9ef2-4fb5-ab9f-b87bacc66536,gonogo,v1,62,38,0,83,"{'rt_trend': -3.940857787810384, 'miss_rate': 0.7555555555555555, 'mean_rt_go': 249.1818181818182, 'final_score': 56, 'go_accuracy': 0.24444444444444444, 'data_quality': 'ok', 'fatigue_drop': 0.5, 'nogo_accuracy': 0.7333333333333333, 'rt_variability': 64.83026790291427, 'false_alarm_rate': 0.26666666666666666, 'post_error_slowing': 24.642857142857167, 'inhibition_index_01': 0.7333333333333333, 'impulsivity_index_01': 0.26666666666666666}",{'self_control_inhibition': 0.7333333333333333},"{'n_go': 45, 'n_nogo': 15, 'low_data': False, 'n_events': 62, 'n_actions': 60, 'has_run_end': True, 'data_quality': 'ok', 'rt_valid_go_n': 11}",2026-03-22T13:14:57.000252+00:00,2026-03-22T13:14:56.974+00:00
355d2282-86e1-4537-96a7-dc4c849c4699,c603a25c-79e8-4c1a-b1e9-a7feb18cb897,c12fc0b8-9ef2-4fb5-ab9f-b87bacc66536,negotiation,v1,26,0,0,26,"{'oi_01': 0.6666666666666666, 'oi_sum': 2, 'sdi_01': 0.38333333333333336, 'sri_01': 0.2166666666666667, 'sdi_sum': 2.3000000000000003, 'sri_sum': 1.3000000000000003, 'rt_sd_ms': 1719.321610403359, 'n_actions': 12, 'n_invalid': 0, 'n_missing': 0, 'mean_rt_ms': 2776, 'final_score': 56, 'data_quality': 'ok', 'n_turns_expected': 6}","{'social_risk_01': 0.2166666666666667, 'strategic_depth_01': 0.38333333333333336, 'negotiation_skill_01': 0.5625, 'cooperative_orientation_01': 0.6666666666666666}","{'low_data': False, 'n_events': 26, 'n_actions': 12, 'n_expected': 6, 'rt_valid_n': 6, 'has_run_end': True, 'data_quality': 'ok', 'invalid_actions': 0, 'missing_actions': 0}",2026-03-22T13:15:28.037827+00:00,2026-03-22T13:15:28.008+00:00
775bd5fc-cf34-4664-adf8-49b205c74fb4,b49c24d0-2cfc-4590-a887-9ed766047ff3,3724106d-c278-445d-a552-85b801043977,negotiation,v1,26,0,0,117,"{'oi_01': 0.5916666666666667, 'oi_sum': 1.1, 'sdi_01': 0.21666666666666667, 'sri_01': 0.45, 'sdi_sum': 1.3, 'sri_sum': 2.7, 'rt_sd_ms': 3898.935581240945, 'n_actions': 12, 'n_invalid': 0, 'n_missing': 0, 'mean_rt_ms': 8374.333333333334, 'final_score': 41, 'data_quality': 'ok', 'n_turns_expected': 6}","{'social_risk_01': 0.45, 'strategic_depth_01': 0.21666666666666667, 'negotiation_skill_01': 0.4145833333333333, 'cooperative_orientation_01': 0.5916666666666667}","{'low_data': False, 'n_events': 26, 'n_actions': 12, 'n_expected': 6, 'rt_valid_n': 6, 'has_run_end': True, 'data_quality': 'ok', 'invalid_actions': 0, 'missing_actions': 0}",2026-03-22T13:16:57.084008+00:00,2026-03-22T13:16:57.053+00:00
81030667-c63e-43d4-99d2-ae8ef27415be,69f3c32e-4146-483e-a178-aadb8f96aef6,42186cab-d03f-45fa-a253-d3f21dac0d28,triage,v1,26,3,0,35,"{'accuracy': 0.625, 'score_total': 5, 'turns_total': 8, 'strategy_entropy': 0.9002560512685369, 'switch_after_win_rate': 0.75, 'decision_latency_sd_ms': 796.5210852737763, 'switch_after_loss_rate': 0.6666666666666666, 'decision_latency_mean_ms': 4010.875}",{'planning_prioritization': 0.5361103256254393},"{'low_data': False, 'n_events': 26, 'n_actions': 8, 'rt_valid_n': 8, 'has_run_end': True}",2026-03-22T13:26:34.825274+00:00,2026-03-22T13:26:34.8+00:00
f76c8988-4679-450e-9bf7-72f0c97caf15,0052fdba-dcac-4c77-b13f-ebe494c19a66,42186cab-d03f-45fa-a253-d3f21dac0d28,gonogo,v1,62,41,0,83,"{'rt_trend': -0.10784743533537922, 'miss_rate': 0.8444444444444444, 'mean_rt_go': 286.7142857142857, 'final_score': 59, 'go_accuracy': 0.15555555555555556, 'data_quality': 'warn', 'fatigue_drop': 0.14031620553359683, 'nogo_accuracy': 0.8, 'rt_variability': 4.535573676110727, 'false_alarm_rate': 0.2, 'post_error_slowing': 2.4166666666666856, 'inhibition_index_01': 0.8, 'impulsivity_index_01': 0.2}",{'self_control_inhibition': 0.8},"{'n_go': 45, 'n_nogo': 15, 'low_data': False, 'n_events': 62, 'n_actions': 60, 'has_run_end': True, 'data_quality': 'warn', 'rt_valid_go_n': 7}",2026-03-22T13:28:05.75765+00:00,2026-03-22T13:28:05.72+00:00
a5e52b20-c04a-44c5-a159-4d79755a8164,496be0f5-1ed2-443d-a195-bec074db6334,42186cab-d03f-45fa-a253-d3f21dac0d28,negotiation,v1,26,0,0,76,"{'oi_01': 0.5916666666666667, 'oi_sum': 1.1, 'sdi_01': 0.2833333333333334, 'sri_01': 0.3666666666666667, 'sdi_sum': 1.7000000000000002, 'sri_sum': 2.2, 'rt_sd_ms': 2525.421608365621, 'n_actions': 12, 'n_invalid': 0, 'n_missing': 0, 'mean_rt_ms': 6983.5, 'final_score': 46, 'data_quality': 'ok', 'n_turns_expected': 6}","{'social_risk_01': 0.3666666666666667, 'strategic_depth_01': 0.2833333333333334, 'negotiation_skill_01': 0.46125000000000005, 'cooperative_orientation_01': 0.5916666666666667}","{'low_data': False, 'n_events': 26, 'n_actions': 12, 'n_expected': 6, 'rt_valid_n': 6, 'has_run_end': True, 'data_quality': 'ok', 'invalid_actions': 0, 'missing_actions': 0}",2026-03-22T13:29:27.792959+00:00,2026-03-22T13:29:27.77+00:00
c7d67f79-ce55-40c1-8f5f-ee09329c6a33,d7b9a57a-7992-4135-a75e-bd35f36cbfa2,ea64ca73-3be8-44d5-b6a4-f3e64aca8dc1,triage,v1,26,1,0,121,"{'accuracy': 0.875, 'score_total': 7, 'turns_total': 8, 'strategy_entropy': 1.0397207708399179, 'switch_after_win_rate': 0.8333333333333334, 'decision_latency_sd_ms': 8284.4727696715, 'switch_after_loss_rate': 0, 'decision_latency_mean_ms': 14699.25}",{'planning_prioritization': 0.7107210739285629},"{'low_data': False, 'n_events': 26, 'n_actions': 8, 'rt_valid_n': 8, 'has_run_end': True}",2026-03-22T13:32:26.296916+00:00,2026-03-22T13:32:26.271+00:00
d4136b00-d979-4497-9b85-ed01407e2acf,2d013224-5fe0-4509-a63e-52ed5829c15d,ea64ca73-3be8-44d5-b6a4-f3e64aca8dc1,gonogo,v1,62,45,0,87,"{'rt_trend': None, 'miss_rate': 1, 'mean_rt_go': None, 'final_score': 65, 'go_accuracy': 0, 'data_quality': 'warn', 'fatigue_drop': 0, 'nogo_accuracy': 1, 'rt_variability': None, 'false_alarm_rate': 0, 'post_error_slowing': None, 'inhibition_index_01': 1, 'impulsivity_index_01': 0}",{'self_control_inhibition': 1},"{'n_go': 45, 'n_nogo': 15, 'low_data': False, 'n_events': 62, 'n_actions': 60, 'has_run_end': True, 'data_quality': 'warn', 'rt_valid_go_n': 0}",2026-03-22T13:34:45.963685+00:00,2026-03-22T13:34:45.941+00:00
713abb53-b85d-47f0-8bad-526db86633ce,80e845d0-23a2-483b-8b90-e4542d8f88c8,0b05a5f9-6ad0-4b71-abc3-6b268bf8037a,triage,v1,26,3,0,112,"{'accuracy': 0.625, 'score_total': 5, 'turns_total': 8, 'strategy_entropy': 1.0397207708399179, 'switch_after_win_rate': 0.8, 'decision_latency_sd_ms': 18221.027474165272, 'switch_after_loss_rate': 0.5, 'decision_latency_mean_ms': 13645.75}",{'planning_prioritization': 0.5107210739285628},"{'low_data': False, 'n_events': 26, 'n_actions': 8, 'rt_valid_n': 8, 'has_run_end': True}",2026-03-22T13:35:22.963765+00:00,2026-03-22T13:35:22.93+00:00
85e0f57b-f672-4636-a363-5a0ebd28ea6c,514b100c-4a74-4e31-801a-a4b77566af19,0b05a5f9-6ad0-4b71-abc3-6b268bf8037a,gonogo,v1,62,34,0,76,"{'rt_trend': 1.7190547636909224, 'miss_rate': 0.5555555555555556, 'mean_rt_go': 149.2, 'final_score': 44, 'go_accuracy': 0.4444444444444444, 'data_quality': 'ok', 'fatigue_drop': 0.2327935222672065, 'nogo_accuracy': 0.4, 'rt_variability': 88.01650562910285, 'false_alarm_rate': 0.6, 'post_error_slowing': 39.5, 'inhibition_index_01': 0.4, 'impulsivity_index_01': 0.6}",{'self_control_inhibition': 0.4},"{'n_go': 45, 'n_nogo': 15, 'low_data': False, 'n_events': 62, 'n_actions': 60, 'has_run_end': True, 'data_quality': 'ok', 'rt_valid_go_n': 20}",2026-03-22T13:36:54.717344+00:00,2026-03-22T13:36:54.691+00:00
a21257a9-33dd-4d01-a3cc-7860111c91d7,9cbf4217-ab90-410c-b300-129cca4eb65f,0b05a5f9-6ad0-4b71-abc3-6b268bf8037a,negotiation,v1,26,0,0,177,"{'oi_01': 0.6083333333333333, 'oi_sum': 1.3, 'sdi_01': 0.6166666666666667, 'sri_01': 0.2833333333333333, 'sdi_sum': 3.7, 'sri_sum': 1.7, 'rt_sd_ms': 4606.383295674239, 'n_actions': 12, 'n_invalid': 0, 'n_missing': 0, 'mean_rt_ms': 19433.333333333332, 'final_score': 63, 'data_quality': 'ok', 'n_turns_expected': 6}","{'social_risk_01': 0.2833333333333333, 'strategic_depth_01': 0.6166666666666667, 'negotiation_skill_01': 0.63375, 'cooperative_orientation_01': 0.6083333333333333}","{'low_data': False, 'n_events': 26, 'n_actions': 12, 'n_expected': 6, 'rt_valid_n': 6, 'has_run_end': True, 'data_quality': 'ok', 'invalid_actions': 0, 'missing_actions': 0}",2026-03-22T13:40:00.205913+00:00,2026-03-22T13:40:00.175+00:00
1e23e94d-1589-46ec-80cb-0940a8152548,d8e57d36-47e4-4c87-aced-5e85592a6f45,ea64ca73-3be8-44d5-b6a4-f3e64aca8dc1,negotiation,v1,26,0,0,348,"{'oi_01': 0.6333333333333333, 'oi_sum': 1.6, 'sdi_01': 0.5333333333333333, 'sri_01': 0.3333333333333333, 'sdi_sum': 3.2, 'sri_sum': 2, 'rt_sd_ms': 12637.836270501371, 'n_actions': 12, 'n_invalid': 0, 'n_missing': 0, 'mean_rt_ms': 32568, 'final_score': 60, 'data_quality': 'ok', 'n_turns_expected': 6}","{'social_risk_01': 0.3333333333333333, 'strategic_depth_01': 0.5333333333333333, 'negotiation_skill_01': 0.595, 'cooperative_orientation_01': 0.6333333333333333}","{'low_data': False, 'n_events': 26, 'n_actions': 12, 'n_expected': 6, 'rt_valid_n': 6, 'has_run_end': True, 'data_quality': 'ok', 'invalid_actions': 0, 'missing_actions': 0}",2026-03-22T13:40:57.265136+00:00,2026-03-22T13:40:57.233+00:00
1ba23d63-76c8-4548-a792-440e6d427e73,579d0eac-0e19-46cc-8fb5-24391062ed99,1e362444-928b-4794-9721-4d798d8f1393,triage,v1,26,6,0,70,"{'accuracy': 0.25, 'score_total': 2, 'turns_total': 8, 'strategy_entropy': 0.7356219397587946, 'switch_after_win_rate': 0, 'decision_latency_sd_ms': 3897.027362985426, 'switch_after_loss_rate': 0.6, 'decision_latency_mean_ms': 8436.625}",{'planning_prioritization': 0.26608161089284416},"{'low_data': False, 'n_events': 26, 'n_actions': 8, 'rt_valid_n': 8, 'has_run_end': True}",2026-03-22T13:46:39.151267+00:00,2026-03-22T13:46:39.12+00:00
2a891d4e-6f6e-419a-a444-1db828684b9c,f7908b10-4afe-470b-9a43-9efba1f4d73d,1e362444-928b-4794-9721-4d798d8f1393,gonogo,v1,62,45,0,77,"{'rt_trend': None, 'miss_rate': 0.9555555555555556, 'mean_rt_go': 173.5, 'final_score': 55, 'go_accuracy': 0.044444444444444446, 'data_quality': 'warn', 'fatigue_drop': -0.08695652173913043, 'nogo_accuracy': 0.8666666666666667, 'rt_variability': 98.2878425849301, 'false_alarm_rate': 0.13333333333333333, 'post_error_slowing': 139, 'inhibition_index_01': 0.8666666666666667, 'impulsivity_index_01': 0.13333333333333333}",{'self_control_inhibition': 0.8666666666666667},"{'n_go': 45, 'n_nogo': 15, 'low_data': False, 'n_events': 62, 'n_actions': 60, 'has_run_end': True, 'data_quality': 'warn', 'rt_valid_go_n': 2}",2026-03-22T13:49:35.853362+00:00,2026-03-22T13:49:35.828+00:00
df4ae60b-3d8a-489c-aaec-dbda439a243f,cbab24a8-f10c-413f-a8d0-82c49a3830c5,1e362444-928b-4794-9721-4d798d8f1393,negotiation,v1,26,0,0,245,"{'oi_01': 0.7166666666666667, 'oi_sum': 2.5999999999999996, 'sdi_01': 0.7999999999999999, 'sri_01': 0.11666666666666665, 'sdi_sum': 4.8, 'sri_sum': 0.7, 'rt_sd_ms': 6136.3942398338995, 'n_actions': 12, 'n_invalid': 0, 'n_missing': 0, 'mean_rt_ms': 20138.333333333332, 'final_score': 79, 'data_quality': 'ok', 'n_turns_expected': 6}","{'social_risk_01': 0.11666666666666665, 'strategic_depth_01': 0.7999999999999999, 'negotiation_skill_01': 0.7875, 'cooperative_orientation_01': 0.7166666666666667}","{'low_data': False, 'n_events': 26, 'n_actions': 12, 'n_expected': 6, 'rt_valid_n': 6, 'has_run_end': True, 'data_quality': 'ok', 'invalid_actions': 0, 'missing_actions': 0}",2026-03-22T13:55:00.027564+00:00,2026-03-22T13:54:59.915+00:00
7d15408b-92dd-4d71-96d8-4ca181f95553,81c40c75-e8d9-4700-9f81-5fcb005286e4,aa7b23d9-1d37-49e2-b27e-9d77d062963c,triage,v1,26,4,0,13,"{'accuracy': 0.5, 'score_total': 4, 'turns_total': 8, 'strategy_entropy': 0.7356219397587946, 'switch_after_win_rate': 0.3333333333333333, 'decision_latency_sd_ms': 2227.4480232832757, 'switch_after_loss_rate': 0.5, 'decision_latency_mean_ms': 1375.875}",{'planning_prioritization': 0.46608161089284417},"{'low_data': False, 'n_events': 26, 'n_actions': 8, 'rt_valid_n': 8, 'has_run_end': True}",2026-03-22T14:53:44.61849+00:00,2026-03-22T14:53:44.584+00:00
73dc5e15-31c4-44a3-9236-36ed5f322159,b27ddde4-4022-4325-8edd-87795faa7d7d,18b9a795-fbd3-444f-b9fc-a2f24d0d6846,triage,v1,26,4,0,48,"{'accuracy': 0.5, 'score_total': 4, 'turns_total': 8, 'strategy_entropy': 0.5623351446188083, 'switch_after_win_rate': 0.3333333333333333, 'decision_latency_sd_ms': 2175.8583199674163, 'switch_after_loss_rate': 0.75, 'decision_latency_mean_ms': 5618}",{'planning_prioritization': 0.49762809857141704},"{'low_data': False, 'n_events': 26, 'n_actions': 8, 'rt_valid_n': 8, 'has_run_end': True}",2026-03-22T19:46:23.261016+00:00,2026-03-22T19:46:23.229+00:00
7d525b6b-e1f6-4f91-b98f-11c40b578d83,7ddc6f5c-035f-482e-91fe-4451fc4130df,18b9a795-fbd3-444f-b9fc-a2f24d0d6846,gonogo,v1,62,45,0,80,"{'rt_trend': None, 'miss_rate': 0.9777777777777777, 'mean_rt_go': 295, 'final_score': 62, 'go_accuracy': 0.022222222222222223, 'data_quality': 'warn', 'fatigue_drop': -0.043478260869565216, 'nogo_accuracy': 0.9333333333333333, 'rt_variability': None, 'false_alarm_rate': 0.06666666666666667, 'post_error_slowing': None, 'inhibition_index_01': 0.9333333333333333, 'impulsivity_index_01': 0.06666666666666667}",{'self_control_inhibition': 0.9333333333333333},"{'n_go': 45, 'n_nogo': 15, 'low_data': False, 'n_events': 62, 'n_actions': 60, 'has_run_end': True, 'data_quality': 'warn', 'rt_valid_go_n': 1}",2026-03-22T19:47:50.978302+00:00,2026-03-22T19:47:50.934+00:00
f311db4c-b308-4208-bb50-b7f38b8866f6,0e9297d6-a606-41b5-b151-b773b472f754,18b9a795-fbd3-444f-b9fc-a2f24d0d6846,negotiation,v1,26,0,0,64,"{'oi_01': 0.6999999999999998, 'oi_sum': 2.3999999999999995, 'sdi_01': 0.7000000000000001, 'sri_01': 0.16666666666666666, 'sdi_sum': 4.2, 'sri_sum': 1, 'rt_sd_ms': 6481.4613089950635, 'n_actions': 12, 'n_invalid': 0, 'n_missing': 0, 'mean_rt_ms': 7484.5, 'final_score': 73, 'data_quality': 'ok', 'n_turns_expected': 6}","{'social_risk_01': 0.16666666666666666, 'strategic_depth_01': 0.7000000000000001, 'negotiation_skill_01': 0.7266666666666668, 'cooperative_orientation_01': 0.6999999999999998}","{'low_data': False, 'n_events': 26, 'n_actions': 12, 'n_expected': 6, 'rt_valid_n': 6, 'has_run_end': True, 'data_quality': 'ok', 'invalid_actions': 0, 'missing_actions': 0}",2026-03-22T19:49:02.51399+00:00,2026-03-22T19:49:02.483+00:00
13fff87e-3a46-43cc-b6a2-868ee2b69cf0,c247dfa0-f5b5-490b-9d9e-7044aa2a14fd,4afe6860-52d2-4ac2-bd28-b0c9a8029bb7,triage,v1,26,1,0,134,"{'accuracy': 0.875, 'score_total': 7, 'turns_total': 8, 'strategy_entropy': 1.0397207708399179, 'switch_after_win_rate': 0.6666666666666666, 'decision_latency_sd_ms': 29059.737614339978, 'switch_after_loss_rate': 0, 'decision_latency_mean_ms': 16311.25}",{'planning_prioritization': 0.7107210739285629},"{'low_data': False, 'n_events': 26, 'n_actions': 8, 'rt_valid_n': 8, 'has_run_end': True}",2026-03-22T19:55:27.481381+00:00,2026-03-22T19:55:27.449+00:00
1adbad5c-9e6e-4507-98d5-0c937c9555e5,1ed5ca48-7efd-4bba-be63-004f43b67141,0db74ac8-0ead-49cf-8374-4e2ca7276281,triage,v1,26,4,0,83,"{'accuracy': 0.5, 'score_total': 4, 'turns_total': 8, 'strategy_entropy': 0.9002560512685369, 'switch_after_win_rate': 0.6666666666666666, 'decision_latency_sd_ms': 10931.217338430337, 'switch_after_loss_rate': 0.5, 'decision_latency_mean_ms': 9846.75}",{'planning_prioritization': 0.4361103256254393},"{'low_data': False, 'n_events': 26, 'n_actions': 8, 'rt_valid_n': 8, 'has_run_end': True}",2026-03-22T19:56:02.22135+00:00,2026-03-22T19:56:02.189+00:00
1f5bc173-4733-4c25-961c-48827c83b586,b954d460-dac1-4e85-913a-5e1b908a5b59,4afe6860-52d2-4ac2-bd28-b0c9a8029bb7,gonogo,v1,62,35,0,78,"{'rt_trend': 1.1695740365111562, 'miss_rate': 0.6666666666666666, 'mean_rt_go': 273.26666666666665, 'final_score': 56, 'go_accuracy': 0.3333333333333333, 'data_quality': 'ok', 'fatigue_drop': 0.06, 'nogo_accuracy': 0.6666666666666666, 'rt_variability': 48.85615426457357, 'false_alarm_rate': 0.3333333333333333, 'post_error_slowing': -33.4444444444444, 'inhibition_index_01': 0.6666666666666666, 'impulsivity_index_01': 0.3333333333333333}",{'self_control_inhibition': 0.6666666666666666},"{'n_go': 45, 'n_nogo': 15, 'low_data': False, 'n_events': 62, 'n_actions': 60, 'has_run_end': True, 'data_quality': 'ok', 'rt_valid_go_n': 15}",2026-03-22T19:56:50.250319+00:00,2026-03-22T19:56:50.223+00:00
84200491-75a4-44cf-a98d-5fb3e6e453dc,5577e0cb-6d9d-461e-b894-4c6bc7e99841,4afe6860-52d2-4ac2-bd28-b0c9a8029bb7,negotiation,v1,26,0,0,12,"{'oi_01': 0.625, 'oi_sum': 1.5, 'sdi_01': 0.6166666666666667, 'sri_01': 0.25, 'sdi_sum': 3.7, 'sri_sum': 1.5, 'rt_sd_ms': 443.94943405752866, 'n_actions': 12, 'n_invalid': 0, 'n_missing': 0, 'mean_rt_ms': 867.5, 'final_score': 65, 'data_quality': 'ok', 'n_turns_expected': 6}","{'social_risk_01': 0.25, 'strategic_depth_01': 0.6166666666666667, 'negotiation_skill_01': 0.64625, 'cooperative_orientation_01': 0.625}","{'low_data': False, 'n_events': 26, 'n_actions': 12, 'n_expected': 6, 'rt_valid_n': 6, 'has_run_end': True, 'data_quality': 'ok', 'invalid_actions': 0, 'missing_actions': 0}",2026-03-22T19:57:07.208982+00:00,2026-03-22T19:57:07.183+00:00
024109f4-aa4a-4638-9145-f1d4be505705,245c8ee9-c754-4f90-be8a-7ed1a8e66003,0db74ac8-0ead-49cf-8374-4e2ca7276281,gonogo,v1,62,44,0,84,"{'rt_trend': None, 'miss_rate': 0.9777777777777777, 'mean_rt_go': 208, 'final_score': 66, 'go_accuracy': 0.022222222222222223, 'data_quality': 'warn', 'fatigue_drop': -0.04, 'nogo_accuracy': 1, 'rt_variability': None, 'false_alarm_rate': 0, 'post_error_slowing': None, 'inhibition_index_01': 1, 'impulsivity_index_01': 0}",{'self_control_inhibition': 1},"{'n_go': 45, 'n_nogo': 15, 'low_data': False, 'n_events': 62, 'n_actions': 60, 'has_run_end': True, 'data_quality': 'warn', 'rt_valid_go_n': 1}",2026-03-22T19:57:46.612196+00:00,2026-03-22T19:57:46.562+00:00
82f38858-fc39-43e9-98ff-0ab911959ed9,9be73e63-501a-4219-8c6c-ad03522ae91d,564dc85b-179b-439b-ac30-cf84dc5bc6d3,triage,v1,26,5,0,80,"{'accuracy': 0.375, 'score_total': 3, 'turns_total': 8, 'strategy_entropy': 0.37677016125643675, 'switch_after_win_rate': 0.3333333333333333, 'decision_latency_sd_ms': 5276.794671010044, 'switch_after_loss_rate': 0.25, 'decision_latency_mean_ms': 9562}",{'planning_prioritization': 0.4314098039603745},"{'low_data': False, 'n_events': 26, 'n_actions': 8, 'rt_valid_n': 8, 'has_run_end': True}",2026-03-22T19:58:27.620713+00:00,2026-03-22T19:58:27.569+00:00
7d0297a6-d60d-493c-a4c0-ea6e12af15a1,f145ee55-7e18-41ec-acdc-0e84374a5ee4,564dc85b-179b-439b-ac30-cf84dc5bc6d3,gonogo,v1,62,41,0,80,"{'rt_trend': 2.1881188118811874, 'miss_rate': 0.8666666666666667, 'mean_rt_go': 266.3333333333333, 'final_score': 62, 'go_accuracy': 0.13333333333333333, 'data_quality': 'warn', 'fatigue_drop': 0.2727272727272727, 'nogo_accuracy': 0.8666666666666667, 'rt_variability': 13.201010062365176, 'false_alarm_rate': 0.13333333333333333, 'post_error_slowing': -6.25, 'inhibition_index_01': 0.8666666666666667, 'impulsivity_index_01': 0.13333333333333333}",{'self_control_inhibition': 0.8666666666666667},"{'n_go': 45, 'n_nogo': 15, 'low_data': False, 'n_events': 62, 'n_actions': 60, 'has_run_end': True, 'data_quality': 'warn', 'rt_valid_go_n': 6}",2026-03-22T19:59:53.419172+00:00,2026-03-22T19:59:53.389+00:00
ab0b0e1d-e6fb-41af-a37a-51e0a0741b6a,18495fc5-d609-44af-af26-2748154f4520,564dc85b-179b-439b-ac30-cf84dc5bc6d3,negotiation,v1,26,0,0,47,"{'oi_01': 0.7333333333333334, 'oi_sum': 2.8, 'sdi_01': 0.5833333333333334, 'sri_01': 0.19999999999999998, 'sdi_sum': 3.5, 'sri_sum': 1.2, 'rt_sd_ms': 4532.884159119886, 'n_actions': 12, 'n_invalid': 0, 'n_missing': 0, 'mean_rt_ms': 6501, 'final_score': 68, 'data_quality': 'ok', 'n_turns_expected': 6}","{'social_risk_01': 0.19999999999999998, 'strategic_depth_01': 0.5833333333333334, 'negotiation_skill_01': 0.6791666666666667, 'cooperative_orientation_01': 0.7333333333333334}","{'low_data': False, 'n_events': 26, 'n_actions': 12, 'n_expected': 6, 'rt_valid_n': 6, 'has_run_end': True, 'data_quality': 'ok', 'invalid_actions': 0, 'missing_actions': 0}",2026-03-22T20:00:45.150468+00:00,2026-03-22T20:00:45.119+00:00
0d07c1e0-de2d-476a-9423-3e8c0a65c70a,1eeeacc3-b6ab-43b0-a4ff-de12f982849a,0db74ac8-0ead-49cf-8374-4e2ca7276281,negotiation,v1,26,0,0,225,"{'oi_01': 0.6083333333333334, 'oi_sum': 1.3000000000000003, 'sdi_01': 0.4166666666666667, 'sri_01': 0.38333333333333336, 'sdi_sum': 2.5, 'sri_sum': 2.3000000000000003, 'rt_sd_ms': 16309.649790844684, 'n_actions': 12, 'n_invalid': 0, 'n_missing': 0, 'mean_rt_ms': 21572.5, 'final_score': 52, 'data_quality': 'ok', 'n_turns_expected': 6}","{'social_risk_01': 0.38333333333333336, 'strategic_depth_01': 0.4166666666666667, 'negotiation_skill_01': 0.5237499999999999, 'cooperative_orientation_01': 0.6083333333333334}","{'low_data': False, 'n_events': 26, 'n_actions': 12, 'n_expected': 6, 'rt_valid_n': 6, 'has_run_end': True, 'data_quality': 'ok', 'invalid_actions': 0, 'missing_actions': 0}",2026-03-22T20:01:52.356285+00:00,2026-03-22T20:01:52.329+00:00
70728af3-eae7-4dff-9163-08848277a896,999c4d48-6de2-4208-bbbd-ed6e27a76577,211d4ea0-9d00-4bcf-a5ec-2ce05efcfc22,triage,v1,26,6,0,93,"{'accuracy': 0.25, 'score_total': 2, 'turns_total': 8, 'strategy_entropy': 0.5623351446188083, 'switch_after_win_rate': 0.5, 'decision_latency_sd_ms': 8881.564179121668, 'switch_after_loss_rate': 0.6, 'decision_latency_mean_ms': 11124.375}",{'planning_prioritization': 0.29762809857141703},"{'low_data': False, 'n_events': 26, 'n_actions': 8, 'rt_valid_n': 8, 'has_run_end': True}",2026-03-22T20:07:39.868105+00:00,2026-03-22T20:07:39.845+00:00
76b80dab-a487-4de0-bb7a-6e692956f8b2,2edd39e6-08d0-4bb0-bdd8-0ccb02204b10,211d4ea0-9d00-4bcf-a5ec-2ce05efcfc22,gonogo,v1,62,42,0,104,"{'rt_trend': None, 'miss_rate': 0.9333333333333333, 'mean_rt_go': 223.33333333333334, 'final_score': 62, 'go_accuracy': 0.06666666666666667, 'data_quality': 'warn', 'fatigue_drop': -0.13043478260869565, 'nogo_accuracy': 1, 'rt_variability': 121.5826193719042, 'false_alarm_rate': 0, 'post_error_slowing': -210.5, 'inhibition_index_01': 1, 'impulsivity_index_01': 0}",{'self_control_inhibition': 1},"{'n_go': 45, 'n_nogo': 15, 'low_data': False, 'n_events': 62, 'n_actions': 60, 'has_run_end': True, 'data_quality': 'warn', 'rt_valid_go_n': 3}",2026-03-22T20:09:31.904696+00:00,2026-03-22T20:09:31.879+00:00
fc75e8f8-6ea9-4979-90f5-a31e25c1cc4f,7ac8c3aa-f51e-46f4-aab9-201eaf83382b,211d4ea0-9d00-4bcf-a5ec-2ce05efcfc22,negotiation,v1,26,0,0,28,"{'oi_01': 0.6416666666666667, 'oi_sum': 1.7, 'sdi_01': 0.7166666666666667, 'sri_01': 0.21666666666666665, 'sdi_sum': 4.3, 'sri_sum': 1.2999999999999998, 'rt_sd_ms': 6453.6184268982, 'n_actions': 12, 'n_invalid': 0, 'n_missing': 0, 'mean_rt_ms': 3300, 'final_score': 70, 'data_quality': 'ok', 'n_turns_expected': 6}","{'social_risk_01': 0.21666666666666665, 'strategic_depth_01': 0.7166666666666667, 'negotiation_skill_01': 0.7037500000000001, 'cooperative_orientation_01': 0.6416666666666667}","{'low_data': False, 'n_events': 26, 'n_actions': 12, 'n_expected': 6, 'rt_valid_n': 6, 'has_run_end': True, 'data_quality': 'ok', 'invalid_actions': 0, 'missing_actions': 0}",2026-03-22T20:10:06.828278+00:00,2026-03-22T20:10:06.786+00:00
af5a33c5-b9da-4519-9167-5f15eecea250,3d485b3e-2139-4c77-ac37-8d7995fefea2,9d91e907-1818-4b7f-8a1c-4f4942778f0e,triage,v1,26,4,0,203,"{'accuracy': 0.5, 'score_total': 4, 'turns_total': 8, 'strategy_entropy': 0.6615632381579821, 'switch_after_win_rate': 0.5, 'decision_latency_sd_ms': 52392.43548708017, 'switch_after_loss_rate': 0.6666666666666666, 'decision_latency_mean_ms': 24914.375}",{'planning_prioritization': 0.4795638379468664},"{'low_data': False, 'n_events': 26, 'n_actions': 8, 'rt_valid_n': 8, 'has_run_end': True}",2026-03-22T21:31:35.997428+00:00,2026-03-22T21:31:35.972+00:00
05d7786b-f32e-4c13-8719-7866af31eeeb,124d1b8c-af66-4d1c-88ca-514c2a9b9cb8,9d91e907-1818-4b7f-8a1c-4f4942778f0e,gonogo,v1,62,28,0,78,"{'rt_trend': -0.6772972726996935, 'miss_rate': 0.4, 'mean_rt_go': 95.37037037037037, 'final_score': 47, 'go_accuracy': 0.6, 'data_quality': 'ok', 'fatigue_drop': -0.27, 'nogo_accuracy': 0.3333333333333333, 'rt_variability': 54.12389501316411, 'false_alarm_rate': 0.6666666666666666, 'post_error_slowing': 11.164705882352948, 'inhibition_index_01': 0.3333333333333333, 'impulsivity_index_01': 0.6666666666666666}",{'self_control_inhibition': 0.3333333333333333},"{'n_go': 45, 'n_nogo': 15, 'low_data': False, 'n_events': 62, 'n_actions': 60, 'has_run_end': True, 'data_quality': 'ok', 'rt_valid_go_n': 27}",2026-03-22T21:33:01.371844+00:00,2026-03-22T21:33:01.345+00:00
9a561c1f-c416-489a-a80d-e5e084304fa3,539f6c2d-c20a-4bdd-9fb0-177b71275650,9d91e907-1818-4b7f-8a1c-4f4942778f0e,negotiation,v1,26,0,0,10,"{'oi_01': 0.7166666666666667, 'oi_sum': 2.5999999999999996, 'sdi_01': 0.7999999999999999, 'sri_01': 0.11666666666666665, 'sdi_sum': 4.8, 'sri_sum': 0.7, 'rt_sd_ms': 523.1369801495589, 'n_actions': 12, 'n_invalid': 0, 'n_missing': 0, 'mean_rt_ms': 683.5, 'final_score': 79, 'data_quality': 'ok', 'n_turns_expected': 6}","{'social_risk_01': 0.11666666666666665, 'strategic_depth_01': 0.7999999999999999, 'negotiation_skill_01': 0.7875, 'cooperative_orientation_01': 0.7166666666666667}","{'low_data': False, 'n_events': 26, 'n_actions': 12, 'n_expected': 6, 'rt_valid_n': 6, 'has_run_end': True, 'data_quality': 'ok', 'invalid_actions': 0, 'missing_actions': 0}",2026-03-22T21:33:58.202116+00:00,2026-03-22T21:33:58.17+00:00
ce757219-10e9-4390-884c-6c77a637d772,fc72dc42-70ca-4a60-96d7-24e618741c9f,8a05d4e9-9f5f-4ac4-a831-a44667f42076,triage,v1,26,5,0,19,"{'accuracy': 0.375, 'score_total': 3, 'turns_total': 8, 'strategy_entropy': 0.37677016125643675, 'switch_after_win_rate': 0, 'decision_latency_sd_ms': 1597.932771695087, 'switch_after_loss_rate': 0.2, 'decision_latency_mean_ms': 1825}",{'planning_prioritization': 0.4314098039603745},"{'low_data': False, 'n_events': 26, 'n_actions': 8, 'rt_valid_n': 8, 'has_run_end': True}",2026-03-22T21:39:21.776221+00:00,2026-03-22T21:39:21.734+00:00
51b2eff3-4323-413d-afb7-badd96a8e076,3d0ee0d5-311a-46c6-bdbe-40a047b79ee8,8a05d4e9-9f5f-4ac4-a831-a44667f42076,gonogo,v1,62,17,0,73,"{'rt_trend': 0.5642437813956306, 'miss_rate': 0.044444444444444446, 'mean_rt_go': 120.81395348837209, 'final_score': 40, 'go_accuracy': 0.9555555555555556, 'data_quality': 'ok', 'fatigue_drop': 0.005952380952381042, 'nogo_accuracy': 0, 'rt_variability': 73.89350632399932, 'false_alarm_rate': 1, 'post_error_slowing': -16.271794871794867, 'inhibition_index_01': 0, 'impulsivity_index_01': 1}",{'self_control_inhibition': 0},"{'n_go': 45, 'n_nogo': 15, 'low_data': False, 'n_events': 62, 'n_actions': 60, 'has_run_end': True, 'data_quality': 'ok', 'rt_valid_go_n': 43}",2026-03-22T21:40:38.961974+00:00,2026-03-22T21:40:38.912+00:00
37abb42b-9901-4efd-9b2c-709b652fccaf,347e524d-719b-428d-918c-8aaa29d5bea0,8a05d4e9-9f5f-4ac4-a831-a44667f42076,negotiation,v1,26,0,0,9,"{'oi_01': 0.7166666666666667, 'oi_sum': 2.5999999999999996, 'sdi_01': 0.7999999999999999, 'sri_01': 0.11666666666666665, 'sdi_sum': 4.8, 'sri_sum': 0.7, 'rt_sd_ms': 412.46850384807163, 'n_actions': 12, 'n_invalid': 0, 'n_missing': 0, 'mean_rt_ms': 651.3333333333334, 'final_score': 79, 'data_quality': 'ok', 'n_turns_expected': 6}","{'social_risk_01': 0.11666666666666665, 'strategic_depth_01': 0.7999999999999999, 'negotiation_skill_01': 0.7875, 'cooperative_orientation_01': 0.7166666666666667}","{'low_data': False, 'n_events': 26, 'n_actions': 12, 'n_expected': 6, 'rt_valid_n': 6, 'has_run_end': True, 'data_quality': 'ok', 'invalid_actions': 0, 'missing_actions': 0}",2026-03-22T21:40:54.665614+00:00,2026-03-22T21:40:54.636+00:00
73255e33-1c94-4c21-ac55-85bf977912f7,54515a09-1a40-4cfc-a38c-b407d0db1230,ecd16b29-4553-4d30-ad5c-e249d1843454,gonogo,v1,62,45,0,89,"{'rt_trend': None, 'miss_rate': 1, 'mean_rt_go': None, 'final_score': 65, 'go_accuracy': 0, 'data_quality': 'warn', 'fatigue_drop': 0, 'nogo_accuracy': 1, 'rt_variability': None, 'false_alarm_rate': 0, 'post_error_slowing': None, 'inhibition_index_01': 1, 'impulsivity_index_01': 0}",{'self_control_inhibition': 1},"{'n_go': 45, 'n_nogo': 15, 'low_data': False, 'n_events': 62, 'n_actions': 60, 'has_run_end': True, 'data_quality': 'warn', 'rt_valid_go_n': 0}",2026-03-22T22:01:51.473577+00:00,2026-03-22T22:01:51.433+00:00
c4cffe45-bc7a-4734-88de-0f528b42c63b,c527d8fc-f11f-4ded-813e-6be133d84540,ecd16b29-4553-4d30-ad5c-e249d1843454,negotiation,v1,26,0,0,252,"{'oi_01': 0.4166666666666667, 'oi_sum': -0.9999999999999998, 'sdi_01': 0.4666666666666666, 'sri_01': 0.5000000000000001, 'sdi_sum': 2.8, 'sri_sum': 3.0000000000000004, 'rt_sd_ms': 10133.477994581459, 'n_actions': 12, 'n_invalid': 0, 'n_missing': 0, 'mean_rt_ms': 23921.666666666668, 'final_score': 46, 'data_quality': 'ok', 'n_turns_expected': 6}","{'social_risk_01': 0.5000000000000001, 'strategic_depth_01': 0.4666666666666666, 'negotiation_skill_01': 0.4558333333333333, 'cooperative_orientation_01': 0.4166666666666667}","{'low_data': False, 'n_events': 26, 'n_actions': 12, 'n_expected': 6, 'rt_valid_n': 6, 'has_run_end': True, 'data_quality': 'ok', 'invalid_actions': 0, 'missing_actions': 0}",2026-03-22T22:06:11.358807+00:00,2026-03-22T22:06:11.331+00:00
701903da-5588-483f-a8a9-e25e7010b3cf,88ce8b65-5789-405a-914b-e2c778046b5f,0d3aaf2c-81ce-4357-9d3f-8608d20acc56,triage,v1,26,3,0,226,"{'accuracy': 0.625, 'score_total': 5, 'turns_total': 8, 'strategy_entropy': 1.0397207708399179, 'switch_after_win_rate': 0.4, 'decision_latency_sd_ms': 36282.500628254464, 'switch_after_loss_rate': 0.5, 'decision_latency_mean_ms': 26039.875}",{'planning_prioritization': 0.5107210739285628},"{'low_data': False, 'n_events': 26, 'n_actions': 8, 'rt_valid_n': 8, 'has_run_end': True}",2026-03-23T08:36:14.46706+00:00,2026-03-23T08:36:14.437+00:00
8f1effd6-993a-4fff-bf75-3acc2d760878,5643b015-b9b1-45d6-9506-6ccaa5f5976e,0d3aaf2c-81ce-4357-9d3f-8608d20acc56,gonogo,v1,62,39,0,78,"{'rt_trend': -1.3215052759361285, 'miss_rate': 0.8666666666666667, 'mean_rt_go': 266.3333333333333, 'final_score': 68, 'go_accuracy': 0.13333333333333333, 'data_quality': 'warn', 'fatigue_drop': 0.18379446640316205, 'nogo_accuracy': 1, 'rt_variability': 51.79832687130605, 'false_alarm_rate': 0, 'post_error_slowing': 40.75, 'inhibition_index_01': 1, 'impulsivity_index_01': 0}",{'self_control_inhibition': 1},"{'n_go': 45, 'n_nogo': 15, 'low_data': False, 'n_events': 62, 'n_actions': 60, 'has_run_end': True, 'data_quality': 'warn', 'rt_valid_go_n': 6}",2026-03-23T08:37:38.402121+00:00,2026-03-23T08:37:38.375+00:00
c941fb60-72ca-4ed6-8192-895b2be0838a,e4b8e5ed-39d8-4173-aa6e-5410b3c80965,0d3aaf2c-81ce-4357-9d3f-8608d20acc56,negotiation,v1,26,0,0,47,"{'oi_01': 0.47500000000000003, 'oi_sum': -0.30000000000000016, 'sdi_01': 0.4666666666666666, 'sri_01': 0.5166666666666666, 'sdi_sum': 2.8, 'sri_sum': 3.0999999999999996, 'rt_sd_ms': 1956.8003900926294, 'n_actions': 12, 'n_invalid': 0, 'n_missing': 0, 'mean_rt_ms': 5054.833333333333, 'final_score': 47, 'data_quality': 'ok', 'n_turns_expected': 6}","{'social_risk_01': 0.5166666666666666, 'strategic_depth_01': 0.4666666666666666, 'negotiation_skill_01': 0.47291666666666665, 'cooperative_orientation_01': 0.47500000000000003}","{'low_data': False, 'n_events': 26, 'n_actions': 12, 'n_expected': 6, 'rt_valid_n': 6, 'has_run_end': True, 'data_quality': 'ok', 'invalid_actions': 0, 'missing_actions': 0}",2026-03-23T08:38:38.507951+00:00,2026-03-23T08:38:38.412+00:00
96697179-62c0-49fd-9b63-9de875f3fd28,3b78ae62-d32a-40d4-bff7-c9889a3d9621,fb738062-ddf7-4f3d-b298-e4cd5035e9b8,triage,v1,26,2,0,37,"{'accuracy': 0.75, 'score_total': 6, 'turns_total': 8, 'strategy_entropy': 1.0821955300387671, 'switch_after_win_rate': 1, 'decision_latency_sd_ms': 2819.709090871407, 'switch_after_loss_rate': 0.5, 'decision_latency_mean_ms': 4250.25}",{'planning_prioritization': 0.6029886355356985},"{'low_data': False, 'n_events': 26, 'n_actions': 8, 'rt_valid_n': 8, 'has_run_end': True}",2026-03-23T11:22:38.410133+00:00,2026-03-23T11:22:38.385+00:00
c1668627-07da-4260-9dce-a7955f2f39a4,1d7779e1-4fff-4b2a-8dc8-6badfef13fae,fb738062-ddf7-4f3d-b298-e4cd5035e9b8,gonogo,v1,62,29,0,81,"{'rt_trend': 0.9965694682675815, 'miss_rate': 0.5333333333333333, 'mean_rt_go': 233.38095238095238, 'final_score': 60, 'go_accuracy': 0.4666666666666667, 'data_quality': 'ok', 'fatigue_drop': -0.11264822134387348, 'nogo_accuracy': 0.6666666666666666, 'rt_variability': 77.6301978552652, 'false_alarm_rate': 0.3333333333333333, 'post_error_slowing': 8.627272727272725, 'inhibition_index_01': 0.6666666666666666, 'impulsivity_index_01': 0.3333333333333333}",{'self_control_inhibition': 0.6666666666666666},"{'n_go': 45, 'n_nogo': 15, 'low_data': False, 'n_events': 62, 'n_actions': 60, 'has_run_end': True, 'data_quality': 'ok', 'rt_valid_go_n': 21}",2026-03-23T11:25:25.728528+00:00,2026-03-23T11:25:25.704+00:00
5f18cb24-a786-4d1e-a0e5-063dc390c358,14094ebb-cf43-4ea4-84ff-d949ac180a8b,fb738062-ddf7-4f3d-b298-e4cd5035e9b8,gonogo,v1,62,31,0,78,"{'rt_trend': 2.532922025408917, 'miss_rate': 0.6222222222222222, 'mean_rt_go': 213.05882352941177, 'final_score': 63, 'go_accuracy': 0.37777777777777777, 'data_quality': 'ok', 'fatigue_drop': 0.027667984189723327, 'nogo_accuracy': 0.8, 'rt_variability': 97.98052777735693, 'false_alarm_rate': 0.2, 'post_error_slowing': -25.590909090909093, 'inhibition_index_01': 0.8, 'impulsivity_index_01': 0.2}",{'self_control_inhibition': 0.8},"{'n_go': 45, 'n_nogo': 15, 'low_data': False, 'n_events': 62, 'n_actions': 60, 'has_run_end': True, 'data_quality': 'ok', 'rt_valid_go_n': 17}",2026-03-23T11:26:54.564108+00:00,2026-03-23T11:26:54.507+00:00
446bb2d2-9801-4720-9a35-4689f19593e7,5f343c65-6f7c-41f4-bca6-29fcda77bcec,fb738062-ddf7-4f3d-b298-e4cd5035e9b8,negotiation,v1,26,0,0,36,"{'oi_01': 0.6416666666666667, 'oi_sum': 1.7, 'sdi_01': 0.6333333333333333, 'sri_01': 0.3, 'sdi_sum': 3.8, 'sri_sum': 1.8, 'rt_sd_ms': 1118.5495518751059, 'n_actions': 12, 'n_invalid': 0, 'n_missing': 0, 'mean_rt_ms': 1973.5, 'final_score': 65, 'data_quality': 'ok', 'n_turns_expected': 6}","{'social_risk_01': 0.3, 'strategic_depth_01': 0.6333333333333333, 'negotiation_skill_01': 0.6495833333333333, 'cooperative_orientation_01': 0.6416666666666667}","{'low_data': False, 'n_events': 26, 'n_actions': 12, 'n_expected': 6, 'rt_valid_n': 6, 'has_run_end': True, 'data_quality': 'ok', 'invalid_actions': 0, 'missing_actions': 0}",2026-03-23T11:39:34.807932+00:00,2026-03-23T11:39:34.775+00:00
88b42fa1-852f-4106-98bf-2ff4455b54e5,76575103-baad-4b93-93f6-866c05870d29,7b670719-c778-4181-8096-379c0dc8d149,triage,v1,26,1,0,38,"{'accuracy': 0.875, 'score_total': 7, 'turns_total': 8, 'strategy_entropy': 1.0821955300387671, 'switch_after_win_rate': 1, 'decision_latency_sd_ms': 1480.2396463796954, 'switch_after_loss_rate': 1, 'decision_latency_mean_ms': 4380.625}",{'planning_prioritization': 0.7029886355356985},"{'low_data': False, 'n_events': 26, 'n_actions': 8, 'rt_valid_n': 8, 'has_run_end': True}",2026-03-23T14:21:31.2147+00:00,2026-03-23T14:21:31.186+00:00
bdf07b5c-36d0-433d-b26c-568268660363,d664b656-05df-4a08-b241-cdcc044b0a0a,7b670719-c778-4181-8096-379c0dc8d149,gonogo,v1,62,37,0,79,"{'rt_trend': 0.0463980022077053, 'miss_rate': 0.6888888888888889, 'mean_rt_go': 233.42857142857142, 'final_score': 52, 'go_accuracy': 0.3111111111111111, 'data_quality': 'ok', 'fatigue_drop': 0.25296442687747034, 'nogo_accuracy': 0.6, 'rt_variability': 57.42515434588184, 'false_alarm_rate': 0.4, 'post_error_slowing': -12.416666666666657, 'inhibition_index_01': 0.6, 'impulsivity_index_01': 0.4}",{'self_control_inhibition': 0.6},"{'n_go': 45, 'n_nogo': 15, 'low_data': False, 'n_events': 62, 'n_actions': 60, 'has_run_end': True, 'data_quality': 'ok', 'rt_valid_go_n': 14}",2026-03-23T14:23:16.90556+00:00,2026-03-23T14:23:16.879+00:00
f05c862f-4174-4d56-a977-09cbfbc6578f,8ad26c51-4694-4622-ac84-02c8555a66d8,7b670719-c778-4181-8096-379c0dc8d149,negotiation,v1,26,0,0,105,"{'oi_01': 0.7333333333333334, 'oi_sum': 2.8, 'sdi_01': 0.5833333333333334, 'sri_01': 0.19999999999999998, 'sdi_sum': 3.5, 'sri_sum': 1.2, 'rt_sd_ms': 5541.7191075212995, 'n_actions': 12, 'n_invalid': 0, 'n_missing': 0, 'mean_rt_ms': 9895.666666666666, 'final_score': 68, 'data_quality': 'ok', 'n_turns_expected': 6}","{'social_risk_01': 0.19999999999999998, 'strategic_depth_01': 0.5833333333333334, 'negotiation_skill_01': 0.6791666666666667, 'cooperative_orientation_01': 0.7333333333333334}","{'low_data': False, 'n_events': 26, 'n_actions': 12, 'n_expected': 6, 'rt_valid_n': 6, 'has_run_end': True, 'data_quality': 'ok', 'invalid_actions': 0, 'missing_actions': 0}",2026-03-23T14:25:09.82756+00:00,2026-03-23T14:25:09.798+00:00
08ebab13-87bd-4587-a424-2e317bf53fa3,3cebd78a-5b41-4aa4-833c-e576bcfd2dc7,00e39e14-5150-4161-a4a9-f59879ec522e,triage,v1,26,4,0,59,"{'accuracy': 0.5, 'score_total': 4, 'turns_total': 8, 'strategy_entropy': 0.9002560512685369, 'switch_after_win_rate': 0.6666666666666666, 'decision_latency_sd_ms': 3952.9718205782488, 'switch_after_loss_rate': 0.5, 'decision_latency_mean_ms': 7161.25}",{'planning_prioritization': 0.4361103256254393},"{'low_data': False, 'n_events': 26, 'n_actions': 8, 'rt_valid_n': 8, 'has_run_end': True}",2026-03-23T15:20:18.811107+00:00,2026-03-23T15:20:18.786+00:00
04351182-157e-4c1a-a9f5-2328b0625966,7e689ddd-c5ea-42d4-8724-55fd3a0380df,00e39e14-5150-4161-a4a9-f59879ec522e,triage,v1,26,4,0,34,"{'accuracy': 0.5, 'score_total': 4, 'turns_total': 8, 'strategy_entropy': 0.9002560512685369, 'switch_after_win_rate': 1, 'decision_latency_sd_ms': 1945.7669071969688, 'switch_after_loss_rate': 0.5, 'decision_latency_mean_ms': 3955}",{'planning_prioritization': 0.4361103256254393},"{'low_data': False, 'n_events': 26, 'n_actions': 8, 'rt_valid_n': 8, 'has_run_end': True}",2026-03-23T15:21:06.125789+00:00,2026-03-23T15:21:06.097+00:00
60fb4d10-1c7b-4bdf-99d5-f4cad7114ab6,a4d59df5-6ca7-4937-b673-4b493e4310de,00e39e14-5150-4161-a4a9-f59879ec522e,gonogo,v1,62,30,0,79,"{'rt_trend': 0.4960789962230331, 'miss_rate': 0.5777777777777777, 'mean_rt_go': 285.05263157894734, 'final_score': 65, 'go_accuracy': 0.4222222222222222, 'data_quality': 'ok', 'fatigue_drop': -0.5592885375494071, 'nogo_accuracy': 0.7333333333333333, 'rt_variability': 14.46249434537689, 'false_alarm_rate': 0.26666666666666666, 'post_error_slowing': 11.333333333333314, 'inhibition_index_01': 0.7333333333333333, 'impulsivity_index_01': 0.26666666666666666}",{'self_control_inhibition': 0.7333333333333333},"{'n_go': 45, 'n_nogo': 15, 'low_data': False, 'n_events': 62, 'n_actions': 60, 'has_run_end': True, 'data_quality': 'ok', 'rt_valid_go_n': 19}",2026-03-23T15:24:01.62217+00:00,2026-03-23T15:24:01.59+00:00
476f82de-c8e7-4c35-a248-18acccc9c9fb,ff5eb3d5-caad-4028-94c3-6fd2930df979,00e39e14-5150-4161-a4a9-f59879ec522e,negotiation,v1,26,0,0,137,"{'oi_01': 0.6583333333333333, 'oi_sum': 1.9, 'sdi_01': 0.7166666666666667, 'sri_01': 0.21666666666666667, 'sdi_sum': 4.3, 'sri_sum': 1.3, 'rt_sd_ms': 11453.339240879344, 'n_actions': 12, 'n_invalid': 0, 'n_missing': 0, 'mean_rt_ms': 17651.166666666668, 'final_score': 71, 'data_quality': 'ok', 'n_turns_expected': 6}","{'social_risk_01': 0.21666666666666667, 'strategic_depth_01': 0.7166666666666667, 'negotiation_skill_01': 0.7095833333333335, 'cooperative_orientation_01': 0.6583333333333333}","{'low_data': False, 'n_events': 26, 'n_actions': 12, 'n_expected': 6, 'rt_valid_n': 6, 'has_run_end': True, 'data_quality': 'ok', 'invalid_actions': 0, 'missing_actions': 0}",2026-03-23T15:26:32.642768+00:00,2026-03-23T15:26:32.611+00:00
e40f2feb-6273-4260-9e97-2cdc75a1ced1,7da3defc-8fb8-4bf4-bf6d-0665fe8339ce,051df7e4-6071-494b-9fa8-07f9b1d8e2a3,triage,v1,26,2,0,28,"{'accuracy': 0.75, 'score_total': 6, 'turns_total': 8, 'strategy_entropy': 1.0821955300387673, 'switch_after_win_rate': 1, 'decision_latency_sd_ms': 673.5228148643943, 'switch_after_loss_rate': 0.5, 'decision_latency_mean_ms': 3155.125}",{'planning_prioritization': 0.6029886355356985},"{'low_data': False, 'n_events': 26, 'n_actions': 8, 'rt_valid_n': 8, 'has_run_end': True}",2026-03-23T15:31:14.509036+00:00,2026-03-23T15:31:14.465+00:00
09780c58-c1ea-4304-b898-6313f3038b52,cdb4ea09-e0ac-4fd9-9667-f90618f5e1ed,051df7e4-6071-494b-9fa8-07f9b1d8e2a3,gonogo,v1,62,41,0,80,"{'rt_trend': None, 'miss_rate': 0.9111111111111111, 'mean_rt_go': 291.25, 'final_score': 67, 'go_accuracy': 0.08888888888888889, 'data_quality': 'warn', 'fatigue_drop': -0.16666666666666666, 'nogo_accuracy': 1, 'rt_variability': 15.5, 'false_alarm_rate': 0, 'post_error_slowing': -14.5, 'inhibition_index_01': 1, 'impulsivity_index_01': 0}",{'self_control_inhibition': 1},"{'n_go': 45, 'n_nogo': 15, 'low_data': False, 'n_events': 62, 'n_actions': 60, 'has_run_end': True, 'data_quality': 'warn', 'rt_valid_go_n': 4}",2026-03-23T15:32:44.686413+00:00,2026-03-23T15:32:44.651+00:00
c0bb18b7-d332-41b5-b3de-0bf3de66b7fa,37a2a18d-78a9-449b-92c8-f20820467366,051df7e4-6071-494b-9fa8-07f9b1d8e2a3,negotiation,v1,26,0,0,23,"{'oi_01': 0.7166666666666667, 'oi_sum': 2.5999999999999996, 'sdi_01': 0.7999999999999999, 'sri_01': 0.11666666666666665, 'sdi_sum': 4.8, 'sri_sum': 0.7, 'rt_sd_ms': 1235.7811160018052, 'n_actions': 12, 'n_invalid': 0, 'n_missing': 0, 'mean_rt_ms': 1275.8333333333333, 'final_score': 79, 'data_quality': 'ok', 'n_turns_expected': 6}","{'social_risk_01': 0.11666666666666665, 'strategic_depth_01': 0.7999999999999999, 'negotiation_skill_01': 0.7875, 'cooperative_orientation_01': 0.7166666666666667}","{'low_data': False, 'n_events': 26, 'n_actions': 12, 'n_expected': 6, 'rt_valid_n': 6, 'has_run_end': True, 'data_quality': 'ok', 'invalid_actions': 0, 'missing_actions': 0}",2026-03-23T15:33:13.702575+00:00,2026-03-23T15:33:13.667+00:00
8b689d91-4c99-489f-9e47-439885498509,92df2f5d-191b-41dc-be48-ecb6b19b056a,60f0ee69-967e-411d-972e-6bee0440d37d,triage,v1,26,1,0,35,"{'accuracy': 0.875, 'score_total': 7, 'turns_total': 8, 'strategy_entropy': 0.9743147528693494, 'switch_after_win_rate': 0.5, 'decision_latency_sd_ms': 1166.495047751413, 'switch_after_loss_rate': 1, 'decision_latency_mean_ms': 4076.875}",{'planning_prioritization': 0.7226280985714171},"{'low_data': False, 'n_events': 26, 'n_actions': 8, 'rt_valid_n': 8, 'has_run_end': True}",2026-03-23T15:37:30.073383+00:00,2026-03-23T15:37:30.035+00:00
300d2179-d15e-4180-9616-3b6e4c096a4c,ef66d8ac-71e0-4c9e-b115-f68b0848eb33,60f0ee69-967e-411d-972e-6bee0440d37d,gonogo,v1,62,35,0,80,"{'rt_trend': 0.9763155426320232, 'miss_rate': 0.7555555555555555, 'mean_rt_go': 256.8181818181818, 'final_score': 66, 'go_accuracy': 0.24444444444444444, 'data_quality': 'ok', 'fatigue_drop': -0.03359683794466403, 'nogo_accuracy': 0.9333333333333333, 'rt_variability': 86.86059887177636, 'false_alarm_rate': 0.06666666666666667, 'post_error_slowing': 6.666666666666686, 'inhibition_index_01': 0.9333333333333333, 'impulsivity_index_01': 0.06666666666666667}",{'self_control_inhibition': 0.9333333333333333},"{'n_go': 45, 'n_nogo': 15, 'low_data': False, 'n_events': 62, 'n_actions': 60, 'has_run_end': True, 'data_quality': 'ok', 'rt_valid_go_n': 11}",2026-03-23T15:38:56.354332+00:00,2026-03-23T15:38:56.271+00:00
4b45d546-4d09-4a96-91e9-8ab4c661d0f3,70b1fb52-b4c8-4ca6-85d1-533fa75ddd7e,60f0ee69-967e-411d-972e-6bee0440d37d,negotiation,v1,26,0,0,8,"{'oi_01': 0.7166666666666667, 'oi_sum': 2.5999999999999996, 'sdi_01': 0.7999999999999999, 'sri_01': 0.11666666666666665, 'sdi_sum': 4.8, 'sri_sum': 0.7, 'rt_sd_ms': 270.8859538625065, 'n_actions': 12, 'n_invalid': 0, 'n_missing': 0, 'mean_rt_ms': 571, 'final_score': 79, 'data_quality': 'ok', 'n_turns_expected': 6}","{'social_risk_01': 0.11666666666666665, 'strategic_depth_01': 0.7999999999999999, 'negotiation_skill_01': 0.7875, 'cooperative_orientation_01': 0.7166666666666667}","{'low_data': False, 'n_events': 26, 'n_actions': 12, 'n_expected': 6, 'rt_valid_n': 6, 'has_run_end': True, 'data_quality': 'ok', 'invalid_actions': 0, 'missing_actions': 0}",2026-03-23T15:39:11.671604+00:00,2026-03-23T15:39:11.632+00:00
4f481064-df14-4a86-98e1-4731431c5761,2398bb7f-7d65-4522-b939-8f616071bb4d,1d427c45-76bc-4bf1-9fc8-6c826a5a6195,triage,v1,26,3,0,21,"{'accuracy': 0.625, 'score_total': 5, 'turns_total': 8, 'strategy_entropy': 0.5623351446188083, 'switch_after_win_rate': 0.6, 'decision_latency_sd_ms': 1884.9072684655566, 'switch_after_loss_rate': 0.5, 'decision_latency_mean_ms': 2337.625}",{'planning_prioritization': 0.5976280985714171},"{'low_data': False, 'n_events': 26, 'n_actions': 8, 'rt_valid_n': 8, 'has_run_end': True}",2026-03-23T15:44:35.989415+00:00,2026-03-23T15:44:35.963+00:00
9945f590-0baf-4730-9cd8-da14e6701bc3,d5d0c6ef-4c48-4374-b438-c67d2fa04842,35bb3a87-abf2-4745-bf66-21ef7ce9ffb3,triage,v1,26,5,0,8,"{'accuracy': 0.375, 'score_total': 3, 'turns_total': 8, 'strategy_entropy': 0.9743147528693494, 'switch_after_win_rate': 1, 'decision_latency_sd_ms': 650.7353532735101, 'switch_after_loss_rate': 1, 'decision_latency_mean_ms': 738.75}",{'planning_prioritization': 0.32262809857141705},"{'low_data': False, 'n_events': 26, 'n_actions': 8, 'rt_valid_n': 8, 'has_run_end': True}",2026-03-23T15:44:49.229705+00:00,2026-03-23T15:44:49.206+00:00
ff1f8d97-a484-40a7-8604-b172554659ae,af6700cb-9aa7-4ed2-b834-aa5ec62949fd,1d427c45-76bc-4bf1-9fc8-6c826a5a6195,gonogo,v1,62,29,0,77,"{'rt_trend': -2.0224294914501444, 'miss_rate': 0.6, 'mean_rt_go': 265.05555555555554, 'final_score': 70, 'go_accuracy': 0.4, 'data_quality': 'ok', 'fatigue_drop': -0.2490118577075099, 'nogo_accuracy': 0.8666666666666667, 'rt_variability': 49.176120726153286, 'false_alarm_rate': 0.13333333333333333, 'post_error_slowing': -31.083333333333343, 'inhibition_index_01': 0.8666666666666667, 'impulsivity_index_01': 0.13333333333333333}",{'self_control_inhibition': 0.8666666666666667},"{'n_go': 45, 'n_nogo': 15, 'low_data': False, 'n_events': 62, 'n_actions': 60, 'has_run_end': True, 'data_quality': 'ok', 'rt_valid_go_n': 18}",2026-03-23T15:45:59.696306+00:00,2026-03-23T15:45:59.673+00:00
af7038df-0a1d-4fb6-aac0-1af7d53b8a56,051b75e6-e456-41a3-abdd-47ed0c8e34c2,1d427c45-76bc-4bf1-9fc8-6c826a5a6195,negotiation,v1,26,0,0,7,"{'oi_01': 0.7166666666666667, 'oi_sum': 2.5999999999999996, 'sdi_01': 0.7999999999999999, 'sri_01': 0.11666666666666665, 'sdi_sum': 4.8, 'sri_sum': 0.7, 'rt_sd_ms': 178.19539836931816, 'n_actions': 12, 'n_invalid': 0, 'n_missing': 0, 'mean_rt_ms': 500, 'final_score': 79, 'data_quality': 'ok', 'n_turns_expected': 6}","{'social_risk_01': 0.11666666666666665, 'strategic_depth_01': 0.7999999999999999, 'negotiation_skill_01': 0.7875, 'cooperative_orientation_01': 0.7166666666666667}","{'low_data': False, 'n_events': 26, 'n_actions': 12, 'n_expected': 6, 'rt_valid_n': 6, 'has_run_end': True, 'data_quality': 'ok', 'invalid_actions': 0, 'missing_actions': 0}",2026-03-23T15:46:12.354899+00:00,2026-03-23T15:46:12.329+00:00
a0b18903-4a47-48d2-aed9-85442bb9c571,d4f49a7f-185f-42f1-9b52-8a6cc848a8e5,35bb3a87-abf2-4745-bf66-21ef7ce9ffb3,gonogo,v1,62,22,0,75,"{'rt_trend': -2.371585159315402, 'miss_rate': 0.2, 'mean_rt_go': 180.5, 'final_score': 42, 'go_accuracy': 0.8, 'data_quality': 'ok', 'fatigue_drop': -0.035573122529644285, 'nogo_accuracy': 0.13333333333333333, 'rt_variability': 87.87767472052111, 'false_alarm_rate': 0.8666666666666667, 'post_error_slowing': 15.194805194805184, 'inhibition_index_01': 0.13333333333333333, 'impulsivity_index_01': 0.8666666666666667}",{'self_control_inhibition': 0.13333333333333333},"{'n_go': 45, 'n_nogo': 15, 'low_data': False, 'n_events': 62, 'n_actions': 60, 'has_run_end': True, 'data_quality': 'ok', 'rt_valid_go_n': 36}",2026-03-23T15:47:11.922214+00:00,2026-03-23T15:47:11.883+00:00
e00fa484-db59-4d0e-b33e-c985cd83be93,7272671d-6113-4d25-b001-955b4252d313,35bb3a87-abf2-4745-bf66-21ef7ce9ffb3,negotiation,v1,26,0,0,7,"{'oi_01': 0.7166666666666667, 'oi_sum': 2.5999999999999996, 'sdi_01': 0.7999999999999999, 'sri_01': 0.11666666666666665, 'sdi_sum': 4.8, 'sri_sum': 0.7, 'rt_sd_ms': 449.7909514430009, 'n_actions': 12, 'n_invalid': 0, 'n_missing': 0, 'mean_rt_ms': 484.5, 'final_score': 79, 'data_quality': 'ok', 'n_turns_expected': 6}","{'social_risk_01': 0.11666666666666665, 'strategic_depth_01': 0.7999999999999999, 'negotiation_skill_01': 0.7875, 'cooperative_orientation_01': 0.7166666666666667}","{'low_data': False, 'n_events': 26, 'n_actions': 12, 'n_expected': 6, 'rt_valid_n': 6, 'has_run_end': True, 'data_quality': 'ok', 'invalid_actions': 0, 'missing_actions': 0}",2026-03-23T15:47:26.006655+00:00,2026-03-23T15:47:25.982+00:00
ce811b42-7d2e-45e2-bc95-9b282b090671,5fb53920-2221-4e48-96a9-d252cee705ef,35bb3a87-abf2-4745-bf66-21ef7ce9ffb3,negotiation,v1,26,0,0,7,"{'oi_01': 0.7166666666666667, 'oi_sum': 2.5999999999999996, 'sdi_01': 0.7999999999999999, 'sri_01': 0.11666666666666665, 'sdi_sum': 4.8, 'sri_sum': 0.7, 'rt_sd_ms': 302.52867632672445, 'n_actions': 12, 'n_invalid': 0, 'n_missing': 0, 'mean_rt_ms': 362, 'final_score': 79, 'data_quality': 'ok', 'n_turns_expected': 6}","{'social_risk_01': 0.11666666666666665, 'strategic_depth_01': 0.7999999999999999, 'negotiation_skill_01': 0.7875, 'cooperative_orientation_01': 0.7166666666666667}","{'low_data': False, 'n_events': 26, 'n_actions': 12, 'n_expected': 6, 'rt_valid_n': 6, 'has_run_end': True, 'data_quality': 'ok', 'invalid_actions': 0, 'missing_actions': 0}",2026-03-23T15:47:42.836898+00:00,2026-03-23T15:47:42.814+00:00
e9246349-41fd-4e82-b0ef-2d92f4827fae,64789ba8-24da-4e8e-9f19-ad3379f0267f,31458e85-6856-45b8-adb8-e5d604e836f1,triage,v1,26,3,0,10,"{'accuracy': 0.625, 'score_total': 5, 'turns_total': 8, 'strategy_entropy': 0.5623351446188083, 'switch_after_win_rate': 0.5, 'decision_latency_sd_ms': 222.19923492217518, 'switch_after_loss_rate': 0.3333333333333333, 'decision_latency_mean_ms': 572.25}",{'planning_prioritization': 0.5976280985714171},"{'low_data': False, 'n_events': 26, 'n_actions': 8, 'rt_valid_n': 8, 'has_run_end': True}",2026-03-23T20:04:58.479199+00:00,2026-03-23T20:04:58.44+00:00
ff4c1d85-2c6d-447d-8e5e-51f8f4795e86,dd0449d7-d12d-4c7e-9414-9f299fc2bd0c,31458e85-6856-45b8-adb8-e5d604e836f1,gonogo,v1,62,31,0,78,"{'rt_trend': 1.3639887456763777, 'miss_rate': 0.4444444444444444, 'mean_rt_go': 158.56, 'final_score': 40, 'go_accuracy': 0.5555555555555556, 'data_quality': 'ok', 'fatigue_drop': 0.01976284584980237, 'nogo_accuracy': 0.26666666666666666, 'rt_variability': 101.20856353754525, 'false_alarm_rate': 0.7333333333333333, 'post_error_slowing': -75.11538461538461, 'inhibition_index_01': 0.26666666666666666, 'impulsivity_index_01': 0.7333333333333333}",{'self_control_inhibition': 0.26666666666666666},"{'n_go': 45, 'n_nogo': 15, 'low_data': False, 'n_events': 62, 'n_actions': 60, 'has_run_end': True, 'data_quality': 'ok', 'rt_valid_go_n': 25}",2026-03-23T20:06:25.288152+00:00,2026-03-23T20:06:25.264+00:00
416f74a9-7608-476b-8785-246d46a23f03,5a74c1f8-300f-48f6-bdd8-30ef034d36ae,31458e85-6856-45b8-adb8-e5d604e836f1,negotiation,v1,26,0,0,10,"{'oi_01': 0.45, 'oi_sum': -0.6, 'sdi_01': 0.45, 'sri_01': 0.38333333333333336, 'sdi_sum': 2.7, 'sri_sum': 2.3000000000000003, 'rt_sd_ms': 530.4163144801136, 'n_actions': 12, 'n_invalid': 0, 'n_missing': 0, 'mean_rt_ms': 603.6666666666666, 'final_score': 48, 'data_quality': 'ok', 'n_turns_expected': 6}","{'social_risk_01': 0.38333333333333336, 'strategic_depth_01': 0.45, 'negotiation_skill_01': 0.48333333333333334, 'cooperative_orientation_01': 0.45}","{'low_data': False, 'n_events': 26, 'n_actions': 12, 'n_expected': 6, 'rt_valid_n': 6, 'has_run_end': True, 'data_quality': 'ok', 'invalid_actions': 0, 'missing_actions': 0}",2026-03-23T20:06:42.171906+00:00,2026-03-23T20:06:42.145+00:00
1f15c9c2-3202-4923-8f3d-2a9281b2c60f,070afd1b-ee7c-4340-89a9-d38f2151d8fc,fcc4e58f-a519-4ca8-97d0-fb939202cdab,triage,v1,26,5,0,50,"{'accuracy': 0.375, 'score_total': 3, 'turns_total': 8, 'strategy_entropy': 0.7356219397587946, 'switch_after_win_rate': 0.6666666666666666, 'decision_latency_sd_ms': 1841.6852094520077, 'switch_after_loss_rate': 0.5, 'decision_latency_mean_ms': 5873.875}",{'planning_prioritization': 0.3660816108928442},"{'low_data': False, 'n_events': 26, 'n_actions': 8, 'rt_valid_n': 8, 'has_run_end': True}",2026-03-23T20:11:51.283607+00:00,2026-03-23T20:11:51.254+00:00
e3d99f34-6a3e-491a-985a-3e061f3f6d4f,f76f38a2-c625-48bd-a9e7-3e168c9a2e98,fcc4e58f-a519-4ca8-97d0-fb939202cdab,gonogo,v1,62,37,0,82,"{'rt_trend': -0.5228225430833722, 'miss_rate': 0.8222222222222222, 'mean_rt_go': 281.625, 'final_score': 70, 'go_accuracy': 0.17777777777777778, 'data_quality': 'warn', 'fatigue_drop': 0.11309523809523808, 'nogo_accuracy': 1, 'rt_variability': 23.66997797089928, 'false_alarm_rate': 0, 'post_error_slowing': 19.25, 'inhibition_index_01': 1, 'impulsivity_index_01': 0}",{'self_control_inhibition': 1},"{'n_go': 45, 'n_nogo': 15, 'low_data': False, 'n_events': 62, 'n_actions': 60, 'has_run_end': True, 'data_quality': 'warn', 'rt_valid_go_n': 8}",2026-03-23T20:13:24.696896+00:00,2026-03-23T20:13:24.666+00:00
176a8c94-2091-4dca-ba8a-172929727089,d3e8cea4-4396-4d18-8849-42689ccd3ea9,fcc4e58f-a519-4ca8-97d0-fb939202cdab,negotiation,v1,26,0,0,31,"{'oi_01': 0.7166666666666667, 'oi_sum': 2.5999999999999996, 'sdi_01': 0.7999999999999999, 'sri_01': 0.11666666666666665, 'sdi_sum': 4.8, 'sri_sum': 0.7, 'rt_sd_ms': 272.65539911519573, 'n_actions': 12, 'n_invalid': 0, 'n_missing': 0, 'mean_rt_ms': 1887.1666666666667, 'final_score': 79, 'data_quality': 'ok', 'n_turns_expected': 6}","{'social_risk_01': 0.11666666666666665, 'strategic_depth_01': 0.7999999999999999, 'negotiation_skill_01': 0.7875, 'cooperative_orientation_01': 0.7166666666666667}","{'low_data': False, 'n_events': 26, 'n_actions': 12, 'n_expected': 6, 'rt_valid_n': 6, 'has_run_end': True, 'data_quality': 'ok', 'invalid_actions': 0, 'missing_actions': 0}",2026-03-23T20:14:02.734978+00:00,2026-03-23T20:14:02.707+00:00
2880a379-dd70-4044-b84b-3c3aa3211cee,71f433c5-aa57-44d2-9ac1-fdfb8c30b6d6,34f9c987-bf19-46dc-bb62-41c5f7f98f9b,triage,v1,26,4,0,9,"{'accuracy': 0.5, 'score_total': 4, 'turns_total': 8, 'strategy_entropy': 0.9743147528693494, 'switch_after_win_rate': 0.75, 'decision_latency_sd_ms': 153.91161656706004, 'switch_after_loss_rate': 0.3333333333333333, 'decision_latency_mean_ms': 549.75}",{'planning_prioritization': 0.42262809857141703},"{'low_data': False, 'n_events': 26, 'n_actions': 8, 'rt_valid_n': 8, 'has_run_end': True}",2026-03-23T20:14:37.927657+00:00,2026-03-23T20:14:37.868+00:00
5a0c99ae-c6c5-4fdc-85a5-e2a70f68c516,e1dc5702-9979-4c58-b8e7-9f4ed23bcc07,34f9c987-bf19-46dc-bb62-41c5f7f98f9b,gonogo,v1,62,24,0,79,"{'rt_trend': 0.17754496922475443, 'miss_rate': 0.28888888888888886, 'mean_rt_go': 259.125, 'final_score': 49, 'go_accuracy': 0.7111111111111111, 'data_quality': 'ok', 'fatigue_drop': -0.17261904761904756, 'nogo_accuracy': 0.26666666666666666, 'rt_variability': 24.56426725563886, 'false_alarm_rate': 0.7333333333333333, 'post_error_slowing': -5.505882352941171, 'inhibition_index_01': 0.26666666666666666, 'impulsivity_index_01': 0.7333333333333333}",{'self_control_inhibition': 0.26666666666666666},"{'n_go': 45, 'n_nogo': 15, 'low_data': False, 'n_events': 62, 'n_actions': 60, 'has_run_end': True, 'data_quality': 'ok', 'rt_valid_go_n': 32}",2026-03-23T20:16:03.64277+00:00,2026-03-23T20:16:03.601+00:00
10c5d0cb-f59d-477a-a4e6-1bb0552295c8,fadcbde9-b6bd-46b5-998a-e2972ee6796d,34f9c987-bf19-46dc-bb62-41c5f7f98f9b,negotiation,v1,26,0,0,17,"{'oi_01': 0.43333333333333335, 'oi_sum': -0.8, 'sdi_01': 0.3333333333333334, 'sri_01': 0.39999999999999997, 'sdi_sum': 2.0000000000000004, 'sri_sum': 2.4, 'rt_sd_ms': 759.7122481571558, 'n_actions': 12, 'n_invalid': 0, 'n_missing': 0, 'mean_rt_ms': 852.5, 'final_score': 42, 'data_quality': 'ok', 'n_turns_expected': 6}","{'social_risk_01': 0.39999999999999997, 'strategic_depth_01': 0.3333333333333334, 'negotiation_skill_01': 0.42166666666666675, 'cooperative_orientation_01': 0.43333333333333335}","{'low_data': False, 'n_events': 26, 'n_actions': 12, 'n_expected': 6, 'rt_valid_n': 6, 'has_run_end': True, 'data_quality': 'ok', 'invalid_actions': 0, 'missing_actions': 0}",2026-03-23T20:16:26.628926+00:00,2026-03-23T20:16:26.597+00:00
c27ac995-e639-4288-bae6-6a1aa7de5660,7360af8c-dca1-4669-a407-0d8ebaa20fef,75105e89-fd9c-4d6e-9820-72806170072f,triage,v1,26,7,0,30,"{'accuracy': 0.125, 'score_total': 1, 'turns_total': 8, 'strategy_entropy': 0.6615632381579821, 'switch_after_win_rate': 1, 'decision_latency_sd_ms': 6296.583675465836, 'switch_after_loss_rate': 0.6666666666666666, 'decision_latency_mean_ms': 2891.625}",{'planning_prioritization': 0.17956383794686642},"{'low_data': False, 'n_events': 26, 'n_actions': 8, 'rt_valid_n': 8, 'has_run_end': True}",2026-03-23T20:17:05.146944+00:00,2026-03-23T20:17:05.11+00:00
9fcb6f7a-e228-49d3-8ac5-9b17dead7d8c,a2e2d78f-6e92-44bb-90e0-83de55a390bf,3342333d-31f4-4e78-a59a-9ac7cc3dc7a5,triage,v1,26,5,0,52,"{'accuracy': 0.375, 'score_total': 3, 'turns_total': 8, 'strategy_entropy': 0.5623351446188083, 'switch_after_win_rate': 0, 'decision_latency_sd_ms': 10715.99997917, 'switch_after_loss_rate': 1, 'decision_latency_mean_ms': 6179.875}",{'planning_prioritization': 0.39762809857141707},"{'low_data': False, 'n_events': 26, 'n_actions': 8, 'rt_valid_n': 8, 'has_run_end': True}",2026-03-23T20:18:30.74206+00:00,2026-03-23T20:18:30.712+00:00
a1203d39-7a9a-4c33-9cf9-b216a4ab3960,4d8ba9ca-8608-4b0f-a975-c24ff0becc68,75105e89-fd9c-4d6e-9820-72806170072f,gonogo,v1,62,30,0,84,"{'rt_trend': -2.423340942832969, 'miss_rate': 0.5777777777777777, 'mean_rt_go': 211, 'final_score': 61, 'go_accuracy': 0.4222222222222222, 'data_quality': 'ok', 'fatigue_drop': -0.19047619047619052, 'nogo_accuracy': 0.7333333333333333, 'rt_variability': 102.44727641301375, 'false_alarm_rate': 0.26666666666666666, 'post_error_slowing': 10.857142857142861, 'inhibition_index_01': 0.7333333333333333, 'impulsivity_index_01': 0.26666666666666666}",{'self_control_inhibition': 0.7333333333333333},"{'n_go': 45, 'n_nogo': 15, 'low_data': False, 'n_events': 62, 'n_actions': 60, 'has_run_end': True, 'data_quality': 'ok', 'rt_valid_go_n': 19}",2026-03-23T20:18:38.608307+00:00,2026-03-23T20:18:38.551+00:00
38f9e9af-8247-4d02-b920-ffbaeca0c205,391701d9-a35e-48d8-b522-9736a875294a,75105e89-fd9c-4d6e-9820-72806170072f,negotiation,v1,26,0,0,8,"{'oi_01': 0.45, 'oi_sum': -0.6, 'sdi_01': 0.45, 'sri_01': 0.38333333333333336, 'sdi_sum': 2.7, 'sri_sum': 2.3000000000000003, 'rt_sd_ms': 275.13390679206856, 'n_actions': 12, 'n_invalid': 0, 'n_missing': 0, 'mean_rt_ms': 393.3333333333333, 'final_score': 48, 'data_quality': 'ok', 'n_turns_expected': 6}","{'social_risk_01': 0.38333333333333336, 'strategic_depth_01': 0.45, 'negotiation_skill_01': 0.48333333333333334, 'cooperative_orientation_01': 0.45}","{'low_data': False, 'n_events': 26, 'n_actions': 12, 'n_expected': 6, 'rt_valid_n': 6, 'has_run_end': True, 'data_quality': 'ok', 'invalid_actions': 0, 'missing_actions': 0}",2026-03-23T20:18:55.374095+00:00,2026-03-23T20:18:55.347+00:00
1b87c790-260f-4a3e-bba9-581490f64b63,b7944486-033e-47f0-87ae-d8206afd5435,4e17d83a-f27f-4fe1-970f-ba6aeeda9aad,negotiation,v1,26,0,0,7,"{'oi_01': 0.5499999999999999, 'oi_sum': 0.6000000000000001, 'sdi_01': 0.41666666666666674, 'sri_01': 0.35000000000000003, 'sdi_sum': 2.5000000000000004, 'sri_sum': 2.1, 'rt_sd_ms': 164.2108400806719, 'n_actions': 12, 'n_invalid': 0, 'n_missing': 0, 'mean_rt_ms': 290, 'final_score': 51, 'data_quality': 'ok', 'n_turns_expected': 6}","{'social_risk_01': 0.35000000000000003, 'strategic_depth_01': 0.41666666666666674, 'negotiation_skill_01': 0.51, 'cooperative_orientation_01': 0.5499999999999999}","{'low_data': False, 'n_events': 26, 'n_actions': 12, 'n_expected': 6, 'rt_valid_n': 6, 'has_run_end': True, 'data_quality': 'ok', 'invalid_actions': 0, 'missing_actions': 0}",2026-03-23T20:23:23.331641+00:00,2026-03-23T20:23:23.311+00:00
04dd17a6-dc22-4335-a203-26faea7f43b8,33d5e18e-957c-4b4c-ab71-e961bd572a82,bd7a29f6-f2f7-4568-9499-52d4c3cd7679,triage,v1,26,6,0,10,"{'accuracy': 0.25, 'score_total': 2, 'turns_total': 8, 'strategy_entropy': 0.5623351446188083, 'switch_after_win_rate': 0, 'decision_latency_sd_ms': 892.9858421530065, 'switch_after_loss_rate': 0.8, 'decision_latency_mean_ms': 837}",{'planning_prioritization': 0.29762809857141703},"{'low_data': False, 'n_events': 26, 'n_actions': 8, 'rt_valid_n': 8, 'has_run_end': True}",2026-03-23T20:23:25.19177+00:00,2026-03-23T20:23:25.154+00:00
d413dc56-a826-4ffb-9ead-4138de47d344,81207f3c-ed11-477c-b66f-abbe86cea48b,165188db-e2a0-4f73-bad3-6af79c664afc,triage,v1,26,6,0,8,"{'accuracy': 0.25, 'score_total': 2, 'turns_total': 8, 'strategy_entropy': 0.9743147528693494, 'switch_after_win_rate': 1, 'decision_latency_sd_ms': 219.87269043698902, 'switch_after_loss_rate': 1, 'decision_latency_mean_ms': 505}",{'planning_prioritization': 0.22262809857141702},"{'low_data': False, 'n_events': 26, 'n_actions': 8, 'rt_valid_n': 8, 'has_run_end': True}",2026-03-23T20:37:24.887265+00:00,2026-03-23T20:37:24.858+00:00
2638631e-c926-43ac-95af-ed451719032e,e9d43f26-f553-4a13-89a7-424dab8c5492,3342333d-31f4-4e78-a59a-9ac7cc3dc7a5,gonogo,v1,62,29,0,78,"{'rt_trend': 0.3127738713950882, 'miss_rate': 0.5111111111111111, 'mean_rt_go': 102.18181818181819, 'final_score': 57, 'go_accuracy': 0.4888888888888889, 'data_quality': 'ok', 'fatigue_drop': -0.733201581027668, 'nogo_accuracy': 0.6, 'rt_variability': 75.83292183894824, 'false_alarm_rate': 0.4, 'post_error_slowing': 50.01904761904761, 'inhibition_index_01': 0.6, 'impulsivity_index_01': 0.4}",{'self_control_inhibition': 0.6},"{'n_go': 45, 'n_nogo': 15, 'low_data': False, 'n_events': 62, 'n_actions': 60, 'has_run_end': True, 'data_quality': 'ok', 'rt_valid_go_n': 22}",2026-03-23T20:19:56.493247+00:00,2026-03-23T20:19:56.462+00:00
7d95edc9-0c34-44af-a518-8ba1a15f6576,f102ace4-7508-4c22-bebb-1a7bbe57511b,d1ca8766-534e-4349-ba25-1d104dc96a77,negotiation,v1,26,0,0,284,"{'oi_01': 0.7166666666666667, 'oi_sum': 2.5999999999999996, 'sdi_01': 0.7999999999999999, 'sri_01': 0.11666666666666665, 'sdi_sum': 4.8, 'sri_sum': 0.7, 'rt_sd_ms': 1938.3341731153241, 'n_actions': 12, 'n_invalid': 0, 'n_missing': 0, 'mean_rt_ms': 9229.833333333334, 'final_score': 79, 'data_quality': 'ok', 'n_turns_expected': 6}","{'social_risk_01': 0.11666666666666665, 'strategic_depth_01': 0.7999999999999999, 'negotiation_skill_01': 0.7875, 'cooperative_orientation_01': 0.7166666666666667}","{'low_data': False, 'n_events': 26, 'n_actions': 12, 'n_expected': 6, 'rt_valid_n': 6, 'has_run_end': True, 'data_quality': 'ok', 'invalid_actions': 0, 'missing_actions': 0}",2026-03-23T20:28:39.746674+00:00,2026-03-23T20:28:39.719+00:00
ef74d746-5114-4bf9-9b6e-bc8e70484f7a,1e09a422-3397-4a29-8d1f-7082e565c4de,09e734e4-0617-486e-ae2e-e2b3eee8fe00,negotiation,v1,26,0,0,9,"{'oi_01': 0.5333333333333333, 'oi_sum': 0.4, 'sdi_01': 0.5333333333333333, 'sri_01': 0.3666666666666667, 'sdi_sum': 3.2, 'sri_sum': 2.2, 'rt_sd_ms': 342.313696288458, 'n_actions': 12, 'n_invalid': 0, 'n_missing': 0, 'mean_rt_ms': 350.6666666666667, 'final_score': 55, 'data_quality': 'ok', 'n_turns_expected': 6}","{'social_risk_01': 0.3666666666666667, 'strategic_depth_01': 0.5333333333333333, 'negotiation_skill_01': 0.5533333333333333, 'cooperative_orientation_01': 0.5333333333333333}","{'low_data': False, 'n_events': 26, 'n_actions': 12, 'n_expected': 6, 'rt_valid_n': 6, 'has_run_end': True, 'data_quality': 'ok', 'invalid_actions': 0, 'missing_actions': 0}",2026-03-23T20:31:45.578981+00:00,2026-03-23T20:31:45.551+00:00
4e90e454-af77-4c0e-9bae-d68b2dbecf1d,2d306fd4-64c7-4e48-9a78-85f38d858d1e,3342333d-31f4-4e78-a59a-9ac7cc3dc7a5,negotiation,v1,26,0,0,12,"{'oi_01': 0.7166666666666667, 'oi_sum': 2.5999999999999996, 'sdi_01': 0.7999999999999999, 'sri_01': 0.11666666666666665, 'sdi_sum': 4.8, 'sri_sum': 0.7, 'rt_sd_ms': 773.1041327014104, 'n_actions': 12, 'n_invalid': 0, 'n_missing': 0, 'mean_rt_ms': 976, 'final_score': 79, 'data_quality': 'ok', 'n_turns_expected': 6}","{'social_risk_01': 0.11666666666666665, 'strategic_depth_01': 0.7999999999999999, 'negotiation_skill_01': 0.7875, 'cooperative_orientation_01': 0.7166666666666667}","{'low_data': False, 'n_events': 26, 'n_actions': 12, 'n_expected': 6, 'rt_valid_n': 6, 'has_run_end': True, 'data_quality': 'ok', 'invalid_actions': 0, 'missing_actions': 0}",2026-03-23T20:20:13.838437+00:00,2026-03-23T20:20:13.808+00:00
c00d4fc6-04a4-40d7-8843-d5e0ae969ec3,e3aa24e1-fdb3-42bf-aeb1-caa47a0acb81,4e17d83a-f27f-4fe1-970f-ba6aeeda9aad,triage,v1,26,7,0,9,"{'accuracy': 0.125, 'score_total': 1, 'turns_total': 8, 'strategy_entropy': 0.9002560512685369, 'switch_after_win_rate': 1, 'decision_latency_sd_ms': 365.3307698902071, 'switch_after_loss_rate': 0.8333333333333334, 'decision_latency_mean_ms': 466.5}",{'planning_prioritization': 0.1361103256254393},"{'low_data': False, 'n_events': 26, 'n_actions': 8, 'rt_valid_n': 8, 'has_run_end': True}",2026-03-23T20:21:41.376197+00:00,2026-03-23T20:21:41.342+00:00
55f9d893-78f6-4708-bf5c-bbedffc9ddb1,4101b376-45ec-4cbc-b6aa-167f3be111b4,d1ca8766-534e-4349-ba25-1d104dc96a77,triage,v1,26,2,0,126,"{'accuracy': 0.75, 'score_total': 6, 'turns_total': 8, 'strategy_entropy': 0.9743147528693494, 'switch_after_win_rate': 0.6, 'decision_latency_sd_ms': 8623.091192506647, 'switch_after_loss_rate': 1, 'decision_latency_mean_ms': 15327}",{'planning_prioritization': 0.6226280985714171},"{'low_data': False, 'n_events': 26, 'n_actions': 8, 'rt_valid_n': 8, 'has_run_end': True}",2026-03-23T20:22:02.003732+00:00,2026-03-23T20:22:01.974+00:00
a47a3f8a-2d74-4ad9-b520-ee1ec1d456b6,e8630258-4ac2-433c-91ff-f957807ed5e2,3cefa689-1f2a-4c6c-b6d7-e647a12094b2,triage,v1,26,2,0,54,"{'accuracy': 0.75, 'score_total': 6, 'turns_total': 8, 'strategy_entropy': 1.0821955300387671, 'switch_after_win_rate': 1, 'decision_latency_sd_ms': 4374.928758603635, 'switch_after_loss_rate': 1, 'decision_latency_mean_ms': 6314.25}",{'planning_prioritization': 0.6029886355356985},"{'low_data': False, 'n_events': 26, 'n_actions': 8, 'rt_valid_n': 8, 'has_run_end': True}",2026-03-23T20:24:14.220022+00:00,2026-03-23T20:24:14.19+00:00
0fa85869-3619-4969-b5e8-e0f0e92ddd7f,578fd664-5bd0-4f68-8728-fa06eb7484b9,bd7a29f6-f2f7-4568-9499-52d4c3cd7679,gonogo,v1,62,20,0,74,"{'rt_trend': 0.3393361848594491, 'miss_rate': 0.1111111111111111, 'mean_rt_go': 91.1, 'final_score': 39, 'go_accuracy': 0.8888888888888888, 'data_quality': 'ok', 'fatigue_drop': 0.03952569169960474, 'nogo_accuracy': 0, 'rt_variability': 47.21788014225337, 'false_alarm_rate': 1, 'post_error_slowing': -0.14814814814815236, 'inhibition_index_01': 0, 'impulsivity_index_01': 1}",{'self_control_inhibition': 0},"{'n_go': 45, 'n_nogo': 15, 'low_data': False, 'n_events': 62, 'n_actions': 60, 'has_run_end': True, 'data_quality': 'ok', 'rt_valid_go_n': 40}",2026-03-23T20:24:44.670894+00:00,2026-03-23T20:24:44.638+00:00
a509c3eb-d2c9-43d5-8f7f-4e5666f2e498,b6487efc-2fb5-4e8d-8bf7-683c331dfc19,bd7a29f6-f2f7-4568-9499-52d4c3cd7679,negotiation,v1,26,0,0,11,"{'oi_01': 0.6083333333333333, 'oi_sum': 1.3, 'sdi_01': 0.6166666666666667, 'sri_01': 0.2833333333333333, 'sdi_sum': 3.7, 'sri_sum': 1.7, 'rt_sd_ms': 347.08063424320676, 'n_actions': 12, 'n_invalid': 0, 'n_missing': 0, 'mean_rt_ms': 804.1666666666666, 'final_score': 63, 'data_quality': 'ok', 'n_turns_expected': 6}","{'social_risk_01': 0.2833333333333333, 'strategic_depth_01': 0.6166666666666667, 'negotiation_skill_01': 0.63375, 'cooperative_orientation_01': 0.6083333333333333}","{'low_data': False, 'n_events': 26, 'n_actions': 12, 'n_expected': 6, 'rt_valid_n': 6, 'has_run_end': True, 'data_quality': 'ok', 'invalid_actions': 0, 'missing_actions': 0}",2026-03-23T20:25:01.038355+00:00,2026-03-23T20:25:01.003+00:00
1c3ec2ca-9851-4a3e-a8cf-b2ec2b591a6a,266eead8-50cd-435a-b21c-0a272c4accda,4e17d83a-f27f-4fe1-970f-ba6aeeda9aad,gonogo,v1,62,29,0,82,"{'rt_trend': -2.1542964231178567, 'miss_rate': 0.5333333333333333, 'mean_rt_go': 147.04761904761904, 'final_score': 59, 'go_accuracy': 0.4666666666666667, 'data_quality': 'ok', 'fatigue_drop': 0.37499999999999994, 'nogo_accuracy': 0.6666666666666666, 'rt_variability': 92.59453341881267, 'false_alarm_rate': 0.3333333333333333, 'post_error_slowing': -33.52777777777777, 'inhibition_index_01': 0.6666666666666666, 'impulsivity_index_01': 0.3333333333333333}",{'self_control_inhibition': 0.6666666666666666},"{'n_go': 45, 'n_nogo': 15, 'low_data': False, 'n_events': 62, 'n_actions': 60, 'has_run_end': True, 'data_quality': 'ok', 'rt_valid_go_n': 21}",2026-03-23T20:23:11.25631+00:00,2026-03-23T20:23:11.219+00:00
dee750fe-cb6b-45ed-9040-8618c1f05d41,81b14a97-96c8-4497-8ae3-d1f9ea14a5c3,d1ca8766-534e-4349-ba25-1d104dc96a77,gonogo,v1,62,33,0,76,"{'rt_trend': -0.28113328091212897, 'miss_rate': 0.6222222222222222, 'mean_rt_go': 278, 'final_score': 59, 'go_accuracy': 0.37777777777777777, 'data_quality': 'ok', 'fatigue_drop': -0.17261904761904762, 'nogo_accuracy': 0.6666666666666666, 'rt_variability': 22.329912673362607, 'false_alarm_rate': 0.3333333333333333, 'post_error_slowing': -6.233333333333292, 'inhibition_index_01': 0.6666666666666666, 'impulsivity_index_01': 0.3333333333333333}",{'self_control_inhibition': 0.6666666666666666},"{'n_go': 45, 'n_nogo': 15, 'low_data': False, 'n_events': 62, 'n_actions': 60, 'has_run_end': True, 'data_quality': 'ok', 'rt_valid_go_n': 17}",2026-03-23T20:23:48.521965+00:00,2026-03-23T20:23:48.492+00:00
f32eaa8c-8919-464b-9fc6-b17191fdc250,b66962ef-3b1f-43ed-b47b-2a9d61530869,3cefa689-1f2a-4c6c-b6d7-e647a12094b2,gonogo,v1,62,38,0,79,"{'rt_trend': 0.6893073301950237, 'miss_rate': 0.7777777777777778, 'mean_rt_go': 273, 'final_score': 61, 'go_accuracy': 0.2222222222222222, 'data_quality': 'ok', 'fatigue_drop': -0.18774703557312253, 'nogo_accuracy': 0.8, 'rt_variability': 17.249798710580816, 'false_alarm_rate': 0.2, 'post_error_slowing': 5.416666666666686, 'inhibition_index_01': 0.8, 'impulsivity_index_01': 0.2}",{'self_control_inhibition': 0.8},"{'n_go': 45, 'n_nogo': 15, 'low_data': False, 'n_events': 62, 'n_actions': 60, 'has_run_end': True, 'data_quality': 'ok', 'rt_valid_go_n': 10}",2026-03-23T20:25:50.479414+00:00,2026-03-23T20:25:50.451+00:00
3a541ffd-d6a5-4332-bdf8-3c9c82dbd7ae,cae576ee-08cb-4671-b016-3f08bf34d56c,3cefa689-1f2a-4c6c-b6d7-e647a12094b2,negotiation,v1,26,0,0,151,"{'oi_01': 0.7000000000000001, 'oi_sum': 2.4, 'sdi_01': 0.6000000000000001, 'sri_01': 0.15, 'sdi_sum': 3.6000000000000005, 'sri_sum': 0.8999999999999999, 'rt_sd_ms': 1155.2419659967343, 'n_actions': 12, 'n_invalid': 0, 'n_missing': 0, 'mean_rt_ms': 12595, 'final_score': 69, 'data_quality': 'ok', 'n_turns_expected': 6}","{'social_risk_01': 0.15, 'strategic_depth_01': 0.6000000000000001, 'negotiation_skill_01': 0.6850000000000002, 'cooperative_orientation_01': 0.7000000000000001}","{'low_data': False, 'n_events': 26, 'n_actions': 12, 'n_expected': 6, 'rt_valid_n': 6, 'has_run_end': True, 'data_quality': 'ok', 'invalid_actions': 0, 'missing_actions': 0}",2026-03-23T20:28:27.18817+00:00,2026-03-23T20:28:27.158+00:00
72225e19-3f5e-4170-a037-187cbeeee105,bb06f4b4-41eb-4144-a74e-28538badd603,09e734e4-0617-486e-ae2e-e2b3eee8fe00,triage,v1,26,5,0,14,"{'accuracy': 0.375, 'score_total': 3, 'turns_total': 8, 'strategy_entropy': 1.0821955300387671, 'switch_after_win_rate': 0.6666666666666666, 'decision_latency_sd_ms': 1078.08109123837, 'switch_after_loss_rate': 1, 'decision_latency_mean_ms': 1120.625}",{'planning_prioritization': 0.3029886355356985},"{'low_data': False, 'n_events': 26, 'n_actions': 8, 'rt_valid_n': 8, 'has_run_end': True}",2026-03-23T20:29:57.670211+00:00,2026-03-23T20:29:57.636+00:00
08d62e1e-9240-449e-94e7-e23c51e75003,ac14207d-4239-4114-9113-3fbf4a4c3bcb,09e734e4-0617-486e-ae2e-e2b3eee8fe00,gonogo,v1,62,24,0,83,"{'rt_trend': -0.1966782620557944, 'miss_rate': 0.4, 'mean_rt_go': 188.07407407407408, 'final_score': 61, 'go_accuracy': 0.6, 'data_quality': 'ok', 'fatigue_drop': -0.017786561264822143, 'nogo_accuracy': 0.6, 'rt_variability': 78.74492702875236, 'false_alarm_rate': 0.4, 'post_error_slowing': -55.35227272727272, 'inhibition_index_01': 0.6, 'impulsivity_index_01': 0.4}",{'self_control_inhibition': 0.6},"{'n_go': 45, 'n_nogo': 15, 'low_data': False, 'n_events': 62, 'n_actions': 60, 'has_run_end': True, 'data_quality': 'ok', 'rt_valid_go_n': 27}",2026-03-23T20:31:30.862298+00:00,2026-03-23T20:31:30.833+00:00
1b0996bb-03d9-4230-b1ae-666c1043e961,f98c1ca2-9b05-4cb7-b191-33588ec934f9,dd936f94-7eff-4df0-a0a6-238256af1fe3,triage,v1,26,4,0,68,"{'accuracy': 0.5, 'score_total': 4, 'turns_total': 8, 'strategy_entropy': 0.9002560512685369, 'switch_after_win_rate': 1, 'decision_latency_sd_ms': 6575.700348360513, 'switch_after_loss_rate': 0.5, 'decision_latency_mean_ms': 8059.25}",{'planning_prioritization': 0.4361103256254393},"{'low_data': False, 'n_events': 26, 'n_actions': 8, 'rt_valid_n': 8, 'has_run_end': True}",2026-03-23T20:36:23.753694+00:00,2026-03-23T20:36:23.722+00:00
8ee679a6-3d8f-44e1-a624-1e76b1733ca1,b0e26bc7-208c-45a8-9228-60ef3ff3b761,9d7e0db2-13a4-456d-9fa8-46cfe833c9b5,triage,v1,26,6,0,55,"{'accuracy': 0.25, 'score_total': 2, 'turns_total': 8, 'strategy_entropy': 1.0397207708399179, 'switch_after_win_rate': 1, 'decision_latency_sd_ms': 1864.8426542204572, 'switch_after_loss_rate': 1, 'decision_latency_mean_ms': 2828.875}",{'planning_prioritization': 0.21072107392856276},"{'low_data': False, 'n_events': 26, 'n_actions': 8, 'rt_valid_n': 8, 'has_run_end': True}",2026-03-23T20:36:53.732586+00:00,2026-03-23T20:36:53.707+00:00
2d737b1d-8322-4a6b-96b6-bf0d980831a4,bd896625-6ad1-450f-b0c8-c6dcc3bf8580,dd936f94-7eff-4df0-a0a6-238256af1fe3,gonogo,v1,62,41,0,78,"{'rt_trend': -0.46724137931034504, 'miss_rate': 0.8444444444444444, 'mean_rt_go': 266.2857142857143, 'final_score': 58, 'go_accuracy': 0.15555555555555556, 'data_quality': 'warn', 'fatigue_drop': -0.2292490118577075, 'nogo_accuracy': 0.8, 'rt_variability': 45.66440731289628, 'false_alarm_rate': 0.2, 'post_error_slowing': 36, 'inhibition_index_01': 0.8, 'impulsivity_index_01': 0.2}",{'self_control_inhibition': 0.8},"{'n_go': 45, 'n_nogo': 15, 'low_data': False, 'n_events': 62, 'n_actions': 60, 'has_run_end': True, 'data_quality': 'warn', 'rt_valid_go_n': 7}",2026-03-23T20:37:46.180068+00:00,2026-03-23T20:37:46.15+00:00
5b90ec80-8ad6-438a-b29d-4b65d5a09852,32f21a5c-1b38-45c2-afba-98e2b619a7c6,165188db-e2a0-4f73-bad3-6af79c664afc,gonogo,v1,62,36,0,84,"{'rt_trend': 0.8816083034241924, 'miss_rate': 0.7777777777777778, 'mean_rt_go': 160.3, 'final_score': 65, 'go_accuracy': 0.2222222222222222, 'data_quality': 'ok', 'fatigue_drop': 0.009881422924901184, 'nogo_accuracy': 0.9333333333333333, 'rt_variability': 98.35542124808825, 'false_alarm_rate': 0.06666666666666667, 'post_error_slowing': 0.5, 'inhibition_index_01': 0.9333333333333333, 'impulsivity_index_01': 0.06666666666666667}",{'self_control_inhibition': 0.9333333333333333},"{'n_go': 45, 'n_nogo': 15, 'low_data': False, 'n_events': 62, 'n_actions': 60, 'has_run_end': True, 'data_quality': 'ok', 'rt_valid_go_n': 10}",2026-03-23T20:38:54.619219+00:00,2026-03-23T20:38:54.597+00:00
8ee36ec4-82b5-448d-995e-690b24584744,d0112803-69e7-474b-a03a-a44a1a8544dc,c0faaf7a-68f3-451b-aeb5-08442bc00fab,triage,v1,26,5,0,17,"{'accuracy': 0.375, 'score_total': 3, 'turns_total': 8, 'strategy_entropy': 0.5623351446188083, 'switch_after_win_rate': 0.3333333333333333, 'decision_latency_sd_ms': 3251.913634418092, 'switch_after_loss_rate': 0.75, 'decision_latency_mean_ms': 1749}",{'planning_prioritization': 0.39762809857141707},"{'low_data': False, 'n_events': 26, 'n_actions': 8, 'rt_valid_n': 8, 'has_run_end': True}",2026-03-25T21:05:03.972405+00:00,2026-03-25T21:05:03.945+00:00
892dceba-9bd8-4ed9-9833-149bf7e85666,e308b349-bf0b-4c44-bd26-385c18de3945,9d7e0db2-13a4-456d-9fa8-46cfe833c9b5,gonogo,v1,62,23,0,105,"{'rt_trend': -1.6727457627118645, 'miss_rate': 0.28888888888888886, 'mean_rt_go': 104.90625, 'final_score': 50, 'go_accuracy': 0.7111111111111111, 'data_quality': 'ok', 'fatigue_drop': 0.08333333333333337, 'nogo_accuracy': 0.3333333333333333, 'rt_variability': 75.97850263662232, 'false_alarm_rate': 0.6666666666666666, 'post_error_slowing': -37.68181818181819, 'inhibition_index_01': 0.3333333333333333, 'impulsivity_index_01': 0.6666666666666666}",{'self_control_inhibition': 0.3333333333333333},"{'n_go': 45, 'n_nogo': 15, 'low_data': False, 'n_events': 62, 'n_actions': 60, 'has_run_end': True, 'data_quality': 'ok', 'rt_valid_go_n': 32}",2026-03-23T20:39:04.347699+00:00,2026-03-23T20:39:04.319+00:00
54e8d689-05b1-4057-9525-fe9832eb996f,8ec7f095-5931-4534-a9d5-223eedc8d0b8,165188db-e2a0-4f73-bad3-6af79c664afc,negotiation,v1,26,0,0,6,"{'oi_01': 0.5333333333333333, 'oi_sum': 0.4, 'sdi_01': 0.5333333333333333, 'sri_01': 0.3666666666666667, 'sdi_sum': 3.2, 'sri_sum': 2.2, 'rt_sd_ms': 218.55929782708094, 'n_actions': 12, 'n_invalid': 0, 'n_missing': 0, 'mean_rt_ms': 304.1666666666667, 'final_score': 55, 'data_quality': 'ok', 'n_turns_expected': 6}","{'social_risk_01': 0.3666666666666667, 'strategic_depth_01': 0.5333333333333333, 'negotiation_skill_01': 0.5533333333333333, 'cooperative_orientation_01': 0.5333333333333333}","{'low_data': False, 'n_events': 26, 'n_actions': 12, 'n_expected': 6, 'rt_valid_n': 6, 'has_run_end': True, 'data_quality': 'ok', 'invalid_actions': 0, 'missing_actions': 0}",2026-03-23T20:39:12.436439+00:00,2026-03-23T20:39:12.398+00:00
26426a7a-992b-4b42-8c0e-7526c96adfac,a9dcb2e2-ad37-4eb6-9e75-df9e8d0a3bdf,9d7e0db2-13a4-456d-9fa8-46cfe833c9b5,negotiation,v1,26,0,0,31,"{'oi_01': 0.4666666666666666, 'oi_sum': -0.4, 'sdi_01': 0.3666666666666667, 'sri_01': 0.5499999999999999, 'sdi_sum': 2.2, 'sri_sum': 3.3, 'rt_sd_ms': 2668.489341681294, 'n_actions': 12, 'n_invalid': 0, 'n_missing': 0, 'mean_rt_ms': 2606.8333333333335, 'final_score': 42, 'data_quality': 'ok', 'n_turns_expected': 6}","{'social_risk_01': 0.5499999999999999, 'strategic_depth_01': 0.3666666666666667, 'negotiation_skill_01': 0.41833333333333333, 'cooperative_orientation_01': 0.4666666666666666}","{'low_data': False, 'n_events': 26, 'n_actions': 12, 'n_expected': 6, 'rt_valid_n': 6, 'has_run_end': True, 'data_quality': 'ok', 'invalid_actions': 0, 'missing_actions': 0}",2026-03-23T20:39:50.031452+00:00,2026-03-23T20:39:49.645+00:00
b76cea39-7185-4f86-a65b-600aa26bb254,4e7d94a8-1d40-42d6-bea7-64cce447f454,dd936f94-7eff-4df0-a0a6-238256af1fe3,negotiation,v1,26,0,0,161,"{'oi_01': 0.48333333333333334, 'oi_sum': -0.19999999999999998, 'sdi_01': 0.35000000000000003, 'sri_01': 0.5333333333333333, 'sdi_sum': 2.1, 'sri_sum': 3.2, 'rt_sd_ms': 8661.817769190637, 'n_actions': 12, 'n_invalid': 0, 'n_missing': 0, 'mean_rt_ms': 16473.333333333332, 'final_score': 42, 'data_quality': 'ok', 'n_turns_expected': 6}","{'social_risk_01': 0.5333333333333333, 'strategic_depth_01': 0.35000000000000003, 'negotiation_skill_01': 0.42, 'cooperative_orientation_01': 0.48333333333333334}","{'low_data': False, 'n_events': 26, 'n_actions': 12, 'n_expected': 6, 'rt_valid_n': 6, 'has_run_end': True, 'data_quality': 'ok', 'invalid_actions': 0, 'missing_actions': 0}",2026-03-23T20:40:37.24198+00:00,2026-03-23T20:40:37.212+00:00
a576e139-db85-40e8-b90d-c01448842a91,c860b11a-f296-46fd-8d8c-434f34fc59d9,912e584d-91d8-4ef3-84c2-47d6fc932693,triage,v1,26,6,0,60,"{'accuracy': 0.25, 'score_total': 2, 'turns_total': 8, 'strategy_entropy': 1.0821955300387671, 'switch_after_win_rate': 0.5, 'decision_latency_sd_ms': 1721.713494499842, 'switch_after_loss_rate': 0.6, 'decision_latency_mean_ms': 3358.25}",{'planning_prioritization': 0.20298863553569846},"{'low_data': False, 'n_events': 26, 'n_actions': 8, 'rt_valid_n': 8, 'has_run_end': True}",2026-03-23T20:46:02.196645+00:00,2026-03-23T20:46:02.132+00:00
8b6cedbc-2077-4d9a-be64-040735b4ccf2,f847eda6-b344-4899-98f8-0a3d9f340ef9,912e584d-91d8-4ef3-84c2-47d6fc932693,gonogo,v1,62,29,0,90,"{'rt_trend': 1.6018815302002252, 'miss_rate': 0.37777777777777777, 'mean_rt_go': 144.89285714285714, 'final_score': 39, 'go_accuracy': 0.6222222222222222, 'data_quality': 'ok', 'fatigue_drop': -0.06126482213438733, 'nogo_accuracy': 0.2, 'rt_variability': 96.36325536285595, 'false_alarm_rate': 0.8, 'post_error_slowing': 51.77948717948718, 'inhibition_index_01': 0.2, 'impulsivity_index_01': 0.8}",{'self_control_inhibition': 0.2},"{'n_go': 45, 'n_nogo': 15, 'low_data': False, 'n_events': 62, 'n_actions': 60, 'has_run_end': True, 'data_quality': 'ok', 'rt_valid_go_n': 28}",2026-03-23T20:47:47.580183+00:00,2026-03-23T20:47:47.55+00:00
168e00bf-f9e9-4743-8dd2-3b29825ea259,f5e323c3-17d0-421a-afd9-91dde203b08f,912e584d-91d8-4ef3-84c2-47d6fc932693,negotiation,v1,26,0,0,35,"{'oi_01': 0.48333333333333334, 'oi_sum': -0.19999999999999998, 'sdi_01': 0.35000000000000003, 'sri_01': 0.5333333333333333, 'sdi_sum': 2.1, 'sri_sum': 3.2, 'rt_sd_ms': 389.2079135886114, 'n_actions': 12, 'n_invalid': 0, 'n_missing': 0, 'mean_rt_ms': 898, 'final_score': 42, 'data_quality': 'ok', 'n_turns_expected': 6}","{'social_risk_01': 0.5333333333333333, 'strategic_depth_01': 0.35000000000000003, 'negotiation_skill_01': 0.42, 'cooperative_orientation_01': 0.48333333333333334}","{'low_data': False, 'n_events': 26, 'n_actions': 12, 'n_expected': 6, 'rt_valid_n': 6, 'has_run_end': True, 'data_quality': 'ok', 'invalid_actions': 0, 'missing_actions': 0}",2026-03-23T20:48:33.155843+00:00,2026-03-23T20:48:33.111+00:00
ffe39186-4f4e-4240-9495-4fc1fafb33a9,3f11e1f9-d58e-4701-ba81-9925538f713f,5c4d041d-21b6-4856-b3de-149f889c233e,triage,v1,26,6,0,49,"{'accuracy': 0.25, 'score_total': 2, 'turns_total': 8, 'strategy_entropy': 1.0821955300387673, 'switch_after_win_rate': 1, 'decision_latency_sd_ms': 5581.71104718667, 'switch_after_loss_rate': 0.4, 'decision_latency_mean_ms': 5850.75}",{'planning_prioritization': 0.2029886355356984},"{'low_data': False, 'n_events': 26, 'n_actions': 8, 'rt_valid_n': 8, 'has_run_end': True}",2026-03-23T21:26:39.431688+00:00,2026-03-23T21:26:39.352+00:00
882a952c-2ad8-4739-84a1-2a322db89598,32bf2a37-5307-4b42-8cb0-6844dcfefb85,5c4d041d-21b6-4856-b3de-149f889c233e,gonogo,v1,62,30,0,105,"{'rt_trend': 0.31789373495325013, 'miss_rate': 0.4888888888888889, 'mean_rt_go': 222.56521739130434, 'final_score': 51, 'go_accuracy': 0.5111111111111111, 'data_quality': 'ok', 'fatigue_drop': -0.021739130434782594, 'nogo_accuracy': 0.4666666666666667, 'rt_variability': 58.55364757441482, 'false_alarm_rate': 0.5333333333333333, 'post_error_slowing': -21.555555555555543, 'inhibition_index_01': 0.4666666666666667, 'impulsivity_index_01': 0.5333333333333333}",{'self_control_inhibition': 0.4666666666666667},"{'n_go': 45, 'n_nogo': 15, 'low_data': False, 'n_events': 62, 'n_actions': 60, 'has_run_end': True, 'data_quality': 'ok', 'rt_valid_go_n': 23}",2026-03-23T21:29:38.387047+00:00,2026-03-23T21:29:38.363+00:00
dd38d99e-43aa-4c08-8d7b-c2ab84b5521b,4290c79b-bbdf-43a5-a968-225772cd3995,5c4d041d-21b6-4856-b3de-149f889c233e,negotiation,v1,26,0,0,154,"{'oi_01': 0.6416666666666667, 'oi_sum': 1.7, 'sdi_01': 0.7166666666666667, 'sri_01': 0.19999999999999998, 'sdi_sum': 4.3, 'sri_sum': 1.2, 'rt_sd_ms': 17247.437035687362, 'n_actions': 12, 'n_invalid': 0, 'n_missing': 0, 'mean_rt_ms': 21034.5, 'final_score': 71, 'data_quality': 'ok', 'n_turns_expected': 6}","{'social_risk_01': 0.19999999999999998, 'strategic_depth_01': 0.7166666666666667, 'negotiation_skill_01': 0.7070833333333334, 'cooperative_orientation_01': 0.6416666666666667}","{'low_data': False, 'n_events': 26, 'n_actions': 12, 'n_expected': 6, 'rt_valid_n': 6, 'has_run_end': True, 'data_quality': 'ok', 'invalid_actions': 0, 'missing_actions': 0}",2026-03-23T21:32:18.284432+00:00,2026-03-23T21:32:18.26+00:00
98c45d1e-c78d-4a8e-aaa1-7eb6bca0579f,14ff6c5b-6560-4439-bd1f-37a3f7998e83,eac37fab-9157-4ddc-aa05-e258f9e7bb6b,triage,v1,26,1,0,35,"{'accuracy': 0.875, 'score_total': 7, 'turns_total': 8, 'strategy_entropy': 1.0397207708399179, 'switch_after_win_rate': 0.6666666666666666, 'decision_latency_sd_ms': 839.2678356758348, 'switch_after_loss_rate': 1, 'decision_latency_mean_ms': 3995.75}",{'planning_prioritization': 0.7107210739285629},"{'low_data': False, 'n_events': 26, 'n_actions': 8, 'rt_valid_n': 8, 'has_run_end': True}",2026-03-23T21:39:34.992964+00:00,2026-03-23T21:39:34.966+00:00
17d73a9a-b85b-45f1-937a-e5b9c0037531,4f5744b7-08c6-4628-b2cf-f4a2b55a0b74,eac37fab-9157-4ddc-aa05-e258f9e7bb6b,gonogo,v1,62,33,0,78,"{'rt_trend': -0.6165740097289785, 'miss_rate': 0.5555555555555556, 'mean_rt_go': 257.3, 'final_score': 49, 'go_accuracy': 0.4444444444444444, 'data_quality': 'ok', 'fatigue_drop': 0.06916996047430829, 'nogo_accuracy': 0.4666666666666667, 'rt_variability': 49.77856228496254, 'false_alarm_rate': 0.5333333333333333, 'post_error_slowing': 29.799999999999983, 'inhibition_index_01': 0.4666666666666667, 'impulsivity_index_01': 0.5333333333333333}",{'self_control_inhibition': 0.4666666666666667},"{'n_go': 45, 'n_nogo': 15, 'low_data': False, 'n_events': 62, 'n_actions': 60, 'has_run_end': True, 'data_quality': 'ok', 'rt_valid_go_n': 20}",2026-03-23T21:40:58.766002+00:00,2026-03-23T21:40:58.741+00:00
9dc21909-001d-41ed-80a2-6a8345e6409f,412ac61e-173a-44c7-8bf8-f333dd7f241d,eac37fab-9157-4ddc-aa05-e258f9e7bb6b,negotiation,v1,26,0,0,11,"{'oi_01': 0.6749999999999999, 'oi_sum': 2.0999999999999996, 'sdi_01': 0.5833333333333335, 'sri_01': 0.11666666666666665, 'sdi_sum': 3.500000000000001, 'sri_sum': 0.7, 'rt_sd_ms': 116.58887882927199, 'n_actions': 12, 'n_invalid': 0, 'n_missing': 0, 'mean_rt_ms': 706.8333333333334, 'final_score': 68, 'data_quality': 'ok', 'n_turns_expected': 6}","{'social_risk_01': 0.11666666666666665, 'strategic_depth_01': 0.5833333333333335, 'negotiation_skill_01': 0.6754166666666667, 'cooperative_orientation_01': 0.6749999999999999}","{'low_data': False, 'n_events': 26, 'n_actions': 12, 'n_expected': 6, 'rt_valid_n': 6, 'has_run_end': True, 'data_quality': 'ok', 'invalid_actions': 0, 'missing_actions': 0}",2026-03-23T21:41:15.37669+00:00,2026-03-23T21:41:15.35+00:00
2e6e7b62-aca4-49c8-bf98-9cf62114f652,bd2d9c2c-5fe9-485f-a50d-5c41941cb51d,089d5146-782b-4521-b336-bb38c80eef94,triage,v1,26,1,0,33,"{'accuracy': 0.875, 'score_total': 7, 'turns_total': 8, 'strategy_entropy': 1.0397207708399179, 'switch_after_win_rate': 0.5, 'decision_latency_sd_ms': 2471.695943939245, 'switch_after_loss_rate': 1, 'decision_latency_mean_ms': 3747.625}",{'planning_prioritization': 0.7107210739285629},"{'low_data': False, 'n_events': 26, 'n_actions': 8, 'rt_valid_n': 8, 'has_run_end': True}",2026-03-24T10:03:18.227899+00:00,2026-03-24T10:03:18.195+00:00
2550da57-3985-4246-b985-0c4f5af8b1a9,d9777aef-1a72-4434-9514-bda3d14dade2,089d5146-782b-4521-b336-bb38c80eef94,gonogo,v1,62,24,0,75,"{'rt_trend': 0.5479935463938761, 'miss_rate': 0.35555555555555557, 'mean_rt_go': 232.79310344827587, 'final_score': 56, 'go_accuracy': 0.6444444444444445, 'data_quality': 'ok', 'fatigue_drop': -0.07312252964426869, 'nogo_accuracy': 0.4666666666666667, 'rt_variability': 66.27775931117728, 'false_alarm_rate': 0.5333333333333333, 'post_error_slowing': -1.1500000000000057, 'inhibition_index_01': 0.4666666666666667, 'impulsivity_index_01': 0.5333333333333333}",{'self_control_inhibition': 0.4666666666666667},"{'n_go': 45, 'n_nogo': 15, 'low_data': False, 'n_events': 62, 'n_actions': 60, 'has_run_end': True, 'data_quality': 'ok', 'rt_valid_go_n': 29}",2026-03-24T10:04:52.835541+00:00,2026-03-24T10:04:52.8+00:00
1fd86f70-ec68-41ea-b842-66838d4875d6,11bf0d35-5701-4265-9ec2-6809678007cd,089d5146-782b-4521-b336-bb38c80eef94,negotiation,v1,26,0,0,75,"{'oi_01': 0.6, 'oi_sum': 1.2, 'sdi_01': 0.31666666666666665, 'sri_01': 0.3333333333333334, 'sdi_sum': 1.9, 'sri_sum': 2.0000000000000004, 'rt_sd_ms': 1601.0179261957062, 'n_actions': 12, 'n_invalid': 0, 'n_missing': 0, 'mean_rt_ms': 6636, 'final_score': 49, 'data_quality': 'ok', 'n_turns_expected': 6}","{'social_risk_01': 0.3333333333333334, 'strategic_depth_01': 0.31666666666666665, 'negotiation_skill_01': 0.4858333333333333, 'cooperative_orientation_01': 0.6}","{'low_data': False, 'n_events': 26, 'n_actions': 12, 'n_expected': 6, 'rt_valid_n': 6, 'has_run_end': True, 'data_quality': 'ok', 'invalid_actions': 0, 'missing_actions': 0}",2026-03-24T10:06:14.269575+00:00,2026-03-24T10:06:14.235+00:00
96cc159b-bceb-4efd-b3df-8deed0f3a8bb,fe218085-13c3-49bf-9359-3bb9dbcedf72,59e1ffcf-3250-4a31-9d16-a43357116100,triage,v1,26,4,0,41,"{'accuracy': 0.5, 'score_total': 4, 'turns_total': 8, 'strategy_entropy': 0.9002560512685369, 'switch_after_win_rate': 0.6666666666666666, 'decision_latency_sd_ms': 2151.9125339036036, 'switch_after_loss_rate': 0.5, 'decision_latency_mean_ms': 4768.875}",{'planning_prioritization': 0.4361103256254393},"{'low_data': False, 'n_events': 26, 'n_actions': 8, 'rt_valid_n': 8, 'has_run_end': True}",2026-03-24T10:54:51.735567+00:00,2026-03-24T10:54:51.707+00:00
c76b47ca-64e5-404b-8ede-ab2d8cecbe99,60bff96b-48a5-49ae-a6b3-2e371c9f8216,59e1ffcf-3250-4a31-9d16-a43357116100,gonogo,v1,62,22,0,76,"{'rt_trend': 0.3436655777495158, 'miss_rate': 0.35555555555555557, 'mean_rt_go': 246.44827586206895, 'final_score': 64, 'go_accuracy': 0.6444444444444445, 'data_quality': 'ok', 'fatigue_drop': -0.04761904761904756, 'nogo_accuracy': 0.6, 'rt_variability': 42.84655862734949, 'false_alarm_rate': 0.4, 'post_error_slowing': -3.584210526315786, 'inhibition_index_01': 0.6, 'impulsivity_index_01': 0.4}",{'self_control_inhibition': 0.6},"{'n_go': 45, 'n_nogo': 15, 'low_data': False, 'n_events': 62, 'n_actions': 60, 'has_run_end': True, 'data_quality': 'ok', 'rt_valid_go_n': 29}",2026-03-24T10:56:12.585063+00:00,2026-03-24T10:56:12.55+00:00
2793ee4c-9843-4072-9cf3-adcdb31a77de,b1346406-ebb2-45bb-bf2e-424a97863431,59e1ffcf-3250-4a31-9d16-a43357116100,negotiation,v1,26,0,0,62,"{'oi_01': 0.5583333333333333, 'oi_sum': 0.7, 'sdi_01': 0.4166666666666667, 'sri_01': 0.3666666666666667, 'sdi_sum': 2.5, 'sri_sum': 2.2, 'rt_sd_ms': 4350.745713859483, 'n_actions': 12, 'n_invalid': 0, 'n_missing': 0, 'mean_rt_ms': 6179.666666666667, 'final_score': 51, 'data_quality': 'ok', 'n_turns_expected': 6}","{'social_risk_01': 0.3666666666666667, 'strategic_depth_01': 0.4166666666666667, 'negotiation_skill_01': 0.5095833333333334, 'cooperative_orientation_01': 0.5583333333333333}","{'low_data': False, 'n_events': 26, 'n_actions': 12, 'n_expected': 6, 'rt_valid_n': 6, 'has_run_end': True, 'data_quality': 'ok', 'invalid_actions': 0, 'missing_actions': 0}",2026-03-24T10:57:23.807448+00:00,2026-03-24T10:57:23.77+00:00
a6a84a86-82e8-4fc7-b2a2-f67ab2d18eb2,01348d99-9ef6-4d1d-bcd5-bc38252e05b6,60a16c37-631f-4e83-afb8-93c0661963a9,triage,v1,26,6,0,21,"{'accuracy': 0.25, 'score_total': 2, 'turns_total': 8, 'strategy_entropy': 0.7356219397587946, 'switch_after_win_rate': 0, 'decision_latency_sd_ms': 1589.7130918142789, 'switch_after_loss_rate': 0.5, 'decision_latency_mean_ms': 1747.5}",{'planning_prioritization': 0.26608161089284416},"{'low_data': False, 'n_events': 26, 'n_actions': 8, 'rt_valid_n': 8, 'has_run_end': True}",2026-03-24T16:44:27.942589+00:00,2026-03-24T16:44:27.917+00:00
6c21d889-dc33-439b-b3eb-ebadb6c96f15,7ddecaaf-321e-4e77-9fc6-3915d1be38a2,60a16c37-631f-4e83-afb8-93c0661963a9,gonogo,v1,62,43,0,89,"{'rt_trend': None, 'miss_rate': 0.9555555555555556, 'mean_rt_go': 296, 'final_score': 66, 'go_accuracy': 0.044444444444444446, 'data_quality': 'warn', 'fatigue_drop': 0.005952380952380952, 'nogo_accuracy': 1, 'rt_variability': 8.48528137423857, 'false_alarm_rate': 0, 'post_error_slowing': 12, 'inhibition_index_01': 1, 'impulsivity_index_01': 0}",{'self_control_inhibition': 1},"{'n_go': 45, 'n_nogo': 15, 'low_data': False, 'n_events': 62, 'n_actions': 60, 'has_run_end': True, 'data_quality': 'warn', 'rt_valid_go_n': 2}",2026-03-24T16:46:44.653599+00:00,2026-03-24T16:46:44.615+00:00
d798221b-8d98-4447-a0f1-858929b5fa77,b952e662-0b63-43de-a038-41d1caf55469,60a16c37-631f-4e83-afb8-93c0661963a9,negotiation,v1,26,0,0,18,"{'oi_01': 0.5916666666666667, 'oi_sum': 1.1, 'sdi_01': 0.38333333333333347, 'sri_01': 0.2666666666666667, 'sdi_sum': 2.3000000000000007, 'sri_sum': 1.6000000000000003, 'rt_sd_ms': 2887.731387554367, 'n_actions': 12, 'n_invalid': 0, 'n_missing': 0, 'mean_rt_ms': 1784.8333333333333, 'final_score': 53, 'data_quality': 'ok', 'n_turns_expected': 6}","{'social_risk_01': 0.2666666666666667, 'strategic_depth_01': 0.38333333333333347, 'negotiation_skill_01': 0.5262500000000001, 'cooperative_orientation_01': 0.5916666666666667}","{'low_data': False, 'n_events': 26, 'n_actions': 12, 'n_expected': 6, 'rt_valid_n': 6, 'has_run_end': True, 'data_quality': 'ok', 'invalid_actions': 0, 'missing_actions': 0}",2026-03-24T16:47:09.265381+00:00,2026-03-24T16:47:09.232+00:00
31d2ea4d-8b1f-48c5-85c3-fc040b99ae00,e1623516-cc3b-4d81-9e38-dd07cbd2a7c1,1558ec2a-0c1a-4002-a5f4-effd86a11352,gonogo,v1,62,42,0,90,"{'rt_trend': -0.07793633369923161, 'miss_rate': 0.8888888888888888, 'mean_rt_go': 289.4, 'final_score': 61, 'go_accuracy': 0.1111111111111111, 'data_quality': 'warn', 'fatigue_drop': -0.03952569169960474, 'nogo_accuracy': 0.8666666666666667, 'rt_variability': 5.941380311005179, 'false_alarm_rate': 0.13333333333333333, 'post_error_slowing': -10.75, 'inhibition_index_01': 0.8666666666666667, 'impulsivity_index_01': 0.13333333333333333}",{'self_control_inhibition': 0.8666666666666667},"{'n_go': 45, 'n_nogo': 15, 'low_data': False, 'n_events': 62, 'n_actions': 60, 'has_run_end': True, 'data_quality': 'warn', 'rt_valid_go_n': 5}",2026-03-24T16:54:09.451161+00:00,2026-03-24T16:54:09.419+00:00
c725d7bd-c8a5-4558-bd45-481a08ea84a7,8751305b-022c-4e22-bdd1-87beb7885145,1558ec2a-0c1a-4002-a5f4-effd86a11352,negotiation,v1,26,0,0,10,"{'oi_01': 0.5833333333333334, 'oi_sum': 1, 'sdi_01': 0.5, 'sri_01': 0.23333333333333336, 'sdi_sum': 3, 'sri_sum': 1.4000000000000001, 'rt_sd_ms': 240.60839553099555, 'n_actions': 12, 'n_invalid': 0, 'n_missing': 0, 'mean_rt_ms': 479, 'final_score': 58, 'data_quality': 'ok', 'n_turns_expected': 6}","{'social_risk_01': 0.23333333333333336, 'strategic_depth_01': 0.5, 'negotiation_skill_01': 0.5825, 'cooperative_orientation_01': 0.5833333333333334}","{'low_data': False, 'n_events': 26, 'n_actions': 12, 'n_expected': 6, 'rt_valid_n': 6, 'has_run_end': True, 'data_quality': 'ok', 'invalid_actions': 0, 'missing_actions': 0}",2026-03-24T16:54:24.139658+00:00,2026-03-24T16:54:24.115+00:00
28bfc815-1263-4bb5-a765-2dcdb40dee8e,c5156b8c-4321-4aa3-bdec-fe0965075e80,1c0127ff-90b9-4e08-b919-b6dfe8fda61c,triage,v1,26,4,0,12,"{'accuracy': 0.5, 'score_total': 4, 'turns_total': 8, 'strategy_entropy': 0.9002560512685369, 'switch_after_win_rate': 0.6666666666666666, 'decision_latency_sd_ms': 294.5828770118376, 'switch_after_loss_rate': 0.5, 'decision_latency_mean_ms': 682.25}",{'planning_prioritization': 0.4361103256254393},"{'low_data': False, 'n_events': 26, 'n_actions': 8, 'rt_valid_n': 8, 'has_run_end': True}",2026-03-24T17:01:19.056634+00:00,2026-03-24T17:01:19.024+00:00
c79591fe-6cf3-4120-bfcc-0b88fd0b777a,92322961-215b-437d-ba3d-3edd041efd71,1c0127ff-90b9-4e08-b919-b6dfe8fda61c,gonogo,v1,62,27,0,82,"{'rt_trend': 0.785799653153909, 'miss_rate': 0.4222222222222222, 'mean_rt_go': 216.57692307692307, 'final_score': 53, 'go_accuracy': 0.5777777777777777, 'data_quality': 'ok', 'fatigue_drop': -0.2797619047619048, 'nogo_accuracy': 0.4666666666666667, 'rt_variability': 69.78720402877482, 'false_alarm_rate': 0.5333333333333333, 'post_error_slowing': 11.448484848484867, 'inhibition_index_01': 0.4666666666666667, 'impulsivity_index_01': 0.5333333333333333}",{'self_control_inhibition': 0.4666666666666667},"{'n_go': 45, 'n_nogo': 15, 'low_data': False, 'n_events': 62, 'n_actions': 60, 'has_run_end': True, 'data_quality': 'ok', 'rt_valid_go_n': 26}",2026-03-24T17:02:51.325442+00:00,2026-03-24T17:02:51.218+00:00
855bc2c8-8458-4fff-b246-75529c210257,fe8ccadc-684d-43dd-b8ab-7d0a83e461ad,1c0127ff-90b9-4e08-b919-b6dfe8fda61c,negotiation,v1,26,0,0,7,"{'oi_01': 0.6083333333333333, 'oi_sum': 1.2999999999999998, 'sdi_01': 0.4000000000000001, 'sri_01': 0.25, 'sdi_sum': 2.4000000000000004, 'sri_sum': 1.5, 'rt_sd_ms': 273.4532257382726, 'n_actions': 12, 'n_invalid': 0, 'n_missing': 0, 'mean_rt_ms': 250.33333333333334, 'final_score': 54, 'data_quality': 'ok', 'n_turns_expected': 6}","{'social_risk_01': 0.25, 'strategic_depth_01': 0.4000000000000001, 'negotiation_skill_01': 0.5429166666666667, 'cooperative_orientation_01': 0.6083333333333333}","{'low_data': False, 'n_events': 26, 'n_actions': 12, 'n_expected': 6, 'rt_valid_n': 6, 'has_run_end': True, 'data_quality': 'ok', 'invalid_actions': 0, 'missing_actions': 0}",2026-03-24T17:03:02.913442+00:00,2026-03-24T17:03:02.85+00:00
bf8a94fb-94e0-4216-911b-16735d0f5a79,0c9fda52-b41a-45ed-a06e-5858d217927d,aca2d12a-82ca-42fa-aabe-6d0fd097c383,triage,v1,26,4,0,39,"{'accuracy': 0.5, 'score_total': 4, 'turns_total': 8, 'strategy_entropy': 1.0821955300387673, 'switch_after_win_rate': 0.6666666666666666, 'decision_latency_sd_ms': 2213.799949021075, 'switch_after_loss_rate': 1, 'decision_latency_mean_ms': 4395.25}",{'planning_prioritization': 0.4029886355356984},"{'low_data': False, 'n_events': 26, 'n_actions': 8, 'rt_valid_n': 8, 'has_run_end': True}",2026-03-24T20:58:44.278612+00:00,2026-03-24T20:58:44.249+00:00
7eed84e7-ed74-4e23-96c9-11d1ff7662e3,08dff12f-b240-44f9-8bcb-d041ffbd7537,b6b4d416-9272-4689-aa21-5e7b44146d5f,triage,v1,26,2,0,74,"{'accuracy': 0.75, 'score_total': 6, 'turns_total': 8, 'strategy_entropy': 1.0821955300387673, 'switch_after_win_rate': 1, 'decision_latency_sd_ms': 8108.362859903172, 'switch_after_loss_rate': 0.5, 'decision_latency_mean_ms': 8916.625}",{'planning_prioritization': 0.6029886355356985},"{'low_data': False, 'n_events': 26, 'n_actions': 8, 'rt_valid_n': 8, 'has_run_end': True}",2026-03-24T20:58:56.928182+00:00,2026-03-24T20:58:56.9+00:00
fa341198-2776-449f-b258-b1db8e62e0ca,f720ba36-b823-430e-8bb9-2c0832b2c637,aca2d12a-82ca-42fa-aabe-6d0fd097c383,gonogo,v1,62,27,0,79,"{'rt_trend': -0.15108704147262053, 'miss_rate': 0.4222222222222222, 'mean_rt_go': 271, 'final_score': 54, 'go_accuracy': 0.5777777777777777, 'data_quality': 'ok', 'fatigue_drop': 0.025691699604743157, 'nogo_accuracy': 0.4666666666666667, 'rt_variability': 35.08161911884912, 'false_alarm_rate': 0.5333333333333333, 'post_error_slowing': -8.307692307692264, 'inhibition_index_01': 0.4666666666666667, 'impulsivity_index_01': 0.5333333333333333}",{'self_control_inhibition': 0.4666666666666667},"{'n_go': 45, 'n_nogo': 15, 'low_data': False, 'n_events': 62, 'n_actions': 60, 'has_run_end': True, 'data_quality': 'ok', 'rt_valid_go_n': 26}",2026-03-24T21:00:08.750364+00:00,2026-03-24T21:00:08.715+00:00
37679117-9e05-4380-b89c-b5ecc24aeb63,dd8e82a5-d045-4abf-a3e8-8462ec0d5a62,aca2d12a-82ca-42fa-aabe-6d0fd097c383,negotiation,v1,26,0,0,10,"{'oi_01': 0.7166666666666667, 'oi_sum': 2.5999999999999996, 'sdi_01': 0.7999999999999999, 'sri_01': 0.11666666666666665, 'sdi_sum': 4.8, 'sri_sum': 0.7, 'rt_sd_ms': 516.277993591308, 'n_actions': 12, 'n_invalid': 0, 'n_missing': 0, 'mean_rt_ms': 762.1666666666666, 'final_score': 79, 'data_quality': 'ok', 'n_turns_expected': 6}","{'social_risk_01': 0.11666666666666665, 'strategic_depth_01': 0.7999999999999999, 'negotiation_skill_01': 0.7875, 'cooperative_orientation_01': 0.7166666666666667}","{'low_data': False, 'n_events': 26, 'n_actions': 12, 'n_expected': 6, 'rt_valid_n': 6, 'has_run_end': True, 'data_quality': 'ok', 'invalid_actions': 0, 'missing_actions': 0}",2026-03-24T21:00:23.985616+00:00,2026-03-24T21:00:23.955+00:00
f449e8c0-c160-48a1-8512-c459b49239e1,4bc4e6bd-ed6c-4c14-b787-269e3f4667d6,b6b4d416-9272-4689-aa21-5e7b44146d5f,gonogo,v1,62,33,0,81,"{'rt_trend': 0.29658322056833564, 'miss_rate': 0.6888888888888889, 'mean_rt_go': 264.64285714285717, 'final_score': 67, 'go_accuracy': 0.3111111111111111, 'data_quality': 'ok', 'fatigue_drop': -0.25296442687747034, 'nogo_accuracy': 0.8666666666666667, 'rt_variability': 32.412265349014795, 'false_alarm_rate': 0.13333333333333333, 'post_error_slowing': 8.428571428571388, 'inhibition_index_01': 0.8666666666666667, 'impulsivity_index_01': 0.13333333333333333}",{'self_control_inhibition': 0.8666666666666667},"{'n_go': 45, 'n_nogo': 15, 'low_data': False, 'n_events': 62, 'n_actions': 60, 'has_run_end': True, 'data_quality': 'ok', 'rt_valid_go_n': 14}",2026-03-24T21:00:24.627524+00:00,2026-03-24T21:00:24.591+00:00
2da453ce-3079-4210-947a-d4960fad5b1c,0d5d0a14-1312-4a57-88c9-f117b71b8e95,b6b4d416-9272-4689-aa21-5e7b44146d5f,negotiation,v1,26,0,0,140,"{'oi_01': 0.6083333333333333, 'oi_sum': 1.3, 'sdi_01': 0.41666666666666674, 'sri_01': 0.30000000000000004, 'sdi_sum': 2.5000000000000004, 'sri_sum': 1.8000000000000003, 'rt_sd_ms': 9067.318890756334, 'n_actions': 12, 'n_invalid': 0, 'n_missing': 0, 'mean_rt_ms': 12051.666666666666, 'final_score': 54, 'data_quality': 'ok', 'n_turns_expected': 6}","{'social_risk_01': 0.30000000000000004, 'strategic_depth_01': 0.41666666666666674, 'negotiation_skill_01': 0.5404166666666667, 'cooperative_orientation_01': 0.6083333333333333}","{'low_data': False, 'n_events': 26, 'n_actions': 12, 'n_expected': 6, 'rt_valid_n': 6, 'has_run_end': True, 'data_quality': 'ok', 'invalid_actions': 0, 'missing_actions': 0}",2026-03-24T21:02:51.478729+00:00,2026-03-24T21:02:51.455+00:00
25cf10be-27f4-4d13-b019-95b118c30edb,1978bda8-40ec-4004-9ab3-20bbf1adbad5,debb845b-d832-4a52-a06c-c38041cedb0d,triage,v1,26,6,0,9,"{'accuracy': 0.25, 'score_total': 2, 'turns_total': 8, 'strategy_entropy': 0.9002560512685369, 'switch_after_win_rate': 0.5, 'decision_latency_sd_ms': 606.3850144209417, 'switch_after_loss_rate': 0.8, 'decision_latency_mean_ms': 719.75}",{'planning_prioritization': 0.2361103256254393},"{'low_data': False, 'n_events': 26, 'n_actions': 8, 'rt_valid_n': 8, 'has_run_end': True}",2026-03-25T20:51:07.366081+00:00,2026-03-25T20:51:07.335+00:00
ef9b94d3-1097-4859-a273-47e654f7d2bf,2b69519a-97a5-465e-93a9-459443d694f1,debb845b-d832-4a52-a06c-c38041cedb0d,gonogo,v1,62,15,0,74,"{'rt_trend': 0.6400414235979205, 'miss_rate': 0.022222222222222223, 'mean_rt_go': 106.25, 'final_score': 45, 'go_accuracy': 0.9777777777777777, 'data_quality': 'ok', 'fatigue_drop': 0.04166666666666663, 'nogo_accuracy': 0.06666666666666667, 'rt_variability': 74.04402367416607, 'false_alarm_rate': 0.9333333333333333, 'post_error_slowing': -29.909523809523805, 'inhibition_index_01': 0.06666666666666667, 'impulsivity_index_01': 0.9333333333333333}",{'self_control_inhibition': 0.06666666666666667},"{'n_go': 45, 'n_nogo': 15, 'low_data': False, 'n_events': 62, 'n_actions': 60, 'has_run_end': True, 'data_quality': 'ok', 'rt_valid_go_n': 44}",2026-03-25T20:52:27.300282+00:00,2026-03-25T20:52:27.265+00:00
6ac01bf9-5ef2-41d8-975b-af854000ffc2,3da2c498-a1ef-49f2-a3f2-08197723851c,debb845b-d832-4a52-a06c-c38041cedb0d,negotiation,v1,26,0,0,11,"{'oi_01': 0.7166666666666667, 'oi_sum': 2.5999999999999996, 'sdi_01': 0.7999999999999999, 'sri_01': 0.11666666666666665, 'sdi_sum': 4.8, 'sri_sum': 0.7, 'rt_sd_ms': 635.3880703947785, 'n_actions': 12, 'n_invalid': 0, 'n_missing': 0, 'mean_rt_ms': 891, 'final_score': 79, 'data_quality': 'ok', 'n_turns_expected': 6}","{'social_risk_01': 0.11666666666666665, 'strategic_depth_01': 0.7999999999999999, 'negotiation_skill_01': 0.7875, 'cooperative_orientation_01': 0.7166666666666667}","{'low_data': False, 'n_events': 26, 'n_actions': 12, 'n_expected': 6, 'rt_valid_n': 6, 'has_run_end': True, 'data_quality': 'ok', 'invalid_actions': 0, 'missing_actions': 0}",2026-03-25T20:52:43.788576+00:00,2026-03-25T20:52:43.766+00:00
94b50967-b0a5-45ce-a006-88a989c68550,73fe3d0a-513e-4066-af3d-64196515b102,ac8a303b-dec5-4257-878c-fe736ff2f7c8,triage,v1,26,5,0,9,"{'accuracy': 0.375, 'score_total': 3, 'turns_total': 8, 'strategy_entropy': 0.6615632381579821, 'switch_after_win_rate': 1, 'decision_latency_sd_ms': 367.3723053174881, 'switch_after_loss_rate': 0.8, 'decision_latency_mean_ms': 811.875}",{'planning_prioritization': 0.37956383794686643},"{'low_data': False, 'n_events': 26, 'n_actions': 8, 'rt_valid_n': 8, 'has_run_end': True}",2026-03-25T20:56:05.362884+00:00,2026-03-25T20:56:05.33+00:00
576a2f42-1366-4931-8b15-082f9936f0de,acfe0a2d-0d9d-43b9-9ddf-cb2e2ad7b4e6,ac8a303b-dec5-4257-878c-fe736ff2f7c8,gonogo,v1,62,30,0,79,"{'rt_trend': 0.3145029295253458, 'miss_rate': 0.4888888888888889, 'mean_rt_go': 137.7826086956522, 'final_score': 50, 'go_accuracy': 0.5111111111111111, 'data_quality': 'ok', 'fatigue_drop': 0.4702380952380952, 'nogo_accuracy': 0.4666666666666667, 'rt_variability': 77.67997081367015, 'false_alarm_rate': 0.5333333333333333, 'post_error_slowing': 12.592307692307685, 'inhibition_index_01': 0.4666666666666667, 'impulsivity_index_01': 0.5333333333333333}",{'self_control_inhibition': 0.4666666666666667},"{'n_go': 45, 'n_nogo': 15, 'low_data': False, 'n_events': 62, 'n_actions': 60, 'has_run_end': True, 'data_quality': 'ok', 'rt_valid_go_n': 23}",2026-03-25T20:57:32.816353+00:00,2026-03-25T20:57:32.781+00:00
e2b9d879-0ce9-419d-9c1b-c192f9d25da1,a1767cfc-b140-4ef9-8815-a9e35a680de9,ac8a303b-dec5-4257-878c-fe736ff2f7c8,negotiation,v1,26,0,0,12,"{'oi_01': 0.6999999999999998, 'oi_sum': 2.3999999999999995, 'sdi_01': 0.6833333333333335, 'sri_01': 0.13333333333333333, 'sdi_sum': 4.1000000000000005, 'sri_sum': 0.8, 'rt_sd_ms': 924.7995818914856, 'n_actions': 12, 'n_invalid': 0, 'n_missing': 0, 'mean_rt_ms': 986.3333333333334, 'final_score': 73, 'data_quality': 'ok', 'n_turns_expected': 6}","{'social_risk_01': 0.13333333333333333, 'strategic_depth_01': 0.6833333333333335, 'negotiation_skill_01': 0.7258333333333333, 'cooperative_orientation_01': 0.6999999999999998}","{'low_data': False, 'n_events': 26, 'n_actions': 12, 'n_expected': 6, 'rt_valid_n': 6, 'has_run_end': True, 'data_quality': 'ok', 'invalid_actions': 0, 'missing_actions': 0}",2026-03-25T20:57:49.61364+00:00,2026-03-25T20:57:49.586+00:00
e4207211-f803-4d58-be3b-5f0fadfa7508,ad707756-d754-4e7a-a499-d86e6f0c209b,4d642b5e-26b0-4941-9afb-049ce9e159ed,triage,v1,26,4,0,7,"{'accuracy': 0.5, 'score_total': 4, 'turns_total': 8, 'strategy_entropy': 0.6931471805599453, 'switch_after_win_rate': 0.75, 'decision_latency_sd_ms': 234.59870752292855, 'switch_after_loss_rate': 0.6666666666666666, 'decision_latency_mean_ms': 471.625}",{'planning_prioritization': 0.4738140492857085},"{'low_data': False, 'n_events': 26, 'n_actions': 8, 'rt_valid_n': 8, 'has_run_end': True}",2026-03-25T21:00:27.590551+00:00,2026-03-25T21:00:27.561+00:00
ac17fc97-551a-48a2-badb-6bef8125edcb,7d977748-7370-43bb-9c7c-34c7e637684c,4d642b5e-26b0-4941-9afb-049ce9e159ed,gonogo,v1,62,25,0,76,"{'rt_trend': 0.5449043852716604, 'miss_rate': 0.3111111111111111, 'mean_rt_go': 152.8709677419355, 'final_score': 45, 'go_accuracy': 0.6888888888888889, 'data_quality': 'ok', 'fatigue_drop': -0.16403162055335962, 'nogo_accuracy': 0.26666666666666666, 'rt_variability': 92.32433479694791, 'false_alarm_rate': 0.7333333333333333, 'post_error_slowing': 37.70833333333334, 'inhibition_index_01': 0.26666666666666666, 'impulsivity_index_01': 0.7333333333333333}",{'self_control_inhibition': 0.26666666666666666},"{'n_go': 45, 'n_nogo': 15, 'low_data': False, 'n_events': 62, 'n_actions': 60, 'has_run_end': True, 'data_quality': 'ok', 'rt_valid_go_n': 31}",2026-03-25T21:01:47.993664+00:00,2026-03-25T21:01:47.966+00:00
23d8d05f-b337-4f82-817b-3bd46bc39be7,73559a4c-6bcb-4ae0-86c5-9a0864b49d0c,4d642b5e-26b0-4941-9afb-049ce9e159ed,negotiation,v1,26,0,0,12,"{'oi_01': 0.7083333333333334, 'oi_sum': 2.5, 'sdi_01': 0.5666666666666668, 'sri_01': 0.16666666666666666, 'sdi_sum': 3.4000000000000004, 'sri_sum': 1, 'rt_sd_ms': 1264.9771539438964, 'n_actions': 12, 'n_invalid': 0, 'n_missing': 0, 'mean_rt_ms': 1099, 'final_score': 67, 'data_quality': 'ok', 'n_turns_expected': 6}","{'social_risk_01': 0.16666666666666666, 'strategic_depth_01': 0.5666666666666668, 'negotiation_skill_01': 0.6695833333333334, 'cooperative_orientation_01': 0.7083333333333334}","{'low_data': False, 'n_events': 26, 'n_actions': 12, 'n_expected': 6, 'rt_valid_n': 6, 'has_run_end': True, 'data_quality': 'ok', 'invalid_actions': 0, 'missing_actions': 0}",2026-03-25T21:02:11.643676+00:00,2026-03-25T21:02:11.612+00:00
20d83c35-04da-4a59-9834-0e1b99fdc71a,111b2eb4-dc33-49ee-bb9d-2383fdc485c6,c0faaf7a-68f3-451b-aeb5-08442bc00fab,gonogo,v1,62,26,0,77,"{'rt_trend': 0.7439833010813429, 'miss_rate': 0.4222222222222222, 'mean_rt_go': 158.53846153846155, 'final_score': 56, 'go_accuracy': 0.5777777777777777, 'data_quality': 'ok', 'fatigue_drop': 0.21999999999999997, 'nogo_accuracy': 0.5333333333333333, 'rt_variability': 81.57363827572277, 'false_alarm_rate': 0.4666666666666667, 'post_error_slowing': -24.977443609022572, 'inhibition_index_01': 0.5333333333333333, 'impulsivity_index_01': 0.4666666666666667}",{'self_control_inhibition': 0.5333333333333333},"{'n_go': 45, 'n_nogo': 15, 'low_data': False, 'n_events': 62, 'n_actions': 60, 'has_run_end': True, 'data_quality': 'ok', 'rt_valid_go_n': 26}",2026-03-25T21:06:25.395258+00:00,2026-03-25T21:06:25.357+00:00
f450c1c2-d1c1-4845-a229-78e298f122f5,0a0a4091-dd3c-4370-a678-799768cff21e,c0faaf7a-68f3-451b-aeb5-08442bc00fab,negotiation,v1,26,0,0,11,"{'oi_01': 0.725, 'oi_sum': 2.6999999999999997, 'sdi_01': 0.7000000000000001, 'sri_01': 0.16666666666666666, 'sdi_sum': 4.2, 'sri_sum': 1, 'rt_sd_ms': 306.7668495779816, 'n_actions': 12, 'n_invalid': 0, 'n_missing': 0, 'mean_rt_ms': 725.5, 'final_score': 74, 'data_quality': 'ok', 'n_turns_expected': 6}","{'social_risk_01': 0.16666666666666666, 'strategic_depth_01': 0.7000000000000001, 'negotiation_skill_01': 0.7354166666666668, 'cooperative_orientation_01': 0.725}","{'low_data': False, 'n_events': 26, 'n_actions': 12, 'n_expected': 6, 'rt_valid_n': 6, 'has_run_end': True, 'data_quality': 'ok', 'invalid_actions': 0, 'missing_actions': 0}",2026-03-25T21:07:11.033423+00:00,2026-03-25T21:07:11.006+00:00
579cb6a1-3ed9-487b-b988-4432b97963e7,2d64ed5d-8f8e-48a4-893b-7d7ef1538e3c,a986f34c-ccb3-4f1f-a496-2d454d86eb83,triage,v1,26,4,0,26,"{'accuracy': 0.5, 'score_total': 4, 'turns_total': 8, 'strategy_entropy': 0.37677016125643675, 'switch_after_win_rate': 0.5, 'decision_latency_sd_ms': 925.9864913392944, 'switch_after_loss_rate': 0, 'decision_latency_mean_ms': 2650.875}",{'planning_prioritization': 0.5314098039603745},"{'low_data': False, 'n_events': 26, 'n_actions': 8, 'rt_valid_n': 8, 'has_run_end': True}",2026-03-26T14:19:35.958228+00:00,2026-03-26T14:19:35.923+00:00
98781c9b-d94e-40c1-8f6c-a0dabd56fc22,cc6b4c57-f9dd-4e0d-9132-c8c4d0f2614d,a986f34c-ccb3-4f1f-a496-2d454d86eb83,gonogo,v1,62,18,0,74,"{'rt_trend': 0.1718256475047379, 'miss_rate': 0.06666666666666667, 'mean_rt_go': 84.23809523809524, 'final_score': 40, 'go_accuracy': 0.9333333333333333, 'data_quality': 'ok', 'fatigue_drop': 0.041501976284585074, 'nogo_accuracy': 0, 'rt_variability': 58.62481349444961, 'false_alarm_rate': 1, 'post_error_slowing': -28.753315649867375, 'inhibition_index_01': 0, 'impulsivity_index_01': 1}",{'self_control_inhibition': 0},"{'n_go': 45, 'n_nogo': 15, 'low_data': False, 'n_events': 62, 'n_actions': 60, 'has_run_end': True, 'data_quality': 'ok', 'rt_valid_go_n': 42}",2026-03-26T14:20:55.333613+00:00,2026-03-26T14:20:55.301+00:00
0b001dae-64cf-4be4-989a-7da3b172b99b,6eb8483d-58d9-4c0e-a957-c4d239d305e9,a986f34c-ccb3-4f1f-a496-2d454d86eb83,negotiation,v1,26,0,0,11,"{'oi_01': 0.7166666666666667, 'oi_sum': 2.5999999999999996, 'sdi_01': 0.7999999999999999, 'sri_01': 0.11666666666666665, 'sdi_sum': 4.8, 'sri_sum': 0.7, 'rt_sd_ms': 482.99913733532344, 'n_actions': 12, 'n_invalid': 0, 'n_missing': 0, 'mean_rt_ms': 684.1666666666666, 'final_score': 79, 'data_quality': 'ok', 'n_turns_expected': 6}","{'social_risk_01': 0.11666666666666665, 'strategic_depth_01': 0.7999999999999999, 'negotiation_skill_01': 0.7875, 'cooperative_orientation_01': 0.7166666666666667}","{'low_data': False, 'n_events': 26, 'n_actions': 12, 'n_expected': 6, 'rt_valid_n': 6, 'has_run_end': True, 'data_quality': 'ok', 'invalid_actions': 0, 'missing_actions': 0}",2026-03-26T14:21:11.170193+00:00,2026-03-26T14:21:11.117+00:00
0a8891a8-172f-455c-a6ef-07401718e543,e4aebf95-ae6e-409a-97c9-b6f7127a9faa,2b46d6b7-8e19-4aa8-b824-bbaf337a68c5,triage,v1,26,2,0,32,"{'accuracy': 0.75, 'score_total': 6, 'turns_total': 8, 'strategy_entropy': 1.0821955300387673, 'switch_after_win_rate': 1, 'decision_latency_sd_ms': 952.7503701689876, 'switch_after_loss_rate': 1, 'decision_latency_mean_ms': 3717.125}",{'planning_prioritization': 0.6029886355356985},"{'low_data': False, 'n_events': 26, 'n_actions': 8, 'rt_valid_n': 8, 'has_run_end': True}",2026-03-26T16:55:11.679414+00:00,2026-03-26T16:55:11.655+00:00
d43a20b8-b44e-41e5-a4e7-e21bbc9d4cd7,bc4a212a-789a-469d-8f0d-f43428138c4a,2b46d6b7-8e19-4aa8-b824-bbaf337a68c5,gonogo,v1,62,28,0,80,"{'rt_trend': -0.05456730769230758, 'miss_rate': 0.5555555555555556, 'mean_rt_go': 262.45, 'final_score': 68, 'go_accuracy': 0.4444444444444444, 'data_quality': 'ok', 'fatigue_drop': 0.10869565217391303, 'nogo_accuracy': 0.8, 'rt_variability': 40.27860212909187, 'false_alarm_rate': 0.2, 'post_error_slowing': -6.899999999999977, 'inhibition_index_01': 0.8, 'impulsivity_index_01': 0.2}",{'self_control_inhibition': 0.8},"{'n_go': 45, 'n_nogo': 15, 'low_data': False, 'n_events': 62, 'n_actions': 60, 'has_run_end': True, 'data_quality': 'ok', 'rt_valid_go_n': 20}",2026-03-26T16:56:59.346355+00:00,2026-03-26T16:56:59.313+00:00
700a736a-1161-4c25-bd17-b2c094fa2304,abfedff8-2101-48cd-b628-dcf1c639cfaa,2b46d6b7-8e19-4aa8-b824-bbaf337a68c5,negotiation,v1,26,0,0,93,"{'oi_01': 0.425, 'oi_sum': -0.9000000000000001, 'sdi_01': 0.35000000000000003, 'sri_01': 0.5333333333333334, 'sdi_sum': 2.1, 'sri_sum': 3.2000000000000006, 'rt_sd_ms': 1113.3119359221237, 'n_actions': 12, 'n_invalid': 0, 'n_missing': 0, 'mean_rt_ms': 7624.666666666667, 'final_score': 40, 'data_quality': 'ok', 'n_turns_expected': 6}","{'social_risk_01': 0.5333333333333334, 'strategic_depth_01': 0.35000000000000003, 'negotiation_skill_01': 0.39958333333333335, 'cooperative_orientation_01': 0.425}","{'low_data': False, 'n_events': 26, 'n_actions': 12, 'n_expected': 6, 'rt_valid_n': 6, 'has_run_end': True, 'data_quality': 'ok', 'invalid_actions': 0, 'missing_actions': 0}",2026-03-26T16:58:38.982033+00:00,2026-03-26T16:58:38.958+00:00
