id,profile_id,game_id,game_version,role_context,status,started_at,ended_at,total_seconds,device,metadata,created_at,updated_at
7d8c82ef-34a5-4717-9587-d9754e368e0e,4983dc33-eb5d-46e1-92d4-2fa383334b78,negotiation,v1,sales_ops,completed,2026-03-16T16:27:33.17+00:00,2026-03-16T16:31:20.81+00:00,228.0,,"{'version': 'v1', 'n_scenarios': 12}",2026-03-16T16:27:33.245063+00:00,2026-03-16T16:31:20.957759+00:00
27007c16-9a5c-4906-acf7-af9a317036cf,3eafff1d-e7a2-4e47-9a9d-e99388ee041b,triage,v1,sales_ops,completed,2026-03-12T12:55:19.861+00:00,2026-03-12T12:56:16.229+00:00,56.0,,"{'n_items': 8, 'role_variant': 'sales_ops'}",2026-03-12T12:55:19.838563+00:00,2026-03-12T12:56:16.308532+00:00
e2e4be2b-2cca-43d6-b4fb-29c88b693984,3eafff1d-e7a2-4e47-9a9d-e99388ee041b,gonogo,v1,sales_ops,completed,2026-03-12T12:56:35.545+00:00,2026-03-12T12:57:57.124+00:00,82.0,,,2026-03-12T12:56:35.429194+00:00,2026-03-12T12:57:57.18834+00:00
cac1d902-09c0-41b7-ab80-77581a374e7f,3ac6508f-b936-44ad-8f8d-eeaf0e6848ee,triage,v1,sales_ops,completed,2026-03-12T12:59:00.6+00:00,2026-03-12T12:59:53.838+00:00,53.0,,"{'n_items': 8, 'role_variant': 'sales_ops'}",2026-03-12T12:59:00.871485+00:00,2026-03-12T12:59:53.902397+00:00
b3bff059-2aa1-45e9-94db-0ac6993a4af4,515b2474-5968-4564-b620-60a42ecfaef8,gonogo,v1,sales_ops,started,2026-03-17T18:42:08.179+00:00,,,,,2026-03-17T18:42:06.238028+00:00,2026-03-17T18:42:06.238028+00:00
203eb2cf-18f4-4e99-b21d-94c5f93395df,3ac6508f-b936-44ad-8f8d-eeaf0e6848ee,gonogo,v1,sales_ops,completed,2026-03-12T13:00:01.479+00:00,2026-03-12T13:01:29.826+00:00,88.0,,,2026-03-12T13:00:01.602492+00:00,2026-03-12T13:01:29.925721+00:00
e316ec20-f844-4b3c-8b90-35067a58d7b1,3eafff1d-e7a2-4e47-9a9d-e99388ee041b,negotiation,v1,sales_ops,completed,2026-03-12T12:58:38.92+00:00,2026-03-12T13:01:31.365+00:00,172.0,,"{'version': 'v1', 'n_scenarios': 12}",2026-03-12T12:58:38.771398+00:00,2026-03-12T13:01:31.477914+00:00
b1056a66-15c2-4e4a-87c7-010592bdfce8,3ac6508f-b936-44ad-8f8d-eeaf0e6848ee,negotiation,v1,sales_ops,completed,2026-03-12T13:01:37.157+00:00,2026-03-12T13:04:53.576+00:00,196.0,,"{'version': 'v1', 'n_scenarios': 12}",2026-03-12T13:01:37.383185+00:00,2026-03-12T13:04:53.682342+00:00
b0e87965-a793-4f16-899d-4e14e37cc9a7,867d1f34-4148-42e9-865b-15889571ad89,triage,v1,sales_ops,completed,2026-03-12T13:36:02.07+00:00,2026-03-12T13:37:28.224+00:00,86.0,,"{'n_items': 8, 'role_variant': 'sales_ops'}",2026-03-12T13:36:02.333716+00:00,2026-03-12T13:37:28.304726+00:00
64a8fc33-4a1f-4d1b-9f2a-836bcb41b8b8,867d1f34-4148-42e9-865b-15889571ad89,gonogo,v1,sales_ops,completed,2026-03-12T13:37:53.745+00:00,2026-03-12T13:39:20.594+00:00,87.0,,,2026-03-12T13:37:53.901819+00:00,2026-03-12T13:39:20.680921+00:00
cac2c0d2-13cf-41ce-8825-4fed4b5b6545,867d1f34-4148-42e9-865b-15889571ad89,negotiation,v1,sales_ops,completed,2026-03-12T13:39:45.316+00:00,2026-03-12T13:43:13.378+00:00,208.0,,"{'version': 'v1', 'n_scenarios': 12}",2026-03-12T13:39:45.658913+00:00,2026-03-12T13:43:13.501765+00:00
50baa54e-8f30-460d-ac58-866dd6016697,10a6e06d-839c-46e1-bcf2-fc948adff31d,triage,v1,developer,completed,2026-03-12T14:14:36.821+00:00,2026-03-12T14:15:41.506+00:00,65.0,,"{'n_items': 8, 'role_variant': 'developer'}",2026-03-12T14:14:36.931928+00:00,2026-03-12T14:15:41.57755+00:00
b41a9226-380d-44fc-ad0b-4c4e25f91a3c,10a6e06d-839c-46e1-bcf2-fc948adff31d,gonogo,v1,sales_ops,completed,2026-03-12T14:15:51.398+00:00,2026-03-12T14:17:11.547+00:00,80.0,,,2026-03-12T14:15:51.471594+00:00,2026-03-12T14:17:11.662438+00:00
598c7965-c06b-43b5-9e88-ced1fb71015c,10a6e06d-839c-46e1-bcf2-fc948adff31d,negotiation,v1,sales_ops,completed,2026-03-12T14:17:20.778+00:00,2026-03-12T14:19:06.222+00:00,105.0,,"{'version': 'v1', 'n_scenarios': 12}",2026-03-12T14:17:20.867727+00:00,2026-03-12T14:19:06.292053+00:00
071cab21-465b-4c52-a17c-95ec59ab83ff,d7479702-1f11-424a-83c8-fb66e5db1097,triage,v1,sales_ops,completed,2026-03-12T14:56:30.527+00:00,2026-03-12T14:57:04.945+00:00,34.0,,"{'n_items': 8, 'role_variant': 'sales_ops'}",2026-03-12T14:56:30.652557+00:00,2026-03-12T14:57:05.017276+00:00
53d67055-9e2e-4b08-8a80-d384c87d2ca1,d7479702-1f11-424a-83c8-fb66e5db1097,gonogo,v1,sales_ops,started,2026-03-12T14:57:13.221+00:00,,,,,2026-03-12T14:57:13.300328+00:00,2026-03-12T14:57:13.300328+00:00
a72426da-486e-441c-9065-8a958ce60770,d7479702-1f11-424a-83c8-fb66e5db1097,gonogo,v1,sales_ops,started,2026-03-12T14:57:48.284+00:00,,,,,2026-03-12T14:57:48.354665+00:00,2026-03-12T14:57:48.354665+00:00
6515dbf7-d442-44b7-a1e9-ec15deb1c6b6,1f9327a4-93a4-48d3-9e43-0aa6f57306b0,triage,v1,developer,completed,2026-03-12T16:33:27.904+00:00,2026-03-12T16:34:12.83+00:00,45.0,,"{'n_items': 8, 'role_variant': 'developer'}",2026-03-12T16:33:28.325827+00:00,2026-03-12T16:34:12.924408+00:00
424ec20d-f106-45ab-abae-25dac1644297,1f9327a4-93a4-48d3-9e43-0aa6f57306b0,gonogo,v1,sales_ops,completed,2026-03-12T16:34:39.559+00:00,2026-03-12T16:35:58.65+00:00,79.0,,,2026-03-12T16:34:39.831946+00:00,2026-03-12T16:35:58.744161+00:00
de2b9808-5b12-4cda-98f1-3830ca87300a,1f9327a4-93a4-48d3-9e43-0aa6f57306b0,gonogo,v1,sales_ops,completed,2026-03-12T16:36:11.772+00:00,2026-03-12T16:37:41.203+00:00,89.0,,,2026-03-12T16:36:12.065441+00:00,2026-03-12T16:37:41.268351+00:00
b037b465-579d-4aaf-b784-7547462cd203,1f9327a4-93a4-48d3-9e43-0aa6f57306b0,negotiation,v1,sales_ops,completed,2026-03-12T16:41:06.94+00:00,2026-03-12T16:56:03.338+00:00,896.0,,"{'version': 'v1', 'n_scenarios': 12}",2026-03-12T16:41:07.700848+00:00,2026-03-12T16:56:03.445917+00:00
1a737668-5261-4702-a832-6a38c7b57887,d87cecce-e8cd-4a21-afeb-e6f544cfa6bf,triage,v1,sales_ops,started,2026-03-13T12:36:24.555+00:00,,,,"{'n_items': 8, 'role_variant': 'sales_ops'}",2026-03-13T12:36:24.931146+00:00,2026-03-13T12:36:24.931146+00:00
b5f8f7f8-8568-45bc-8eee-04fe31e39e5a,5b4b3665-89c7-4dc4-aead-b05cdbf6531a,triage,v1,sales_ops,completed,2026-03-13T13:03:39.851+00:00,2026-03-13T13:05:00.181+00:00,80.0,,"{'n_items': 8, 'role_variant': 'sales_ops'}",2026-03-13T13:03:40.072636+00:00,2026-03-13T13:05:00.268235+00:00
85db84a1-4fef-4e3f-8eed-207bbb32e5e7,5b4b3665-89c7-4dc4-aead-b05cdbf6531a,gonogo,v1,sales_ops,started,2026-03-13T13:05:08.391+00:00,,,,,2026-03-13T13:05:08.50689+00:00,2026-03-13T13:05:08.50689+00:00
d7c928fe-3e9b-44b2-831b-069d05f06704,5b4b3665-89c7-4dc4-aead-b05cdbf6531a,gonogo,v1,sales_ops,completed,2026-03-13T13:05:46.428+00:00,2026-03-13T13:07:05.139+00:00,79.0,,,2026-03-13T13:05:46.557345+00:00,2026-03-13T13:07:05.201905+00:00
2026831f-0735-453f-bb76-2b0d93c2f3c4,bf56dfd7-83dc-4604-b320-04a33ad10b06,triage,v1,sales_ops,completed,2026-03-13T13:09:49.389+00:00,2026-03-13T13:10:50.453+00:00,61.0,,"{'n_items': 8, 'role_variant': 'sales_ops'}",2026-03-13T13:09:49.658149+00:00,2026-03-13T13:10:50.523838+00:00
403cca94-994b-4376-9a4b-9fb89f3d8f18,bf56dfd7-83dc-4604-b320-04a33ad10b06,gonogo,v1,sales_ops,started,2026-03-13T13:10:58.417+00:00,,,,,2026-03-13T13:10:58.549845+00:00,2026-03-13T13:10:58.549845+00:00
591068f5-9b67-45d2-8a59-1179b375abec,5b4b3665-89c7-4dc4-aead-b05cdbf6531a,negotiation,v1,sales_ops,completed,2026-03-13T13:08:21.967+00:00,2026-03-13T13:12:28.706+00:00,247.0,,"{'version': 'v1', 'n_scenarios': 12}",2026-03-13T13:08:22.100225+00:00,2026-03-13T13:12:28.793534+00:00
efa739d0-ac63-4e58-b5f0-6fb6e6c094ce,bf56dfd7-83dc-4604-b320-04a33ad10b06,gonogo,v1,sales_ops,completed,2026-03-13T13:11:13.083+00:00,2026-03-13T13:15:15.328+00:00,242.0,,,2026-03-13T13:11:13.213312+00:00,2026-03-13T13:15:15.388691+00:00
92755e9e-ffd8-4a25-9005-59745f4a6721,bf56dfd7-83dc-4604-b320-04a33ad10b06,negotiation,v1,sales_ops,completed,2026-03-13T13:15:22.275+00:00,2026-03-13T13:18:18.611+00:00,176.0,,"{'version': 'v1', 'n_scenarios': 12}",2026-03-13T13:15:22.406883+00:00,2026-03-13T13:18:18.689029+00:00
9378377c-265f-48e7-9deb-0725b14bc90f,81b86abc-d94a-48ef-9f0d-86364117876b,triage,v1,sales_ops,completed,2026-03-13T13:17:49.887+00:00,2026-03-13T13:18:33.19+00:00,43.0,,"{'n_items': 8, 'role_variant': 'sales_ops'}",2026-03-13T13:17:50.875845+00:00,2026-03-13T13:18:33.25189+00:00
cbb5409f-c19d-4d99-a273-80db8a3e86ad,81b86abc-d94a-48ef-9f0d-86364117876b,gonogo,v1,sales_ops,completed,2026-03-13T13:18:42.78+00:00,2026-03-13T13:20:06.279+00:00,83.0,,,2026-03-13T13:18:43.692156+00:00,2026-03-13T13:20:06.337322+00:00
b8eea930-f7f7-4bdc-a2b9-b7860fb12efd,81b86abc-d94a-48ef-9f0d-86364117876b,negotiation,v1,sales_ops,completed,2026-03-13T13:21:00.288+00:00,2026-03-13T13:24:05.984+00:00,186.0,,"{'version': 'v1', 'n_scenarios': 12}",2026-03-13T13:21:01.225448+00:00,2026-03-13T13:24:06.089341+00:00
08ffbeec-7894-4d38-b70e-a173984ad7c7,1dbd3e82-0bcd-4485-a6ff-08a207b17d38,triage,v1,sales_ops,completed,2026-03-13T14:23:30.716+00:00,2026-03-13T14:24:32.813+00:00,62.0,,"{'n_items': 8, 'role_variant': 'sales_ops'}",2026-03-13T14:23:31.194129+00:00,2026-03-13T14:24:32.934048+00:00
a1388103-8acc-4c21-ac3c-dd6be75b4cdc,1dbd3e82-0bcd-4485-a6ff-08a207b17d38,triage,v1,sales_ops,started,2026-03-13T14:24:41.433+00:00,,,,"{'n_items': 8, 'role_variant': 'sales_ops'}",2026-03-13T14:24:41.825322+00:00,2026-03-13T14:24:41.825322+00:00
22edac53-d0aa-44b1-855c-963508349d82,1dbd3e82-0bcd-4485-a6ff-08a207b17d38,gonogo,v1,sales_ops,started,2026-03-13T14:25:03.864+00:00,,,,,2026-03-13T14:25:04.241168+00:00,2026-03-13T14:25:04.241168+00:00
d405838e-9e20-4735-9369-d9daa18732f3,8812d715-2437-452f-9f08-89a9b7de6222,triage,v1,sales_ops,started,2026-03-13T14:46:36.881+00:00,,,,"{'n_items': 8, 'role_variant': 'sales_ops'}",2026-03-13T14:46:37.041996+00:00,2026-03-13T14:46:37.041996+00:00
fdc58428-03b2-444a-a689-bf02933fe234,8812d715-2437-452f-9f08-89a9b7de6222,triage,v1,sales_ops,started,2026-03-13T14:46:49.214+00:00,,,,"{'n_items': 8, 'role_variant': 'sales_ops'}",2026-03-13T14:46:49.291638+00:00,2026-03-13T14:46:49.291638+00:00
919c44b4-9782-4a4b-8823-562dee176147,8812d715-2437-452f-9f08-89a9b7de6222,triage,v1,sales_ops,completed,2026-03-13T14:47:03.667+00:00,2026-03-13T14:47:54.059+00:00,50.0,,"{'n_items': 8, 'role_variant': 'sales_ops'}",2026-03-13T14:47:03.750217+00:00,2026-03-13T14:47:54.180803+00:00
7f76e747-f824-42e3-8eea-8490ba78059f,8812d715-2437-452f-9f08-89a9b7de6222,gonogo,v1,sales_ops,started,2026-03-13T14:51:06.7+00:00,,,,,2026-03-13T14:51:06.780135+00:00,2026-03-13T14:51:06.780135+00:00
2b02ea15-8e92-40ed-9535-080d8574340c,8812d715-2437-452f-9f08-89a9b7de6222,gonogo,v1,sales_ops,started,2026-03-13T14:51:28.607+00:00,,,,,2026-03-13T14:51:28.711025+00:00,2026-03-13T14:51:28.711025+00:00
9d56b63c-7937-44b3-add1-8663ee251916,09612f6d-c842-45f6-bac5-f6f5c117131c,triage,v1,sales_ops,completed,2026-03-13T14:52:26.69+00:00,2026-03-13T14:53:14.794+00:00,48.0,,"{'n_items': 8, 'role_variant': 'sales_ops'}",2026-03-13T14:52:26.803346+00:00,2026-03-13T14:53:14.901603+00:00
1b187654-a7b5-41b9-977e-86e9d76b4206,09612f6d-c842-45f6-bac5-f6f5c117131c,gonogo,v1,sales_ops,started,2026-03-13T14:53:22.76+00:00,,,,,2026-03-13T14:53:22.823087+00:00,2026-03-13T14:53:22.823087+00:00
0f5d4c37-b9dd-4411-8ff7-809f109fc1a2,8812d715-2437-452f-9f08-89a9b7de6222,gonogo,v1,sales_ops,completed,2026-03-13T14:52:28.868+00:00,2026-03-13T14:53:44.528+00:00,76.0,,,2026-03-13T14:52:28.961381+00:00,2026-03-13T14:53:44.598219+00:00
82f050b5-52e5-49df-9fa3-b96381720c15,09612f6d-c842-45f6-bac5-f6f5c117131c,gonogo,v1,sales_ops,started,2026-03-13T14:53:49.17+00:00,,,,,2026-03-13T14:53:49.230119+00:00,2026-03-13T14:53:49.230119+00:00
2a676593-dd41-4960-81ae-535d88771569,8812d715-2437-452f-9f08-89a9b7de6222,negotiation,v1,sales_ops,completed,2026-03-13T14:53:52.777+00:00,2026-03-13T14:56:34.272+00:00,161.0,,"{'version': 'v1', 'n_scenarios': 12}",2026-03-13T14:53:52.849732+00:00,2026-03-13T14:56:34.352566+00:00
2d601f0f-51d8-455d-a094-c45d5c3b3e23,09612f6d-c842-45f6-bac5-f6f5c117131c,gonogo,v1,sales_ops,completed,2026-03-13T14:54:10.399+00:00,2026-03-13T14:59:46.737+00:00,336.0,,,2026-03-13T14:54:10.467693+00:00,2026-03-13T14:59:46.796801+00:00
f76ac4ef-b198-4c18-83aa-229c28801d0b,09612f6d-c842-45f6-bac5-f6f5c117131c,negotiation,v1,sales_ops,started,2026-03-13T14:59:57.265+00:00,,,,"{'version': 'v1', 'n_scenarios': 12}",2026-03-13T14:59:57.324328+00:00,2026-03-13T14:59:57.324328+00:00
92c707fe-6418-4912-92ac-b11e64db6357,fd85e477-ddef-4b81-bb94-cbdda9912dd4,triage,v1,sales_ops,completed,2026-03-13T15:05:13.143+00:00,2026-03-13T15:05:40.123+00:00,27.0,,"{'n_items': 8, 'role_variant': 'sales_ops'}",2026-03-13T15:05:13.34375+00:00,2026-03-13T15:05:40.205127+00:00
02843ed6-0288-4eb1-8ee9-64f538e24de6,fd85e477-ddef-4b81-bb94-cbdda9912dd4,triage,v1,sales_ops,completed,2026-03-13T15:05:48.014+00:00,2026-03-13T15:05:55.344+00:00,7.0,,"{'n_items': 8, 'role_variant': 'sales_ops'}",2026-03-13T15:05:48.109551+00:00,2026-03-13T15:05:55.428846+00:00
de1609af-06aa-4616-9fd4-43b8b464b7d6,2793726b-3a52-4497-bb98-7ae0368d25e2,gonogo,v1,sales_ops,completed,2026-03-16T16:53:13.306+00:00,2026-03-16T16:54:28.963+00:00,76.0,,,2026-03-16T16:53:13.456984+00:00,2026-03-16T16:54:29.03574+00:00
5e5aa2e0-ef79-4d6a-ad60-5657923086a1,fd85e477-ddef-4b81-bb94-cbdda9912dd4,triage,v1,sales_ops,completed,2026-03-13T15:06:07.339+00:00,2026-03-13T15:06:30.189+00:00,23.0,,"{'n_items': 8, 'role_variant': 'sales_ops'}",2026-03-13T15:06:07.431337+00:00,2026-03-13T15:06:30.275911+00:00
b7f0101e-a00e-42f4-bf26-067fc6d64580,fd85e477-ddef-4b81-bb94-cbdda9912dd4,gonogo,v1,sales_ops,started,2026-03-13T15:06:36.313+00:00,,,,,2026-03-13T15:06:36.394974+00:00,2026-03-13T15:06:36.394974+00:00
587b2015-4f45-41ce-b6b4-8f24c65431aa,fd85e477-ddef-4b81-bb94-cbdda9912dd4,gonogo,v1,sales_ops,started,2026-03-13T15:06:56.56+00:00,,,,,2026-03-13T15:06:56.651587+00:00,2026-03-13T15:06:56.651587+00:00
607b5a0e-c560-49fd-8773-801d7ee5e79a,09612f6d-c842-45f6-bac5-f6f5c117131c,negotiation,v1,sales_ops,started,2026-03-13T15:07:56.002+00:00,,,,"{'version': 'v1', 'n_scenarios': 12}",2026-03-13T15:07:56.240064+00:00,2026-03-13T15:07:56.240064+00:00
d161bb0c-175a-4e9b-b083-55f73d86e82e,093d3f4d-d24e-47fb-9f90-de8e2e6b8be6,gonogo,v1,sales_ops,completed,2026-03-17T13:42:56.045+00:00,2026-03-17T13:44:19.984+00:00,84.0,,,2026-03-17T13:42:57.281971+00:00,2026-03-17T13:44:20.114086+00:00
3d09e3c3-bdab-4283-aa36-b1ad7cdc178c,d87cecce-e8cd-4a21-afeb-e6f544cfa6bf,triage,v1,sales_ops,completed,2026-03-13T15:46:13.391+00:00,2026-03-13T15:46:55.219+00:00,42.0,,"{'n_items': 8, 'role_variant': 'sales_ops'}",2026-03-13T15:46:13.545353+00:00,2026-03-13T15:46:55.298183+00:00
9b38e959-fc0f-47ef-96cb-92cce6e1750a,d87cecce-e8cd-4a21-afeb-e6f544cfa6bf,gonogo,v1,sales_ops,completed,2026-03-13T15:47:01.875+00:00,2026-03-13T15:48:24.752+00:00,83.0,,,2026-03-13T15:47:01.979289+00:00,2026-03-13T15:48:24.852478+00:00
48fc93fe-5925-41e1-aeb6-f2ba32c32774,d87cecce-e8cd-4a21-afeb-e6f544cfa6bf,negotiation,v1,sales_ops,completed,2026-03-13T15:48:35.699+00:00,2026-03-13T15:51:39.438+00:00,184.0,,"{'version': 'v1', 'n_scenarios': 12}",2026-03-13T15:48:35.81097+00:00,2026-03-13T15:51:39.535728+00:00
bfd85838-e46e-48bd-9e80-37365ed194b3,fb5921ce-c739-48c0-9d76-abbbf4a9ccc1,triage,v1,sales_ops,completed,2026-03-13T16:11:35.211+00:00,2026-03-13T16:14:31.795+00:00,177.0,,"{'n_items': 8, 'role_variant': 'sales_ops'}",2026-03-13T16:11:35.350846+00:00,2026-03-13T16:14:31.896259+00:00
7f2db3cc-9624-4c6c-87a8-1363162b30c0,b581cb58-728d-4c35-ab17-24e896fc6c5d,triage,v1,receptionist,completed,2026-03-13T18:36:50.221+00:00,2026-03-13T18:38:31.075+00:00,101.0,,"{'n_items': 8, 'role_variant': 'receptionist'}",2026-03-13T18:36:50.35106+00:00,2026-03-13T18:38:31.155317+00:00
dc61f9db-ce0a-45b6-ba05-24ec6bcca77b,b581cb58-728d-4c35-ab17-24e896fc6c5d,gonogo,v1,sales_ops,completed,2026-03-13T18:38:58.214+00:00,2026-03-13T18:40:18.497+00:00,80.0,,,2026-03-13T18:38:58.2756+00:00,2026-03-13T18:40:18.560536+00:00
70244288-d781-43c4-ba40-f57c0efd294f,b581cb58-728d-4c35-ab17-24e896fc6c5d,negotiation,v1,sales_ops,completed,2026-03-13T18:40:31.257+00:00,2026-03-13T18:42:54.988+00:00,144.0,,"{'version': 'v1', 'n_scenarios': 12}",2026-03-13T18:40:31.340196+00:00,2026-03-13T18:42:55.049855+00:00
900f4d63-a024-473b-8dde-c695fcb63f31,1b380868-63e3-4e1b-b106-152416e05dbb,triage,v1,sales_ops,completed,2026-03-13T21:27:01.273+00:00,2026-03-13T21:28:19.743+00:00,78.0,,"{'n_items': 8, 'role_variant': 'sales_ops'}",2026-03-13T21:27:01.469985+00:00,2026-03-13T21:28:19.812684+00:00
037850a9-fb32-484e-be77-ab811f0f576b,1b380868-63e3-4e1b-b106-152416e05dbb,gonogo,v1,sales_ops,started,2026-03-13T21:28:30.682+00:00,,,,,2026-03-13T21:28:30.798477+00:00,2026-03-13T21:28:30.798477+00:00
2bc350dd-5b2d-4c64-8e24-09043a04a920,1b380868-63e3-4e1b-b106-152416e05dbb,gonogo,v1,sales_ops,completed,2026-03-13T21:29:21.79+00:00,2026-03-13T21:30:45.37+00:00,84.0,,,2026-03-13T21:29:21.932676+00:00,2026-03-13T21:30:45.461017+00:00
334e3447-f039-4479-8a6d-5e998196c5df,1b380868-63e3-4e1b-b106-152416e05dbb,negotiation,v1,sales_ops,started,2026-03-13T21:31:06.068+00:00,,,,"{'version': 'v1', 'n_scenarios': 12}",2026-03-13T21:31:06.224357+00:00,2026-03-13T21:31:06.224357+00:00
b5ade8a9-d7dc-4ee3-95bb-80060bf788a3,1b380868-63e3-4e1b-b106-152416e05dbb,negotiation,v1,sales_ops,completed,2026-03-13T22:29:27.138+00:00,2026-03-13T22:30:08.843+00:00,42.0,,"{'version': 'v1', 'n_scenarios': 12}",2026-03-13T22:29:27.506845+00:00,2026-03-13T22:30:08.918988+00:00
761d5703-f6d3-4313-ae6c-158a6d63887f,b701c83a-8878-4490-a5c0-0bf097d5abf6,triage,v1,sales_ops,completed,2026-03-13T23:36:03.628+00:00,2026-03-13T23:37:10.892+00:00,67.0,,"{'n_items': 8, 'role_variant': 'sales_ops'}",2026-03-13T23:36:03.726321+00:00,2026-03-13T23:37:10.97046+00:00
2163b146-8447-46e1-ad5f-a03ca3a4f7d3,b701c83a-8878-4490-a5c0-0bf097d5abf6,gonogo,v1,sales_ops,completed,2026-03-13T23:37:53.881+00:00,2026-03-13T23:39:11.154+00:00,77.0,,,2026-03-13T23:37:53.964109+00:00,2026-03-13T23:39:11.227152+00:00
49a37eea-1c06-4130-8ef6-800f21d39a09,b701c83a-8878-4490-a5c0-0bf097d5abf6,negotiation,v1,sales_ops,completed,2026-03-13T23:39:25.806+00:00,2026-03-13T23:44:18.117+00:00,292.0,,"{'version': 'v1', 'n_scenarios': 12}",2026-03-13T23:39:25.863325+00:00,2026-03-13T23:44:18.189748+00:00
fabebd54-833d-46b5-978a-66598fd8f48d,1ac56240-ef90-4360-a0d1-585b60886757,triage,v1,sales_ops,completed,2026-03-14T12:05:57.813+00:00,2026-03-14T12:06:38.313+00:00,41.0,,"{'n_items': 8, 'role_variant': 'sales_ops'}",2026-03-14T12:05:57.888413+00:00,2026-03-14T12:06:38.374834+00:00
65f3379f-1c3c-4e9c-a37a-0dea5b5cdde5,1ac56240-ef90-4360-a0d1-585b60886757,gonogo,v1,sales_ops,completed,2026-03-14T12:06:43.809+00:00,2026-03-14T12:08:09.532+00:00,86.0,,,2026-03-14T12:06:43.848628+00:00,2026-03-14T12:08:09.605224+00:00
0d340c65-5515-4db9-a385-049367c041bf,1ac56240-ef90-4360-a0d1-585b60886757,negotiation,v1,sales_ops,completed,2026-03-14T12:08:15.163+00:00,2026-03-14T12:08:33.459+00:00,18.0,,"{'version': 'v1', 'n_scenarios': 12}",2026-03-14T12:08:15.214399+00:00,2026-03-14T12:08:33.524393+00:00
e02e43d6-8dda-405d-a6eb-a4a45aede329,3c50cad0-42f0-4118-b406-28e65e0caf2d,triage,v1,developer,completed,2026-03-14T16:42:35.882+00:00,2026-03-14T16:43:13.44+00:00,38.0,,"{'n_items': 8, 'role_variant': 'developer'}",2026-03-14T16:42:35.966962+00:00,2026-03-14T16:43:13.510054+00:00
2a102cff-1432-4f3e-8481-9b010e6bb0db,3c50cad0-42f0-4118-b406-28e65e0caf2d,gonogo,v1,sales_ops,completed,2026-03-14T16:43:19.544+00:00,2026-03-14T16:44:40.487+00:00,81.0,,,2026-03-14T16:43:19.571437+00:00,2026-03-14T16:44:40.550655+00:00
d86e6a5d-ab05-428f-a4fb-87bca0fc658b,3c50cad0-42f0-4118-b406-28e65e0caf2d,negotiation,v1,sales_ops,completed,2026-03-14T16:44:47.733+00:00,2026-03-14T16:45:10.268+00:00,23.0,,"{'version': 'v1', 'n_scenarios': 12}",2026-03-14T16:44:47.749467+00:00,2026-03-14T16:45:10.354063+00:00
0e135d2c-f738-49ce-a3e6-21cc8fd55279,125816e2-8d79-4b3f-a747-521bdfad992d,triage,v1,receptionist,completed,2026-03-15T14:59:27.765+00:00,2026-03-15T15:00:30.528+00:00,63.0,,"{'n_items': 8, 'role_variant': 'receptionist'}",2026-03-15T14:59:28.591188+00:00,2026-03-15T15:00:30.62877+00:00
30bd4a78-9c6a-4b62-a43f-61f4f38d141a,125816e2-8d79-4b3f-a747-521bdfad992d,gonogo,v1,sales_ops,started,2026-03-15T15:00:36.772+00:00,,,,,2026-03-15T15:00:37.478831+00:00,2026-03-15T15:00:37.478831+00:00
bcb7e88f-063a-4328-a588-c55ab98ae7f1,125816e2-8d79-4b3f-a747-521bdfad992d,gonogo,v1,sales_ops,started,2026-03-15T15:00:55.41+00:00,,,,,2026-03-15T15:00:56.162917+00:00,2026-03-15T15:00:56.162917+00:00
54310acd-74e5-4046-b0b7-708ca5434820,125816e2-8d79-4b3f-a747-521bdfad992d,gonogo,v1,sales_ops,completed,2026-03-15T15:01:54.235+00:00,2026-03-15T15:03:33.412+00:00,99.0,,,2026-03-15T15:01:55.126993+00:00,2026-03-15T15:03:33.562987+00:00
1f38d5ac-8eaf-4df5-8ada-a42200380028,125816e2-8d79-4b3f-a747-521bdfad992d,negotiation,v1,sales_ops,completed,2026-03-15T15:03:38.879+00:00,2026-03-15T15:06:48.905+00:00,190.0,,"{'version': 'v1', 'n_scenarios': 12}",2026-03-15T15:03:39.578392+00:00,2026-03-15T15:06:48.991454+00:00
1c593988-d313-4a4d-8ec8-c9939b7d7f92,4412d3e8-0fd6-44ac-b0fd-2d4fc55f8dcd,triage,v1,sales_ops,completed,2026-03-16T15:33:23.922+00:00,2026-03-16T15:36:06.455+00:00,163.0,,"{'n_items': 8, 'role_variant': 'sales_ops'}",2026-03-16T15:33:24.164591+00:00,2026-03-16T15:36:06.533369+00:00
12eb9bcf-a522-4faf-afb4-a5eb4aeec4f2,4412d3e8-0fd6-44ac-b0fd-2d4fc55f8dcd,triage,v1,sales_ops,completed,2026-03-16T15:38:21.287+00:00,2026-03-16T15:39:45.829+00:00,85.0,,"{'n_items': 8, 'role_variant': 'sales_ops'}",2026-03-16T15:38:21.499063+00:00,2026-03-16T15:39:45.937137+00:00
45db58cb-fad0-4640-baef-ad10c275ae87,4412d3e8-0fd6-44ac-b0fd-2d4fc55f8dcd,gonogo,v1,sales_ops,started,2026-03-16T15:39:55.948+00:00,,,,,2026-03-16T15:39:56.141791+00:00,2026-03-16T15:39:56.141791+00:00
5395ae17-f787-4751-a3cc-4c0b78acdb25,4412d3e8-0fd6-44ac-b0fd-2d4fc55f8dcd,gonogo,v1,sales_ops,completed,2026-03-16T15:40:49.057+00:00,2026-03-16T15:42:09.473+00:00,80.0,,,2026-03-16T15:40:50.344749+00:00,2026-03-16T15:42:09.567523+00:00
90d6c629-547d-43f3-b7e7-fcf3400669ae,4412d3e8-0fd6-44ac-b0fd-2d4fc55f8dcd,gonogo,v1,sales_ops,started,2026-03-16T15:42:35.519+00:00,,,,,2026-03-16T15:42:35.718031+00:00,2026-03-16T15:42:35.718031+00:00
a47ac495-ee6a-42f2-8876-c73ce04c3498,4412d3e8-0fd6-44ac-b0fd-2d4fc55f8dcd,gonogo,v1,sales_ops,completed,2026-03-16T15:42:44.197+00:00,2026-03-16T15:44:02.523+00:00,78.0,,,2026-03-16T15:42:44.398243+00:00,2026-03-16T15:44:02.708128+00:00
59e04e08-4533-41ab-905f-ac8429ce823f,4412d3e8-0fd6-44ac-b0fd-2d4fc55f8dcd,negotiation,v1,sales_ops,completed,2026-03-16T15:44:15.869+00:00,2026-03-16T15:47:29.823+00:00,194.0,,"{'version': 'v1', 'n_scenarios': 12}",2026-03-16T15:44:16.065039+00:00,2026-03-16T15:47:29.89918+00:00
2c327abe-f101-4fa8-aa66-c19509b2ea74,e5a89d72-ecd6-4cec-b55e-ceb2f1e81ef3,triage,v1,receptionist,completed,2026-03-16T16:20:21.692+00:00,2026-03-16T16:21:55.771+00:00,94.0,,"{'n_items': 8, 'role_variant': 'receptionist'}",2026-03-16T16:20:21.89956+00:00,2026-03-16T16:21:55.864976+00:00
ea99d7ab-a355-4952-8a53-e68dae5a88b2,e5a89d72-ecd6-4cec-b55e-ceb2f1e81ef3,gonogo,v1,sales_ops,started,2026-03-16T16:22:10.115+00:00,,,,,2026-03-16T16:22:10.322915+00:00,2026-03-16T16:22:10.322915+00:00
91b61234-1508-4d60-b0b6-b29c0510c65c,e5a89d72-ecd6-4cec-b55e-ceb2f1e81ef3,gonogo,v1,sales_ops,completed,2026-03-16T16:22:26.473+00:00,2026-03-16T16:23:46.451+00:00,80.0,,,2026-03-16T16:22:26.681104+00:00,2026-03-16T16:23:46.563486+00:00
3f0a830c-811a-41ff-9e88-92a691dc9e82,4983dc33-eb5d-46e1-92d4-2fa383334b78,triage,v1,developer,completed,2026-03-16T16:24:54.229+00:00,2026-03-16T16:25:38.547+00:00,44.0,,"{'n_items': 8, 'role_variant': 'developer'}",2026-03-16T16:24:54.346084+00:00,2026-03-16T16:25:38.614467+00:00
8e0651c0-7093-4efb-8133-4d447b9ad18d,e5a89d72-ecd6-4cec-b55e-ceb2f1e81ef3,negotiation,v1,sales_ops,completed,2026-03-16T16:23:55.383+00:00,2026-03-16T16:26:20.222+00:00,145.0,,"{'version': 'v1', 'n_scenarios': 12}",2026-03-16T16:23:55.596893+00:00,2026-03-16T16:26:20.32603+00:00
eed0401c-d208-46e7-bcab-df289a710b43,4983dc33-eb5d-46e1-92d4-2fa383334b78,gonogo,v1,sales_ops,completed,2026-03-16T16:26:02.41+00:00,2026-03-16T16:27:20.852+00:00,78.0,,,2026-03-16T16:26:02.489037+00:00,2026-03-16T16:27:20.913053+00:00
6bb71cdf-9843-441f-bd33-019eeefda6dd,2793726b-3a52-4497-bb98-7ae0368d25e2,triage,v1,receptionist,started,2026-03-16T16:50:18.714+00:00,,,,"{'n_items': 8, 'role_variant': 'receptionist'}",2026-03-16T16:50:18.796267+00:00,2026-03-16T16:50:18.796267+00:00
34fa9b6f-49ee-4197-8c59-416a31accc14,2793726b-3a52-4497-bb98-7ae0368d25e2,triage,v1,receptionist,completed,2026-03-16T16:50:45.208+00:00,2026-03-16T16:52:07.249+00:00,82.0,,"{'n_items': 8, 'role_variant': 'receptionist'}",2026-03-16T16:50:45.2469+00:00,2026-03-16T16:52:07.363982+00:00
7b541cb0-52aa-494c-86ec-6980bd10570e,b3ef7b61-cfbd-4896-a2da-6a1bb9f69042,triage,v1,sales_ops,completed,2026-03-19T12:18:57.203+00:00,2026-03-19T12:20:08.622+00:00,71.0,,"{'n_items': 8, 'role_variant': 'sales_ops'}",2026-03-19T12:18:57.299522+00:00,2026-03-19T12:20:08.701439+00:00
7b698a4c-d78c-458d-994d-9a0e503438c8,2793726b-3a52-4497-bb98-7ae0368d25e2,negotiation,v1,sales_ops,completed,2026-03-16T16:55:12.648+00:00,2026-03-16T16:59:54.475+00:00,282.0,,"{'version': 'v1', 'n_scenarios': 12}",2026-03-16T16:55:12.725261+00:00,2026-03-16T16:59:54.546298+00:00
0f9a5f92-f98a-46ff-a545-da1430546e02,b3ef7b61-cfbd-4896-a2da-6a1bb9f69042,negotiation,v1,sales_ops,completed,2026-03-19T12:21:55.272+00:00,2026-03-19T12:25:11.283+00:00,196.0,,"{'version': 'v1', 'n_scenarios': 12}",2026-03-19T12:21:55.326711+00:00,2026-03-19T12:25:11.4743+00:00
0d300589-b363-4b89-b065-8e884763079c,3125642c-91c9-4248-95c6-6d51ca9b18b2,triage,v1,sales_ops,completed,2026-03-16T17:09:05.799+00:00,2026-03-16T17:09:31.766+00:00,26.0,,"{'n_items': 8, 'role_variant': 'sales_ops'}",2026-03-16T17:09:05.985778+00:00,2026-03-16T17:09:31.855879+00:00
6d9b1fe3-0892-45a4-94ab-7da3e9c8fbb8,ac4823d4-88e3-4edf-b3b3-41052ce3da5f,triage,v1,receptionist,completed,2026-03-19T12:52:11.719+00:00,2026-03-19T12:53:06.902+00:00,55.0,,"{'n_items': 8, 'role_variant': 'receptionist'}",2026-03-19T12:52:11.945773+00:00,2026-03-19T12:53:06.987943+00:00
ca8121d1-664a-48f1-804e-66cffc4fc44d,3b5e7f26-d667-4679-84c5-8cb8f9e11ed1,triage,v1,receptionist,completed,2026-03-16T17:09:28.942+00:00,2026-03-16T17:10:16.144+00:00,47.0,,"{'n_items': 8, 'role_variant': 'receptionist'}",2026-03-16T17:09:29.010536+00:00,2026-03-16T17:10:16.215982+00:00
1b8dd0bb-5e8f-4016-a36c-72680a6ab686,ac4823d4-88e3-4edf-b3b3-41052ce3da5f,negotiation,v1,sales_ops,completed,2026-03-19T12:55:51.261+00:00,2026-03-19T12:57:49.427+00:00,118.0,,"{'version': 'v1', 'n_scenarios': 12}",2026-03-19T12:55:51.485649+00:00,2026-03-19T12:57:49.490613+00:00
50b48b5a-021e-4b9e-8df2-272413b64780,3125642c-91c9-4248-95c6-6d51ca9b18b2,gonogo,v1,sales_ops,completed,2026-03-16T17:09:40.153+00:00,2026-03-16T17:10:58.928+00:00,79.0,,,2026-03-16T17:09:40.30125+00:00,2026-03-16T17:10:59.025671+00:00
b1a86952-0ce0-4f08-80f1-30d3259209c7,8c35a76c-2545-4794-82e1-958d44734e08,triage,v1,receptionist,completed,2026-03-19T15:42:41.766+00:00,2026-03-19T15:42:46.285+00:00,5.0,,"{'n_items': 8, 'role_variant': 'receptionist'}",2026-03-19T15:42:41.837124+00:00,2026-03-19T15:42:46.423347+00:00
1452fe51-5300-4e75-bea8-81c1fa0e9696,3125642c-91c9-4248-95c6-6d51ca9b18b2,negotiation,v1,sales_ops,completed,2026-03-16T17:11:04.132+00:00,2026-03-16T17:11:18.466+00:00,14.0,,"{'version': 'v1', 'n_scenarios': 12}",2026-03-16T17:11:04.268921+00:00,2026-03-16T17:11:18.566911+00:00
deb7e59c-370a-48ea-8256-34980bf2a591,3b5e7f26-d667-4679-84c5-8cb8f9e11ed1,gonogo,v1,sales_ops,completed,2026-03-16T17:10:29.229+00:00,2026-03-16T17:11:50.051+00:00,81.0,,,2026-03-16T17:10:29.269679+00:00,2026-03-16T17:11:50.156525+00:00
651dd314-5b2a-4e28-bd81-4051c522cb17,3b5e7f26-d667-4679-84c5-8cb8f9e11ed1,negotiation,v1,sales_ops,completed,2026-03-16T17:12:00.17+00:00,2026-03-16T17:15:12.012+00:00,192.0,,"{'version': 'v1', 'n_scenarios': 12}",2026-03-16T17:12:00.200899+00:00,2026-03-16T17:15:12.106209+00:00
2fac5194-4965-47a5-84dd-aeda22bdabdd,8c35a76c-2545-4794-82e1-958d44734e08,negotiation,v1,sales_ops,completed,2026-03-19T15:46:15.041+00:00,2026-03-19T15:46:20.24+00:00,5.0,,"{'version': 'v1', 'n_scenarios': 12}",2026-03-19T15:46:15.110558+00:00,2026-03-19T15:46:20.329149+00:00
d59a2985-3cae-48b8-9eb8-512ed6f2b49d,093d3f4d-d24e-47fb-9f90-de8e2e6b8be6,triage,v1,receptionist,completed,2026-03-17T13:41:12.879+00:00,2026-03-17T13:42:25.71+00:00,73.0,,"{'n_items': 8, 'role_variant': 'receptionist'}",2026-03-17T13:41:14.180401+00:00,2026-03-17T13:42:25.81439+00:00
bd0c2dcc-505d-4cf3-bff4-087e614d753f,9af6710d-b654-4e51-9452-9a38aa50521a,gonogo,v1,sales_ops,completed,2026-03-19T19:10:23.401+00:00,2026-03-19T19:11:42.667+00:00,79.0,,,2026-03-19T19:10:22.980054+00:00,2026-03-19T19:11:42.738612+00:00
0eb6af2f-e6e4-488d-aef7-6b2a9f5355a5,093d3f4d-d24e-47fb-9f90-de8e2e6b8be6,negotiation,v1,sales_ops,completed,2026-03-17T13:44:33.754+00:00,2026-03-17T13:47:07.619+00:00,154.0,,"{'version': 'v1', 'n_scenarios': 12}",2026-03-17T13:44:34.980032+00:00,2026-03-17T13:47:07.769246+00:00
72247563-cbdb-452e-b7e5-d36c7507bafd,e49113fa-06f0-4262-9249-d6da2dc5a5c8,gonogo,v1,sales_ops,completed,2026-03-19T20:55:48.233+00:00,2026-03-19T20:57:12.264+00:00,84.0,,,2026-03-19T20:55:48.294626+00:00,2026-03-19T20:57:12.325398+00:00
c7f1d5a3-21be-4822-bb36-4edd4b393b20,7171a598-3f14-458f-a789-adf146404838,triage,v1,receptionist,completed,2026-03-17T14:08:45.757+00:00,2026-03-17T14:09:40.138+00:00,54.0,,"{'n_items': 8, 'role_variant': 'receptionist'}",2026-03-17T14:08:46.936459+00:00,2026-03-17T14:09:40.250026+00:00
c2474c6a-e50e-43bf-9b2a-8ce5788ffe5e,7171a598-3f14-458f-a789-adf146404838,triage,v1,receptionist,started,2026-03-17T14:09:44.982+00:00,,,,"{'n_items': 8, 'role_variant': 'receptionist'}",2026-03-17T14:09:46.143537+00:00,2026-03-17T14:09:46.143537+00:00
0bf74bf6-cb7f-4db3-99ec-dd5c537f7c2b,6a87712e-0cdb-4d4f-a686-fb5f5e347f03,gonogo,v1,sales_ops,started,2026-03-20T10:30:06.157+00:00,,,,,2026-03-20T10:30:05.423658+00:00,2026-03-20T10:30:05.423658+00:00
9b806924-eaaf-48b9-8f5a-c36d96145055,7171a598-3f14-458f-a789-adf146404838,gonogo,v1,sales_ops,completed,2026-03-17T14:09:53.262+00:00,2026-03-17T14:11:16.935+00:00,84.0,,,2026-03-17T14:09:54.420388+00:00,2026-03-17T14:11:17.026283+00:00
14381937-3d3c-4c8d-8647-b31fac46f0f5,7171a598-3f14-458f-a789-adf146404838,negotiation,v1,sales_ops,completed,2026-03-17T14:13:22.196+00:00,2026-03-17T14:19:24.843+00:00,363.0,,"{'version': 'v1', 'n_scenarios': 12}",2026-03-17T14:13:23.344383+00:00,2026-03-17T14:19:24.931504+00:00
7e177387-2bce-4dd7-8392-9bd3500856b9,87dacf52-8849-4a79-92c9-6e0812e935cb,triage,v1,developer,completed,2026-03-20T12:15:47.001+00:00,2026-03-20T12:16:29.951+00:00,43.0,,"{'n_items': 8, 'role_variant': 'developer'}",2026-03-20T12:15:47.058363+00:00,2026-03-20T12:16:30.027272+00:00
4a63d8d1-a985-40ce-8906-33721e5be055,87dacf52-8849-4a79-92c9-6e0812e935cb,gonogo,v1,sales_ops,completed,2026-03-20T12:20:21.069+00:00,2026-03-20T12:21:37.415+00:00,76.0,,,2026-03-20T12:20:21.136731+00:00,2026-03-20T12:21:37.540987+00:00
2ec8e5c8-0903-456b-b91a-30412d9f1d7a,87dacf52-8849-4a79-92c9-6e0812e935cb,negotiation,v1,sales_ops,completed,2026-03-20T12:22:00.224+00:00,2026-03-20T12:27:52.935+00:00,353.0,,"{'version': 'v1', 'n_scenarios': 12}",2026-03-20T12:22:00.279298+00:00,2026-03-20T12:27:53.011546+00:00
5d3a3623-257f-4c1f-8555-763e6a87af61,26a5f927-88d3-4be4-a444-4b6eacb26e73,gonogo,v1,sales_ops,completed,2026-03-20T19:54:04.209+00:00,2026-03-20T19:55:26.733+00:00,83.0,,,2026-03-20T19:54:03.14079+00:00,2026-03-20T19:55:26.812231+00:00
48ea9e30-8047-4c04-a076-785176eeb65b,26a5f927-88d3-4be4-a444-4b6eacb26e73,negotiation,v1,sales_ops,completed,2026-03-20T19:57:02.755+00:00,2026-03-20T19:57:36.245+00:00,33.0,,"{'version': 'v1', 'n_scenarios': 12}",2026-03-20T19:57:01.801678+00:00,2026-03-20T19:57:36.303281+00:00
62c249cb-3ae7-463e-a864-ac501ca31a76,e65cb490-820e-4949-99df-03100b2ab9c4,negotiation,v1,sales_ops,completed,2026-03-21T17:31:47.425+00:00,2026-03-21T17:37:01.31+00:00,314.0,,"{'version': 'v1', 'n_scenarios': 12}",2026-03-21T17:31:47.772797+00:00,2026-03-21T17:37:01.423418+00:00
9a57d952-acbc-4c33-8d6b-6f6f0cf01e5b,595c6330-7545-4bde-ba3b-9a258c98771a,negotiation,v1,sales_ops,started,2026-03-22T11:11:13.564+00:00,,,,"{'version': 'v1', 'n_scenarios': 12}",2026-03-22T11:11:13.697974+00:00,2026-03-22T11:11:13.697974+00:00
0056a300-9aec-49ca-b3f6-2b4d19dc20a9,3dc5e1ad-417f-4959-b6d4-b8310ccfe7e8,triage,v1,developer,completed,2026-03-22T12:57:32.314+00:00,2026-03-22T12:58:39.674+00:00,67.0,,"{'n_items': 8, 'role_variant': 'developer'}",2026-03-22T12:57:32.503937+00:00,2026-03-22T12:58:39.743354+00:00
4fad8740-fd10-4f34-a237-30a23c56cd73,c7da3d85-733e-494d-a923-883989657a16,triage,v1,developer,completed,2026-03-22T13:00:52.913+00:00,2026-03-22T13:01:35.086+00:00,42.0,,"{'n_items': 8, 'role_variant': 'developer'}",2026-03-22T13:00:53.565919+00:00,2026-03-22T13:01:35.143653+00:00
ec0784ca-f78b-42ad-a6fc-45b1262cde0c,3724106d-c278-445d-a552-85b801043977,triage,v1,sales_ops,completed,2026-03-22T13:12:06.287+00:00,2026-03-22T13:13:27.033+00:00,81.0,,"{'n_items': 8, 'role_variant': 'sales_ops'}",2026-03-22T13:12:06.396216+00:00,2026-03-22T13:13:27.439332+00:00
eff8314d-5836-4e79-8a38-69b390a14ff6,c12fc0b8-9ef2-4fb5-ab9f-b87bacc66536,gonogo,v1,sales_ops,completed,2026-03-22T13:13:34.162+00:00,2026-03-22T13:14:56.974+00:00,83.0,,,2026-03-22T13:13:34.761381+00:00,2026-03-22T13:14:57.03815+00:00
b49c24d0-2cfc-4590-a887-9ed766047ff3,3724106d-c278-445d-a552-85b801043977,negotiation,v1,sales_ops,completed,2026-03-22T13:14:59.828+00:00,2026-03-22T13:16:57.053+00:00,117.0,,"{'version': 'v1', 'n_scenarios': 12}",2026-03-22T13:14:59.959767+00:00,2026-03-22T13:16:57.128746+00:00
0052fdba-dcac-4c77-b13f-ebe494c19a66,42186cab-d03f-45fa-a253-d3f21dac0d28,gonogo,v1,sales_ops,completed,2026-03-22T13:26:43.081+00:00,2026-03-22T13:28:05.72+00:00,83.0,,,2026-03-22T13:26:43.242557+00:00,2026-03-22T13:28:05.829158+00:00
d7b9a57a-7992-4135-a75e-bd35f36cbfa2,ea64ca73-3be8-44d5-b6a4-f3e64aca8dc1,triage,v1,sales_ops,completed,2026-03-22T13:30:24.852+00:00,2026-03-22T13:32:26.271+00:00,121.0,,"{'n_items': 8, 'role_variant': 'sales_ops'}",2026-03-22T13:30:24.385409+00:00,2026-03-22T13:32:26.331534+00:00
7c35c5c2-e462-456f-be05-7e347c4f26b7,ea64ca73-3be8-44d5-b6a4-f3e64aca8dc1,triage,v1,sales_ops,started,2026-03-22T13:32:44.911+00:00,,,,"{'n_items': 8, 'role_variant': 'sales_ops'}",2026-03-22T13:32:46.109852+00:00,2026-03-22T13:32:46.109852+00:00
80e845d0-23a2-483b-8b90-e4542d8f88c8,0b05a5f9-6ad0-4b71-abc3-6b268bf8037a,triage,v1,receptionist,completed,2026-03-22T13:33:30.526+00:00,2026-03-22T13:35:22.93+00:00,112.0,,"{'n_items': 8, 'role_variant': 'receptionist'}",2026-03-22T13:33:30.685714+00:00,2026-03-22T13:35:23.037793+00:00
514b100c-4a74-4e31-801a-a4b77566af19,0b05a5f9-6ad0-4b71-abc3-6b268bf8037a,gonogo,v1,sales_ops,completed,2026-03-22T13:35:38.431+00:00,2026-03-22T13:36:54.691+00:00,76.0,,,2026-03-22T13:35:38.531565+00:00,2026-03-22T13:36:54.763524+00:00
d8e57d36-47e4-4c87-aced-5e85592a6f45,ea64ca73-3be8-44d5-b6a4-f3e64aca8dc1,negotiation,v1,sales_ops,completed,2026-03-22T13:35:08.748+00:00,2026-03-22T13:40:57.233+00:00,348.0,,"{'version': 'v1', 'n_scenarios': 12}",2026-03-22T13:35:08.230584+00:00,2026-03-22T13:40:57.37885+00:00
579d0eac-0e19-46cc-8fb5-24391062ed99,1e362444-928b-4794-9721-4d798d8f1393,triage,v1,developer,completed,2026-03-22T13:45:29.461+00:00,2026-03-22T13:46:39.12+00:00,70.0,,"{'n_items': 8, 'role_variant': 'developer'}",2026-03-22T13:45:29.568421+00:00,2026-03-22T13:46:39.19566+00:00
473eb29c-48f2-4605-a2a5-eac757b66874,1e362444-928b-4794-9721-4d798d8f1393,gonogo,v1,sales_ops,started,2026-03-22T13:47:39.401+00:00,,,,,2026-03-22T13:47:39.464786+00:00,2026-03-22T13:47:39.464786+00:00
262f766d-1961-43bf-8c92-70327520c1ef,7171a598-3f14-458f-a789-adf146404838,gonogo,v1,sales_ops,completed,2026-03-17T14:11:43.362+00:00,2026-03-17T14:13:05.948+00:00,83.0,,,2026-03-17T14:11:44.515685+00:00,2026-03-17T14:13:06.285249+00:00
77b24645-2920-4cdd-b5dc-e516f70689b3,1dcc0aa3-7df0-4815-ab89-29892d64c043,triage,v1,developer,completed,2026-03-17T17:11:50.819+00:00,2026-03-17T17:13:18.144+00:00,87.0,,"{'n_items': 8, 'role_variant': 'developer'}",2026-03-17T17:11:51.002398+00:00,2026-03-17T17:13:18.217065+00:00
b9e34dc4-9ace-4f6b-87b7-338136b5cf82,b3ef7b61-cfbd-4896-a2da-6a1bb9f69042,gonogo,v1,sales_ops,completed,2026-03-19T12:20:26.352+00:00,2026-03-19T12:21:43.909+00:00,78.0,,,2026-03-19T12:20:26.484097+00:00,2026-03-19T12:21:43.969269+00:00
21594e0c-c7a2-4ba6-922e-9f559cf5bb08,1dcc0aa3-7df0-4815-ab89-29892d64c043,gonogo,v1,sales_ops,completed,2026-03-17T17:13:47.575+00:00,2026-03-17T17:15:11.542+00:00,84.0,,,2026-03-17T17:13:47.712454+00:00,2026-03-17T17:15:11.736071+00:00
884cbe4f-4385-4302-b09a-71c7bdb46dbb,1dcc0aa3-7df0-4815-ab89-29892d64c043,negotiation,v1,sales_ops,completed,2026-03-17T17:15:23.082+00:00,2026-03-17T17:19:03.818+00:00,221.0,,"{'version': 'v1', 'n_scenarios': 12}",2026-03-17T17:15:23.224049+00:00,2026-03-17T17:19:03.914002+00:00
944f837f-a53e-4b05-b4d0-49d61459bab8,ac4823d4-88e3-4edf-b3b3-41052ce3da5f,gonogo,v1,sales_ops,completed,2026-03-19T12:53:53.202+00:00,2026-03-19T12:55:19.498+00:00,86.0,,,2026-03-19T12:53:53.423551+00:00,2026-03-19T12:55:19.687934+00:00
da3a1706-01f7-42a7-ba90-5ced0dcd2edf,dc5e1d44-459a-43dd-940e-00786d4f84ca,triage,v1,sales_ops,completed,2026-03-17T17:48:50.345+00:00,2026-03-17T17:49:39.083+00:00,49.0,,"{'n_items': 8, 'role_variant': 'sales_ops'}",2026-03-17T17:48:49.091371+00:00,2026-03-17T17:49:39.201921+00:00
8ea3309c-b178-487c-85a3-40b5d6d7ead2,dc5e1d44-459a-43dd-940e-00786d4f84ca,gonogo,v1,sales_ops,completed,2026-03-17T17:50:08.08+00:00,2026-03-17T17:51:24.878+00:00,77.0,,,2026-03-17T17:50:06.784111+00:00,2026-03-17T17:51:24.942945+00:00
f861f72f-ce26-4033-b67e-707da5204bfd,dc5e1d44-459a-43dd-940e-00786d4f84ca,negotiation,v1,sales_ops,completed,2026-03-17T17:52:03.631+00:00,2026-03-17T17:58:19.346+00:00,376.0,,"{'version': 'v1', 'n_scenarios': 12}",2026-03-17T17:52:02.337539+00:00,2026-03-17T17:58:19.430307+00:00
a4b92a11-a05b-4d8b-8918-be66e0de21b6,8c35a76c-2545-4794-82e1-958d44734e08,triage,v1,receptionist,completed,2026-03-19T15:41:07.406+00:00,2026-03-19T15:41:16.464+00:00,9.0,,"{'n_items': 8, 'role_variant': 'receptionist'}",2026-03-19T15:41:07.509522+00:00,2026-03-19T15:41:16.571943+00:00
d0000ebe-a8cb-433e-9f7b-695d065f8cba,515b2474-5968-4564-b620-60a42ecfaef8,triage,v1,developer,completed,2026-03-17T18:41:42.871+00:00,2026-03-17T18:41:53.303+00:00,10.0,,"{'n_items': 8, 'role_variant': 'developer'}",2026-03-17T18:41:40.973956+00:00,2026-03-17T18:41:53.374157+00:00
76fcc965-7ed1-4971-963d-9b25c71554fb,8c35a76c-2545-4794-82e1-958d44734e08,gonogo,v1,sales_ops,started,2026-03-19T15:41:22.201+00:00,,,,,2026-03-19T15:41:22.273624+00:00,2026-03-19T15:41:22.273624+00:00
b41075ea-eb02-4b9f-877f-9b2c243a6453,f95a6826-5019-47cb-bb49-878a0e2bef42,triage,v1,developer,completed,2026-03-17T20:58:17.859+00:00,2026-03-17T20:59:35.306+00:00,77.0,,"{'n_items': 8, 'role_variant': 'developer'}",2026-03-17T20:58:23.158524+00:00,2026-03-17T20:59:35.376078+00:00
e5003f65-c843-4120-ba72-0c010e6c0b47,8c35a76c-2545-4794-82e1-958d44734e08,gonogo,v1,sales_ops,started,2026-03-19T15:41:43.547+00:00,,,,,2026-03-19T15:41:43.621232+00:00,2026-03-19T15:41:43.621232+00:00
75595c68-71ea-4d71-8218-001eaf2e42dc,8c35a76c-2545-4794-82e1-958d44734e08,gonogo,v1,sales_ops,started,2026-03-19T15:43:28.736+00:00,,,,,2026-03-19T15:43:28.820461+00:00,2026-03-19T15:43:28.820461+00:00
2e31a368-5361-49db-9eab-a77818297cb1,8c35a76c-2545-4794-82e1-958d44734e08,gonogo,v1,sales_ops,completed,2026-03-19T15:44:51.775+00:00,2026-03-19T15:46:07.176+00:00,75.0,,,2026-03-19T15:44:51.859736+00:00,2026-03-19T15:46:07.277296+00:00
231f72f6-2ab0-4e30-a6ec-6527118eb355,9af6710d-b654-4e51-9452-9a38aa50521a,triage,v1,developer,completed,2026-03-19T19:08:56.359+00:00,2026-03-19T19:10:13.145+00:00,77.0,,"{'n_items': 8, 'role_variant': 'developer'}",2026-03-19T19:08:55.993607+00:00,2026-03-19T19:10:13.23914+00:00
f3705d87-634b-4c56-979e-1465e8400b44,9af6710d-b654-4e51-9452-9a38aa50521a,negotiation,v1,sales_ops,completed,2026-03-19T19:11:56.602+00:00,2026-03-19T19:12:11.825+00:00,15.0,,"{'version': 'v1', 'n_scenarios': 12}",2026-03-19T19:11:56.165584+00:00,2026-03-19T19:12:11.904464+00:00
654c5906-9e0e-4b37-bf9a-e7c79669904b,e49113fa-06f0-4262-9249-d6da2dc5a5c8,triage,v1,sales_ops,completed,2026-03-19T20:54:52.743+00:00,2026-03-19T20:55:38.902+00:00,46.0,,"{'n_items': 8, 'role_variant': 'sales_ops'}",2026-03-19T20:54:52.932476+00:00,2026-03-19T20:55:38.987221+00:00
71040c8d-fbb9-40ba-a2b2-f3d405ea201f,e49113fa-06f0-4262-9249-d6da2dc5a5c8,negotiation,v1,sales_ops,completed,2026-03-19T20:57:20.735+00:00,2026-03-19T21:00:37.856+00:00,197.0,,"{'version': 'v1', 'n_scenarios': 12}",2026-03-19T20:57:20.817523+00:00,2026-03-19T21:00:37.938429+00:00
6519db31-2a2c-40b5-b900-3fb48107033b,6a87712e-0cdb-4d4f-a686-fb5f5e347f03,triage,v1,developer,started,2026-03-20T10:28:25.97+00:00,,,,"{'n_items': 8, 'role_variant': 'developer'}",2026-03-20T10:28:26.1724+00:00,2026-03-20T10:28:26.1724+00:00
28237606-f1b2-4f92-955a-1ba7701284ff,6a87712e-0cdb-4d4f-a686-fb5f5e347f03,triage,v1,developer,completed,2026-03-20T10:28:28.449+00:00,2026-03-20T10:29:24.009+00:00,56.0,,"{'n_items': 8, 'role_variant': 'developer'}",2026-03-20T10:28:27.504413+00:00,2026-03-20T10:29:24.101952+00:00
877c7aac-2fd0-4e1b-8b97-c218e53c733b,87dacf52-8849-4a79-92c9-6e0812e935cb,triage,v1,developer,started,2026-03-20T12:15:10.32+00:00,,,,"{'n_items': 8, 'role_variant': 'developer'}",2026-03-20T12:15:10.438807+00:00,2026-03-20T12:15:10.438807+00:00
02260984-5771-4541-8f7b-59583ba8775a,87dacf52-8849-4a79-92c9-6e0812e935cb,gonogo,v1,sales_ops,started,2026-03-20T12:19:27.443+00:00,,,,,2026-03-20T12:19:27.532615+00:00,2026-03-20T12:19:27.532615+00:00
fbb93bdb-304e-4570-b31e-52e0dbcedd2d,26a5f927-88d3-4be4-a444-4b6eacb26e73,triage,v1,receptionist,completed,2026-03-20T19:52:32.349+00:00,2026-03-20T19:53:08.998+00:00,37.0,,"{'n_items': 8, 'role_variant': 'receptionist'}",2026-03-20T19:52:31.358436+00:00,2026-03-20T19:53:09.074946+00:00
75d1c710-06a1-4fcf-b95e-2b8a18b66b74,26a5f927-88d3-4be4-a444-4b6eacb26e73,gonogo,v1,sales_ops,started,2026-03-20T19:53:17.9+00:00,,,,,2026-03-20T19:53:16.844537+00:00,2026-03-20T19:53:16.844537+00:00
6f970454-a622-4672-b22e-816f6b1279f2,26a5f927-88d3-4be4-a444-4b6eacb26e73,negotiation,v1,sales_ops,started,2026-03-20T19:56:07.235+00:00,,,,"{'version': 'v1', 'n_scenarios': 12}",2026-03-20T19:56:06.730792+00:00,2026-03-20T19:56:06.730792+00:00
70320a28-08d0-44de-b6f0-ea1250dddb79,e65cb490-820e-4949-99df-03100b2ab9c4,triage,v1,receptionist,completed,2026-03-21T17:28:39.032+00:00,2026-03-21T17:29:42.187+00:00,63.0,,"{'n_items': 8, 'role_variant': 'receptionist'}",2026-03-21T17:28:39.486587+00:00,2026-03-21T17:29:42.317884+00:00
282bca51-206d-4a45-a8a7-b35dad502c8f,e65cb490-820e-4949-99df-03100b2ab9c4,gonogo,v1,sales_ops,completed,2026-03-21T17:30:11.508+00:00,2026-03-21T17:31:31.693+00:00,80.0,,,2026-03-21T17:30:11.855258+00:00,2026-03-21T17:31:31.772381+00:00
df6a2afc-aff6-4f8e-85d7-d356de1b0435,595c6330-7545-4bde-ba3b-9a258c98771a,triage,v1,receptionist,completed,2026-03-22T11:08:19.357+00:00,2026-03-22T11:09:34.034+00:00,75.0,,"{'n_items': 8, 'role_variant': 'receptionist'}",2026-03-22T11:08:19.579736+00:00,2026-03-22T11:09:34.104205+00:00
ebcd8be4-6524-481b-b4a2-bd4357427255,595c6330-7545-4bde-ba3b-9a258c98771a,gonogo,v1,sales_ops,completed,2026-03-22T11:09:43.776+00:00,2026-03-22T11:11:04.886+00:00,81.0,,,2026-03-22T11:09:43.924388+00:00,2026-03-22T11:11:04.953195+00:00
0d43f489-e0c3-4468-b318-0d7175e7ed3a,595c6330-7545-4bde-ba3b-9a258c98771a,negotiation,v1,sales_ops,completed,2026-03-22T11:13:50.453+00:00,2026-03-22T11:14:16.004+00:00,26.0,,"{'version': 'v1', 'n_scenarios': 12}",2026-03-22T11:13:50.629283+00:00,2026-03-22T11:14:16.092912+00:00
3340645c-6c79-47f5-9ee5-58ea7797fe1d,3dc5e1ad-417f-4959-b6d4-b8310ccfe7e8,gonogo,v1,sales_ops,completed,2026-03-22T12:59:25.221+00:00,2026-03-22T13:00:44.048+00:00,79.0,,,2026-03-22T12:59:25.455803+00:00,2026-03-22T13:00:44.132383+00:00
68e74cd3-5434-4ee8-8865-e52bca94208e,c7da3d85-733e-494d-a923-883989657a16,gonogo,v1,sales_ops,completed,2026-03-22T13:01:40.598+00:00,2026-03-22T13:03:04.661+00:00,84.0,,,2026-03-22T13:01:41.162167+00:00,2026-03-22T13:03:04.753234+00:00
4ba3ea81-171e-4c90-97af-0326b039bf63,3dc5e1ad-417f-4959-b6d4-b8310ccfe7e8,negotiation,v1,sales_ops,completed,2026-03-22T13:00:54.809+00:00,2026-03-22T13:04:18.991+00:00,204.0,,"{'version': 'v1', 'n_scenarios': 12}",2026-03-22T13:00:54.94365+00:00,2026-03-22T13:04:19.037102+00:00
561553b8-c449-4080-aedf-66e0e4b1e119,c7da3d85-733e-494d-a923-883989657a16,negotiation,v1,sales_ops,completed,2026-03-22T13:03:09.809+00:00,2026-03-22T13:05:09.374+00:00,120.0,,"{'version': 'v1', 'n_scenarios': 12}",2026-03-22T13:03:10.397358+00:00,2026-03-22T13:05:09.593998+00:00
cb13eb11-47ea-4aaa-b9e5-9200c787f3f1,c12fc0b8-9ef2-4fb5-ab9f-b87bacc66536,triage,v1,receptionist,completed,2026-03-22T13:12:48.877+00:00,2026-03-22T13:13:29.66+00:00,41.0,,"{'n_items': 8, 'role_variant': 'receptionist'}",2026-03-22T13:12:49.488868+00:00,2026-03-22T13:13:29.744012+00:00
a8801696-a819-4a1f-96a3-1ef6ccbb08ae,3724106d-c278-445d-a552-85b801043977,gonogo,v1,sales_ops,completed,2026-03-22T13:13:35.754+00:00,2026-03-22T13:14:54.791+00:00,79.0,,,2026-03-22T13:13:35.877848+00:00,2026-03-22T13:14:54.853804+00:00
c603a25c-79e8-4c1a-b1e9-a7feb18cb897,c12fc0b8-9ef2-4fb5-ab9f-b87bacc66536,negotiation,v1,sales_ops,completed,2026-03-22T13:15:01.552+00:00,2026-03-22T13:15:28.008+00:00,26.0,,"{'version': 'v1', 'n_scenarios': 12}",2026-03-22T13:15:02.164611+00:00,2026-03-22T13:15:28.078068+00:00
69f3c32e-4146-483e-a178-aadb8f96aef6,42186cab-d03f-45fa-a253-d3f21dac0d28,triage,v1,receptionist,completed,2026-03-22T13:25:59.512+00:00,2026-03-22T13:26:34.8+00:00,35.0,,"{'n_items': 8, 'role_variant': 'receptionist'}",2026-03-22T13:25:59.649472+00:00,2026-03-22T13:26:34.863757+00:00
496be0f5-1ed2-443d-a195-bec074db6334,42186cab-d03f-45fa-a253-d3f21dac0d28,negotiation,v1,sales_ops,completed,2026-03-22T13:28:11.324+00:00,2026-03-22T13:29:27.77+00:00,76.0,,"{'version': 'v1', 'n_scenarios': 12}",2026-03-22T13:28:11.47056+00:00,2026-03-22T13:29:27.828146+00:00
2d013224-5fe0-4509-a63e-52ed5829c15d,ea64ca73-3be8-44d5-b6a4-f3e64aca8dc1,gonogo,v1,sales_ops,completed,2026-03-22T13:33:18.542+00:00,2026-03-22T13:34:45.941+00:00,87.0,,,2026-03-22T13:33:18.253577+00:00,2026-03-22T13:34:46.008331+00:00
9cbf4217-ab90-410c-b300-129cca4eb65f,0b05a5f9-6ad0-4b71-abc3-6b268bf8037a,negotiation,v1,sales_ops,completed,2026-03-22T13:37:03.229+00:00,2026-03-22T13:40:00.175+00:00,177.0,,"{'version': 'v1', 'n_scenarios': 12}",2026-03-22T13:37:03.317555+00:00,2026-03-22T13:40:00.249953+00:00
864accb9-ac7e-4146-881b-f02dfc3060f6,1e362444-928b-4794-9721-4d798d8f1393,gonogo,v1,sales_ops,started,2026-03-22T13:46:56.777+00:00,,,,,2026-03-22T13:46:56.838054+00:00,2026-03-22T13:46:56.838054+00:00
f7908b10-4afe-470b-9a43-9efba1f4d73d,1e362444-928b-4794-9721-4d798d8f1393,gonogo,v1,sales_ops,completed,2026-03-22T13:48:18.746+00:00,2026-03-22T13:49:35.828+00:00,77.0,,,2026-03-22T13:48:18.81125+00:00,2026-03-22T13:49:35.887584+00:00
31b11e7b-4e90-467c-bf6b-a8a60905bcf4,1e362444-928b-4794-9721-4d798d8f1393,negotiation,v1,sales_ops,started,2026-03-22T13:49:48.721+00:00,,,,"{'version': 'v1', 'n_scenarios': 12}",2026-03-22T13:49:48.788145+00:00,2026-03-22T13:49:48.788145+00:00
f012fc36-9fd9-41b6-a121-45cc5e1f4d12,f95a6826-5019-47cb-bb49-878a0e2bef42,gonogo,v1,sales_ops,started,2026-03-17T20:59:39.123+00:00,,,,,2026-03-17T20:59:44.368026+00:00,2026-03-17T20:59:44.368026+00:00
a937803f-6923-48e7-83a4-61e4e6c7c531,ac4823d4-88e3-4edf-b3b3-41052ce3da5f,triage,v1,receptionist,started,2026-03-19T12:52:09.805+00:00,,,,"{'n_items': 8, 'role_variant': 'receptionist'}",2026-03-19T12:52:10.198296+00:00,2026-03-19T12:52:10.198296+00:00
202c54a1-9239-4e9d-bf16-54a9a5b9c879,f95a6826-5019-47cb-bb49-878a0e2bef42,gonogo,v1,sales_ops,completed,2026-03-17T21:00:28.454+00:00,2026-03-17T21:01:50.25+00:00,82.0,,,2026-03-17T21:00:33.694635+00:00,2026-03-17T21:01:50.403557+00:00
caf93108-eca4-40ce-a60f-7511ea26b624,f95a6826-5019-47cb-bb49-878a0e2bef42,negotiation,v1,sales_ops,completed,2026-03-17T21:02:03.202+00:00,2026-03-17T21:05:41.445+00:00,218.0,,"{'version': 'v1', 'n_scenarios': 12}",2026-03-17T21:02:03.286581+00:00,2026-03-17T21:05:41.519594+00:00
47b56740-1ef8-4f31-8444-50b186848c4f,97a4a651-b33c-4978-871e-1e91aaf2bdf0,triage,v1,sales_ops,completed,2026-03-17T21:10:42.347+00:00,2026-03-17T21:11:35.663+00:00,53.0,,"{'n_items': 8, 'role_variant': 'sales_ops'}",2026-03-17T21:10:42.704954+00:00,2026-03-17T21:11:35.734228+00:00
cacb7eaf-be7b-4857-bb65-2126f9f4588e,6e9e603a-4bc0-4990-bdc8-428c3af32760,triage,v1,developer,completed,2026-03-17T21:11:27.756+00:00,2026-03-17T21:13:17.069+00:00,109.0,,"{'n_items': 8, 'role_variant': 'developer'}",2026-03-17T21:11:27.90963+00:00,2026-03-17T21:13:17.160542+00:00
7e9464f7-6777-40f3-9b6c-d0bbc04d3d08,97a4a651-b33c-4978-871e-1e91aaf2bdf0,gonogo,v1,sales_ops,completed,2026-03-17T21:12:09.406+00:00,2026-03-17T21:13:35.594+00:00,86.0,,,2026-03-17T21:12:09.71544+00:00,2026-03-17T21:13:35.714392+00:00
472f1c22-7654-4c8d-8328-71a2e1ded643,97a4a651-b33c-4978-871e-1e91aaf2bdf0,gonogo,v1,sales_ops,started,2026-03-17T21:13:47.608+00:00,,,,,2026-03-17T21:13:47.915268+00:00,2026-03-17T21:13:47.915268+00:00
1b268378-07c3-4076-9763-71fe6469e710,6e9e603a-4bc0-4990-bdc8-428c3af32760,gonogo,v1,sales_ops,completed,2026-03-17T21:14:39.257+00:00,2026-03-17T21:16:03.327+00:00,84.0,,,2026-03-17T21:14:39.364368+00:00,2026-03-17T21:16:03.457829+00:00
2d98df34-0644-42bc-a11b-3d31e03a9470,97a4a651-b33c-4978-871e-1e91aaf2bdf0,gonogo,v1,sales_ops,completed,2026-03-17T21:14:53.107+00:00,2026-03-17T21:16:18.515+00:00,85.0,,,2026-03-17T21:14:53.391028+00:00,2026-03-17T21:16:18.581525+00:00
b1a1111a-c5c1-40a3-a94c-39a3a133c448,6e9e603a-4bc0-4990-bdc8-428c3af32760,negotiation,v1,sales_ops,completed,2026-03-17T21:16:17.469+00:00,2026-03-17T21:20:35.96+00:00,258.0,,"{'version': 'v1', 'n_scenarios': 12}",2026-03-17T21:16:17.553627+00:00,2026-03-17T21:20:36.054429+00:00
2a915caa-4505-437b-8ffc-be0599e8eeb4,97a4a651-b33c-4978-871e-1e91aaf2bdf0,negotiation,v1,sales_ops,completed,2026-03-17T21:16:32.319+00:00,2026-03-17T21:22:55.034+00:00,383.0,,"{'version': 'v1', 'n_scenarios': 12}",2026-03-17T21:16:32.610814+00:00,2026-03-17T21:22:55.144636+00:00
558244a6-fef8-431a-b686-c15b117e806b,8c617733-c96e-459a-939f-e2c29142e61c,triage,v1,receptionist,completed,2026-03-18T05:36:31.005+00:00,2026-03-18T05:38:08.065+00:00,97.0,,"{'n_items': 8, 'role_variant': 'receptionist'}",2026-03-18T05:36:30.860646+00:00,2026-03-18T05:38:08.123278+00:00
67538dcc-f889-4583-bde9-462e703273fa,8c617733-c96e-459a-939f-e2c29142e61c,gonogo,v1,sales_ops,started,2026-03-18T05:38:57.497+00:00,,,,,2026-03-18T05:38:57.399447+00:00,2026-03-18T05:38:57.399447+00:00
b052b36f-dd08-4837-9cac-4707bcb88fb7,8c617733-c96e-459a-939f-e2c29142e61c,gonogo,v1,sales_ops,started,2026-03-18T05:39:13.083+00:00,,,,,2026-03-18T05:39:12.8111+00:00,2026-03-18T05:39:12.8111+00:00
7166680b-6c2f-45a9-9fda-3086f80ac131,f408cc35-6cb1-4269-b37f-3d793a1b2249,triage,v1,developer,completed,2026-03-18T07:54:10.175+00:00,2026-03-18T07:54:33.826+00:00,24.0,,"{'n_items': 8, 'role_variant': 'developer'}",2026-03-18T07:54:00.855584+00:00,2026-03-18T07:54:33.897919+00:00
e3b20836-e7fc-4bde-8ec2-19937f101422,f408cc35-6cb1-4269-b37f-3d793a1b2249,gonogo,v1,sales_ops,started,2026-03-18T07:54:49.68+00:00,,,,,2026-03-18T07:54:40.320886+00:00,2026-03-18T07:54:40.320886+00:00
3dd3b0b5-b47f-4a73-b79e-840e9d1714fc,f408cc35-6cb1-4269-b37f-3d793a1b2249,gonogo,v1,sales_ops,completed,2026-03-18T07:55:00.772+00:00,2026-03-18T07:56:09.871+00:00,69.0,,,2026-03-18T07:54:51.415246+00:00,2026-03-18T07:56:09.943337+00:00
d8e08692-1a92-4318-b63c-0d2ff44ac70d,f408cc35-6cb1-4269-b37f-3d793a1b2249,negotiation,v1,sales_ops,started,2026-03-18T07:56:32.749+00:00,,,,"{'version': 'v1', 'n_scenarios': 12}",2026-03-18T07:56:23.391316+00:00,2026-03-18T07:56:23.391316+00:00
e8b24278-3c98-41a8-9977-e4f144c7bb57,1d0ee5c3-89d2-4ff2-950a-92dc63809e1e,triage,v1,developer,completed,2026-03-18T07:56:53.829+00:00,2026-03-18T07:58:15.782+00:00,82.0,,"{'n_items': 8, 'role_variant': 'developer'}",2026-03-18T07:56:54.102136+00:00,2026-03-18T07:58:15.871272+00:00
d1269043-9039-4816-94cd-20f3bae69613,1d0ee5c3-89d2-4ff2-950a-92dc63809e1e,gonogo,v1,sales_ops,started,2026-03-18T07:58:23.928+00:00,,,,,2026-03-18T07:58:24.04284+00:00,2026-03-18T07:58:24.04284+00:00
50457e0e-0b4e-4c7e-9c10-c69091124c93,f408cc35-6cb1-4269-b37f-3d793a1b2249,negotiation,v1,sales_ops,completed,2026-03-18T07:56:32.89+00:00,2026-03-18T07:58:39.254+00:00,126.0,,"{'version': 'v1', 'n_scenarios': 12}",2026-03-18T07:56:23.529728+00:00,2026-03-18T07:58:39.321915+00:00
9079bcfc-93d8-484f-9b4d-4b66bf5eff0a,1d0ee5c3-89d2-4ff2-950a-92dc63809e1e,gonogo,v1,sales_ops,completed,2026-03-18T08:00:42.482+00:00,2026-03-18T08:02:03.711+00:00,81.0,,,2026-03-18T08:00:42.624382+00:00,2026-03-18T08:02:03.789696+00:00
2cd27027-91f2-46aa-a5d7-b622b7f03b5d,1d0ee5c3-89d2-4ff2-950a-92dc63809e1e,negotiation,v1,sales_ops,completed,2026-03-18T08:02:15.31+00:00,2026-03-18T08:05:16.389+00:00,181.0,,"{'version': 'v1', 'n_scenarios': 12}",2026-03-18T08:02:15.453524+00:00,2026-03-18T08:05:16.588392+00:00
bcb1d8c5-9c5d-48af-9fbf-f6a648eff853,feb5467d-a7f9-4765-ad88-81cfb571fefb,triage,v1,developer,completed,2026-03-18T09:48:43.177+00:00,2026-03-18T09:49:49.404+00:00,66.0,,"{'n_items': 8, 'role_variant': 'developer'}",2026-03-18T09:48:43.508447+00:00,2026-03-18T09:49:49.49563+00:00
ccb2e9b1-d974-49f7-b934-9aff6de14de5,feb5467d-a7f9-4765-ad88-81cfb571fefb,gonogo,v1,sales_ops,completed,2026-03-18T09:50:04.503+00:00,2026-03-18T09:51:27.316+00:00,83.0,,,2026-03-18T09:50:04.641571+00:00,2026-03-18T09:51:27.382543+00:00
03f8fe67-5a08-4e1f-8d39-13cfd6e8e376,feb5467d-a7f9-4765-ad88-81cfb571fefb,negotiation,v1,sales_ops,completed,2026-03-18T09:51:41.519+00:00,2026-03-18T09:57:05.062+00:00,324.0,,"{'version': 'v1', 'n_scenarios': 12}",2026-03-18T09:51:41.632918+00:00,2026-03-18T09:57:05.149825+00:00
16bd226f-4e9e-4193-9abc-102251659ed7,be7c2712-f10e-4980-9ae9-532696764a99,triage,v1,receptionist,completed,2026-03-18T15:57:30.796+00:00,2026-03-18T15:58:29.86+00:00,59.0,,"{'n_items': 8, 'role_variant': 'receptionist'}",2026-03-18T15:57:30.932118+00:00,2026-03-18T15:58:29.948067+00:00
3fa58279-64e4-4685-8ac9-0339711f6ca8,be7c2712-f10e-4980-9ae9-532696764a99,gonogo,v1,sales_ops,completed,2026-03-18T15:58:50.579+00:00,2026-03-18T16:00:14.912+00:00,84.0,,,2026-03-18T15:58:50.675484+00:00,2026-03-18T16:00:15.019068+00:00
e848de63-685c-4754-b134-214c68ac4fdc,be7c2712-f10e-4980-9ae9-532696764a99,gonogo,v1,sales_ops,completed,2026-03-18T16:00:30.905+00:00,2026-03-18T16:01:52.828+00:00,82.0,,,2026-03-18T16:00:31.001069+00:00,2026-03-18T16:01:52.901431+00:00
150f3b98-58af-4af3-aa61-4d74f0515d96,be7c2712-f10e-4980-9ae9-532696764a99,gonogo,v1,sales_ops,completed,2026-03-18T16:02:10.627+00:00,2026-03-18T16:03:29.856+00:00,79.0,,,2026-03-18T16:02:10.718545+00:00,2026-03-18T16:03:29.932593+00:00
1e8920be-4dce-42ca-9479-251c509c3d81,be7c2712-f10e-4980-9ae9-532696764a99,negotiation,v1,sales_ops,completed,2026-03-18T16:03:38.194+00:00,2026-03-18T16:06:36.952+00:00,179.0,,"{'version': 'v1', 'n_scenarios': 12}",2026-03-18T16:03:38.285288+00:00,2026-03-18T16:06:37.018616+00:00
974a54e1-1402-4b40-a260-9c30a272866d,2cb65b7b-4d54-4ae4-958d-ab087ecbc9ac,triage,v1,receptionist,completed,2026-03-18T16:14:07.478+00:00,2026-03-18T16:15:20.531+00:00,73.0,,"{'n_items': 8, 'role_variant': 'receptionist'}",2026-03-18T16:14:08.163424+00:00,2026-03-18T16:15:20.633249+00:00
5a95b42e-fd88-46a4-b4c9-17bbadf599b8,2cb65b7b-4d54-4ae4-958d-ab087ecbc9ac,gonogo,v1,sales_ops,completed,2026-03-18T16:15:56.029+00:00,2026-03-18T16:17:13.926+00:00,78.0,,,2026-03-18T16:15:56.124794+00:00,2026-03-18T16:17:14.016153+00:00
697841d7-0ef2-4279-a096-4b45a2d088ec,2cb65b7b-4d54-4ae4-958d-ab087ecbc9ac,negotiation,v1,sales_ops,completed,2026-03-18T16:17:39.894+00:00,2026-03-18T16:20:29.582+00:00,170.0,,"{'version': 'v1', 'n_scenarios': 12}",2026-03-18T16:17:39.970081+00:00,2026-03-18T16:20:29.674793+00:00
a89b6468-b68b-42c6-9b29-5b1e3f8054ac,8ac09617-93d9-4ca7-b876-099d441e29a9,triage,v1,developer,completed,2026-03-18T16:52:11.247+00:00,2026-03-18T16:53:23.606+00:00,72.0,,"{'n_items': 8, 'role_variant': 'developer'}",2026-03-18T16:52:11.34596+00:00,2026-03-18T16:53:23.691344+00:00
01e8b1d8-86a4-4242-b090-a50c62bc73a1,8ac09617-93d9-4ca7-b876-099d441e29a9,gonogo,v1,sales_ops,started,2026-03-18T16:53:29.912+00:00,,,,,2026-03-18T16:53:29.973013+00:00,2026-03-18T16:53:29.973013+00:00
5a90d576-fb07-45ed-9917-f12bc2e4b128,8ac09617-93d9-4ca7-b876-099d441e29a9,gonogo,v1,sales_ops,started,2026-03-18T16:53:53.992+00:00,,,,,2026-03-18T16:53:54.052795+00:00,2026-03-18T16:53:54.052795+00:00
09b62735-fb58-4127-a635-bcf5dc8614b1,8ac09617-93d9-4ca7-b876-099d441e29a9,gonogo,v1,sales_ops,started,2026-03-18T16:54:55.13+00:00,,,,,2026-03-18T16:54:55.19363+00:00,2026-03-18T16:54:55.19363+00:00
11a0ba95-d53e-4a9a-821d-c657da7494e6,8ac09617-93d9-4ca7-b876-099d441e29a9,gonogo,v1,sales_ops,started,2026-03-18T16:55:22.039+00:00,,,,,2026-03-18T16:55:22.102565+00:00,2026-03-18T16:55:22.102565+00:00
93e6926a-797d-4c2f-94be-5df508e740bd,edc2c1be-eae8-4a69-819f-5e900a04d41b,triage,v1,receptionist,completed,2026-03-18T17:02:50.081+00:00,2026-03-18T17:04:17.658+00:00,88.0,,"{'n_items': 8, 'role_variant': 'receptionist'}",2026-03-18T17:02:50.2184+00:00,2026-03-18T17:04:17.744588+00:00
95397298-5332-40cc-b34b-b697e19dfeed,edc2c1be-eae8-4a69-819f-5e900a04d41b,gonogo,v1,sales_ops,completed,2026-03-18T17:04:45.163+00:00,2026-03-18T17:05:59.13+00:00,74.0,,,2026-03-18T17:04:45.273536+00:00,2026-03-18T17:05:59.195041+00:00
87e3a73f-fac4-48c0-99a0-7e68c3468288,554a0a5f-7421-4b16-8d30-f0e025f15b57,triage,v1,receptionist,completed,2026-03-18T17:07:37.927+00:00,2026-03-18T17:08:54.952+00:00,77.0,,"{'n_items': 8, 'role_variant': 'receptionist'}",2026-03-18T17:07:38.113238+00:00,2026-03-18T17:08:55.025941+00:00
6b61ea19-0e90-4785-b6d2-30eeb50345bc,554a0a5f-7421-4b16-8d30-f0e025f15b57,gonogo,v1,sales_ops,completed,2026-03-18T17:09:13.953+00:00,2026-03-18T17:10:38.5+00:00,85.0,,,2026-03-18T17:09:14.006876+00:00,2026-03-18T17:10:38.574012+00:00
697a0c2d-db4b-4a24-bff1-cf7fde6457de,edc2c1be-eae8-4a69-819f-5e900a04d41b,negotiation,v1,sales_ops,completed,2026-03-18T17:06:12.437+00:00,2026-03-18T17:11:28.154+00:00,316.0,,"{'version': 'v1', 'n_scenarios': 12}",2026-03-18T17:06:12.534759+00:00,2026-03-18T17:11:28.36855+00:00
50137f36-6344-491d-b2f3-de3af75d45c9,554a0a5f-7421-4b16-8d30-f0e025f15b57,negotiation,v1,sales_ops,completed,2026-03-18T17:10:48.264+00:00,2026-03-18T17:14:10.527+00:00,202.0,,"{'version': 'v1', 'n_scenarios': 12}",2026-03-18T17:10:48.330904+00:00,2026-03-18T17:14:10.592679+00:00
ab20d683-e78a-4c83-809f-885668b1e533,0fe75d11-0622-4dd6-9c48-37b80f4d874d,triage,v1,receptionist,completed,2026-03-18T17:26:35.846+00:00,2026-03-18T17:28:02.915+00:00,87.0,,"{'n_items': 8, 'role_variant': 'receptionist'}",2026-03-18T17:26:36.670417+00:00,2026-03-18T17:28:02.993629+00:00
d9e2aab2-4091-4191-ab62-3bf14a5bc282,0fe75d11-0622-4dd6-9c48-37b80f4d874d,gonogo,v1,sales_ops,completed,2026-03-18T17:28:34.83+00:00,2026-03-18T17:29:57.514+00:00,83.0,,,2026-03-18T17:28:35.60864+00:00,2026-03-18T17:29:57.606283+00:00
5e87f1e1-437f-4a3c-be53-8d0106f060c3,0fe75d11-0622-4dd6-9c48-37b80f4d874d,negotiation,v1,sales_ops,completed,2026-03-18T17:30:14.847+00:00,2026-03-18T17:36:11.292+00:00,356.0,,"{'version': 'v1', 'n_scenarios': 12}",2026-03-18T17:30:15.593266+00:00,2026-03-18T17:36:11.380539+00:00
23ef927a-c067-4062-af46-a6bf08084ee2,e8414017-3c9f-4564-823c-78810999fed8,triage,v1,receptionist,completed,2026-03-18T18:58:53.678+00:00,2026-03-18T19:00:11.325+00:00,78.0,,"{'n_items': 8, 'role_variant': 'receptionist'}",2026-03-18T18:58:56.12757+00:00,2026-03-18T19:00:11.415678+00:00
e5897d69-558d-4c7d-b2a4-9ea873814643,ac4823d4-88e3-4edf-b3b3-41052ce3da5f,gonogo,v1,sales_ops,started,2026-03-19T12:53:16.85+00:00,,,,,2026-03-19T12:53:17.068438+00:00,2026-03-19T12:53:17.068438+00:00
830c1151-aaa8-4ecc-a1ae-e233e17a04eb,7627ff2a-6316-4a3c-9cfe-df70ff5abb64,triage,v1,developer,completed,2026-03-18T19:00:55.748+00:00,2026-03-18T19:01:34.764+00:00,39.0,,"{'n_items': 8, 'role_variant': 'developer'}",2026-03-18T19:00:54.79392+00:00,2026-03-18T19:01:34.853568+00:00
e6938a1b-1cef-478a-af74-4a7e10cf68ce,e8414017-3c9f-4564-823c-78810999fed8,gonogo,v1,sales_ops,completed,2026-03-18T19:00:21.937+00:00,2026-03-18T19:01:58.57+00:00,97.0,,,2026-03-18T19:00:23.838679+00:00,2026-03-18T19:01:58.668701+00:00
e534818a-c486-4386-bf4d-9d97939c9b51,e8414017-3c9f-4564-823c-78810999fed8,negotiation,v1,sales_ops,started,2026-03-18T19:02:07.782+00:00,,,,"{'version': 'v1', 'n_scenarios': 12}",2026-03-18T19:02:09.616419+00:00,2026-03-18T19:02:09.616419+00:00
5a330f9b-5617-4939-8069-000daa38582a,7627ff2a-6316-4a3c-9cfe-df70ff5abb64,gonogo,v1,sales_ops,completed,2026-03-18T19:01:56.556+00:00,2026-03-18T19:03:14.72+00:00,78.0,,,2026-03-18T19:01:55.636682+00:00,2026-03-18T19:03:14.825519+00:00
e5be9bfc-ee3a-4456-88f1-2af549774823,7627ff2a-6316-4a3c-9cfe-df70ff5abb64,negotiation,v1,sales_ops,completed,2026-03-18T19:03:22.729+00:00,2026-03-18T19:05:32.352+00:00,130.0,,"{'version': 'v1', 'n_scenarios': 12}",2026-03-18T19:03:21.761333+00:00,2026-03-18T19:05:32.436883+00:00
ef6f348e-5cb1-4a49-a5ab-b067be290005,6a791992-591c-48c4-9a19-afb064635e66,triage,v1,developer,completed,2026-03-18T19:06:21.189+00:00,2026-03-18T19:07:22.669+00:00,61.0,,"{'n_items': 8, 'role_variant': 'developer'}",2026-03-18T19:06:21.324721+00:00,2026-03-18T19:07:22.725346+00:00
4c5a8cc3-e5cc-41c6-99bc-5845e650b48a,6a87712e-0cdb-4d4f-a686-fb5f5e347f03,gonogo,v1,sales_ops,started,2026-03-20T10:29:41.083+00:00,,,,,2026-03-20T10:29:40.332391+00:00,2026-03-20T10:29:40.332391+00:00
72b1c44e-705f-4df5-b55b-9a771f7b6ec8,e8414017-3c9f-4564-823c-78810999fed8,negotiation,v1,sales_ops,completed,2026-03-18T19:07:37.519+00:00,2026-03-18T19:07:54.257+00:00,17.0,,"{'version': 'v1', 'n_scenarios': 12}",2026-03-18T19:07:39.330488+00:00,2026-03-18T19:07:54.34563+00:00
5e0a8a52-b2fd-48eb-9c5a-3a039d0fe252,6a791992-591c-48c4-9a19-afb064635e66,gonogo,v1,sales_ops,completed,2026-03-18T19:07:45.967+00:00,2026-03-18T19:09:05.966+00:00,80.0,,,2026-03-18T19:07:46.048669+00:00,2026-03-18T19:09:06.064653+00:00
ebcb7475-8ef6-4b2a-acaa-44cd7e7f1ef9,6a791992-591c-48c4-9a19-afb064635e66,negotiation,v1,sales_ops,completed,2026-03-18T19:09:14.277+00:00,2026-03-18T19:12:25.29+00:00,191.0,,"{'version': 'v1', 'n_scenarios': 12}",2026-03-18T19:09:14.358089+00:00,2026-03-18T19:12:25.386394+00:00
bc24e3de-a94f-46f4-ac7a-6f8796f56efc,9b25c176-c0cd-4438-891a-7a1c34e5e907,triage,v1,receptionist,completed,2026-03-18T19:26:28.372+00:00,2026-03-18T19:27:15.878+00:00,48.0,,"{'n_items': 8, 'role_variant': 'receptionist'}",2026-03-18T19:26:28.671116+00:00,2026-03-18T19:27:15.947093+00:00
833c4a43-18d4-48a3-a620-117e6d63a088,9b25c176-c0cd-4438-891a-7a1c34e5e907,gonogo,v1,sales_ops,started,2026-03-18T19:27:22.777+00:00,,,,,2026-03-18T19:27:23.829621+00:00,2026-03-18T19:27:23.829621+00:00
c8bab89a-622e-42ea-808e-77cb1705c46b,2a3ba54c-4ce3-436d-a1da-b7037a388de3,triage,v1,developer,started,2026-03-18T20:40:19.553+00:00,,,,"{'n_items': 8, 'role_variant': 'developer'}",2026-03-18T20:40:21.563769+00:00,2026-03-18T20:40:21.563769+00:00
fed148e2-c37a-4851-bffd-c49ee42b7e86,2a3ba54c-4ce3-436d-a1da-b7037a388de3,triage,v1,developer,started,2026-03-18T20:40:21.577+00:00,,,,"{'n_items': 8, 'role_variant': 'developer'}",2026-03-18T20:40:26.752832+00:00,2026-03-18T20:40:26.752832+00:00
98f03af7-f132-4c10-aa55-93b90743880a,2a3ba54c-4ce3-436d-a1da-b7037a388de3,triage,v1,developer,started,2026-03-18T20:40:23.196+00:00,,,,"{'n_items': 8, 'role_variant': 'developer'}",2026-03-18T20:40:28.316675+00:00,2026-03-18T20:40:28.316675+00:00
46473ebb-2f91-41e9-99f0-511653e2b3ae,2a3ba54c-4ce3-436d-a1da-b7037a388de3,triage,v1,developer,started,2026-03-18T20:40:28.447+00:00,,,,"{'n_items': 8, 'role_variant': 'developer'}",2026-03-18T20:40:28.583338+00:00,2026-03-18T20:40:28.583338+00:00
78860346-c564-4e0d-b30c-abbc911ab72a,2a3ba54c-4ce3-436d-a1da-b7037a388de3,triage,v1,developer,started,2026-03-18T20:40:23.543+00:00,,,,"{'n_items': 8, 'role_variant': 'developer'}",2026-03-18T20:40:28.649441+00:00,2026-03-18T20:40:28.649441+00:00
19742575-79e6-4958-af4b-82b4ad4437ee,2a3ba54c-4ce3-436d-a1da-b7037a388de3,triage,v1,developer,started,2026-03-18T20:40:25.215+00:00,,,,"{'n_items': 8, 'role_variant': 'developer'}",2026-03-18T20:40:30.303224+00:00,2026-03-18T20:40:30.303224+00:00
991e495a-04de-4520-934d-5ffd28b59d4c,2a3ba54c-4ce3-436d-a1da-b7037a388de3,triage,v1,developer,started,2026-03-18T20:40:25.713+00:00,,,,"{'n_items': 8, 'role_variant': 'developer'}",2026-03-18T20:40:30.814102+00:00,2026-03-18T20:40:30.814102+00:00
6e7a8fa5-3b34-4490-9ad6-38c748edcd17,2a3ba54c-4ce3-436d-a1da-b7037a388de3,triage,v1,developer,started,2026-03-18T20:40:22.612+00:00,,,,"{'n_items': 8, 'role_variant': 'developer'}",2026-03-18T20:40:31.811958+00:00,2026-03-18T20:40:31.811958+00:00
e0ee182e-a21b-4f12-953e-948344b97f71,2a3ba54c-4ce3-436d-a1da-b7037a388de3,triage,v1,developer,started,2026-03-18T20:40:24.081+00:00,,,,"{'n_items': 8, 'role_variant': 'developer'}",2026-03-18T20:40:32.102381+00:00,2026-03-18T20:40:32.102381+00:00
f8e16fba-ecd9-4d10-8773-bc5503e1254a,2a3ba54c-4ce3-436d-a1da-b7037a388de3,triage,v1,developer,started,2026-03-18T20:40:42.042+00:00,,,,"{'n_items': 8, 'role_variant': 'developer'}",2026-03-18T20:40:42.138094+00:00,2026-03-18T20:40:42.138094+00:00
e03a651c-4e42-4c25-aefd-8f227b8488b2,2a3ba54c-4ce3-436d-a1da-b7037a388de3,triage,v1,developer,started,2026-03-18T20:41:00.034+00:00,,,,"{'n_items': 8, 'role_variant': 'developer'}",2026-03-18T20:41:00.484337+00:00,2026-03-18T20:41:00.484337+00:00
786e746f-f2fd-4813-b824-5a173123e1b8,2a3ba54c-4ce3-436d-a1da-b7037a388de3,triage,v1,developer,completed,2026-03-18T20:41:09.821+00:00,2026-03-18T20:42:16.091+00:00,66.0,,"{'n_items': 8, 'role_variant': 'developer'}",2026-03-18T20:41:09.919059+00:00,2026-03-18T20:42:16.175879+00:00
1272a322-8f39-4f3b-b874-ed879c82afae,2a3ba54c-4ce3-436d-a1da-b7037a388de3,gonogo,v1,sales_ops,completed,2026-03-18T20:42:35.397+00:00,2026-03-18T20:43:55.672+00:00,80.0,,,2026-03-18T20:42:35.500532+00:00,2026-03-18T20:43:55.735413+00:00
26c207b3-313e-46c4-ad93-4e605395ce6b,2a3ba54c-4ce3-436d-a1da-b7037a388de3,negotiation,v1,sales_ops,completed,2026-03-18T20:44:08.278+00:00,2026-03-18T20:46:40.918+00:00,153.0,,"{'version': 'v1', 'n_scenarios': 12}",2026-03-18T20:44:08.373067+00:00,2026-03-18T20:46:41.00373+00:00
dc51f6ae-3887-4a42-8a3e-9dd864b4c75a,abeada9f-8162-4ad7-9d00-a0f472306cf1,triage,v1,developer,completed,2026-03-18T21:07:18.16+00:00,2026-03-18T21:08:03.26+00:00,45.0,,"{'n_items': 8, 'role_variant': 'developer'}",2026-03-18T21:07:18.010664+00:00,2026-03-18T21:08:03.335398+00:00
13099dcc-8bc7-4c8d-9cb3-815bd9c7c2de,abeada9f-8162-4ad7-9d00-a0f472306cf1,gonogo,v1,sales_ops,started,2026-03-18T21:08:11.73+00:00,,,,,2026-03-18T21:08:11.504992+00:00,2026-03-18T21:08:11.504992+00:00
db486ede-7d43-45ed-8014-97540f708804,abeada9f-8162-4ad7-9d00-a0f472306cf1,gonogo,v1,sales_ops,completed,2026-03-18T21:09:14.026+00:00,2026-03-18T21:10:36.534+00:00,83.0,,,2026-03-18T21:09:13.850766+00:00,2026-03-18T21:10:36.595057+00:00
711b248d-30eb-4a6e-9582-c67dde61c55e,abeada9f-8162-4ad7-9d00-a0f472306cf1,negotiation,v1,sales_ops,completed,2026-03-18T21:10:44.579+00:00,2026-03-18T21:12:48.198+00:00,124.0,,"{'version': 'v1', 'n_scenarios': 12}",2026-03-18T21:10:44.335028+00:00,2026-03-18T21:12:48.35427+00:00
f1b6c6d6-2412-47b3-a723-15bfa18d41d3,9b25c176-c0cd-4438-891a-7a1c34e5e907,gonogo,v1,sales_ops,started,2026-03-18T21:36:59.18+00:00,,,,,2026-03-18T21:36:59.263544+00:00,2026-03-18T21:36:59.263544+00:00
b1cee24b-e8c4-4af3-b97e-f72dca275410,9b25c176-c0cd-4438-891a-7a1c34e5e907,gonogo,v1,sales_ops,completed,2026-03-18T21:38:38.086+00:00,2026-03-18T21:39:54.802+00:00,77.0,,,2026-03-18T21:38:38.13859+00:00,2026-03-18T21:39:54.929291+00:00
648de840-1164-4176-9670-7164ab47235a,9b25c176-c0cd-4438-891a-7a1c34e5e907,negotiation,v1,sales_ops,completed,2026-03-18T21:40:03.805+00:00,2026-03-18T21:43:20.904+00:00,197.0,,"{'version': 'v1', 'n_scenarios': 12}",2026-03-18T21:40:03.850299+00:00,2026-03-18T21:43:21.021257+00:00
bc3b1d1b-e6f1-40d8-ae38-41724f5394cf,44c0253d-d855-41b3-85a8-bc48fa506c2c,triage,v1,receptionist,completed,2026-03-18T22:59:30.027+00:00,2026-03-18T23:00:31.908+00:00,62.0,,"{'n_items': 8, 'role_variant': 'receptionist'}",2026-03-18T22:59:29.633683+00:00,2026-03-18T23:00:32.007293+00:00
bf147a05-181e-4363-a9f3-7ad4eb2d2d8a,44c0253d-d855-41b3-85a8-bc48fa506c2c,gonogo,v1,sales_ops,completed,2026-03-18T23:01:08.696+00:00,2026-03-18T23:02:30.53+00:00,82.0,,,2026-03-18T23:01:08.276847+00:00,2026-03-18T23:02:30.589671+00:00
11922403-f5a0-4704-8c60-11b32666b82a,44c0253d-d855-41b3-85a8-bc48fa506c2c,negotiation,v1,sales_ops,completed,2026-03-18T23:03:01.554+00:00,2026-03-18T23:06:07.373+00:00,186.0,,"{'version': 'v1', 'n_scenarios': 12}",2026-03-18T23:03:01.240329+00:00,2026-03-18T23:06:07.481961+00:00
b9e130d3-1904-4eb0-9d19-9c0c7381257f,e04d7ca6-0f1f-4536-b43c-2ede46228c1b,triage,v1,developer,completed,2026-03-19T11:39:08.585+00:00,2026-03-19T11:40:14.168+00:00,66.0,,"{'n_items': 8, 'role_variant': 'developer'}",2026-03-19T11:39:06.880029+00:00,2026-03-19T11:40:14.25133+00:00
1c98aff0-9c13-4624-815a-c92f05c174c0,e04d7ca6-0f1f-4536-b43c-2ede46228c1b,gonogo,v1,sales_ops,completed,2026-03-19T11:40:21.99+00:00,2026-03-19T11:41:38.473+00:00,76.0,,,2026-03-19T11:40:20.278106+00:00,2026-03-19T11:41:38.5392+00:00
9fecf544-7e63-45d8-a62f-1cb73120388e,e04d7ca6-0f1f-4536-b43c-2ede46228c1b,negotiation,v1,sales_ops,completed,2026-03-19T11:41:44.838+00:00,2026-03-19T11:44:14.656+00:00,150.0,,"{'version': 'v1', 'n_scenarios': 12}",2026-03-19T11:41:43.09375+00:00,2026-03-19T11:44:14.867305+00:00
91e5117c-3197-48c7-8c45-7e6a27e51542,8ac09617-93d9-4ca7-b876-099d441e29a9,gonogo,v1,sales_ops,started,2026-03-19T12:06:54.533+00:00,,,,,2026-03-19T12:06:54.689821+00:00,2026-03-19T12:06:54.689821+00:00
fa0f5c09-196a-4e3b-9a4a-371823d928fa,8ac09617-93d9-4ca7-b876-099d441e29a9,gonogo,v1,sales_ops,started,2026-03-19T12:07:35.891+00:00,,,,,2026-03-19T12:07:35.984047+00:00,2026-03-19T12:07:35.984047+00:00
9007f4ce-f5d6-4fe4-abc7-c97e2ae1d00f,8ac09617-93d9-4ca7-b876-099d441e29a9,gonogo,v1,sales_ops,completed,2026-03-19T12:08:30.136+00:00,2026-03-19T12:09:51.994+00:00,82.0,,,2026-03-19T12:08:30.230454+00:00,2026-03-19T12:09:52.082628+00:00
631d60e2-19b3-4455-ae2e-cd8c1a7930d5,8ac09617-93d9-4ca7-b876-099d441e29a9,negotiation,v1,sales_ops,completed,2026-03-19T12:10:01.989+00:00,2026-03-19T12:15:12.474+00:00,310.0,,"{'version': 'v1', 'n_scenarios': 12}",2026-03-19T12:10:02.143632+00:00,2026-03-19T12:15:12.554605+00:00
cbab24a8-f10c-413f-a8d0-82c49a3830c5,1e362444-928b-4794-9721-4d798d8f1393,negotiation,v1,sales_ops,completed,2026-03-22T13:50:55.218+00:00,2026-03-22T13:54:59.915+00:00,245.0,,"{'version': 'v1', 'n_scenarios': 12}",2026-03-22T13:50:55.296771+00:00,2026-03-22T13:55:00.157872+00:00
7360af8c-dca1-4669-a407-0d8ebaa20fef,75105e89-fd9c-4d6e-9820-72806170072f,triage,v1,sales_ops,completed,2026-03-23T20:16:34.855+00:00,2026-03-23T20:17:05.11+00:00,30.0,,"{'n_items': 8, 'role_variant': 'sales_ops'}",2026-03-23T20:16:35.574242+00:00,2026-03-23T20:17:05.190472+00:00
81c40c75-e8d9-4700-9f81-5fcb005286e4,aa7b23d9-1d37-49e2-b27e-9d77d062963c,triage,v1,developer,completed,2026-03-22T14:53:31.143+00:00,2026-03-22T14:53:44.584+00:00,13.0,,"{'n_items': 8, 'role_variant': 'developer'}",2026-03-22T14:53:31.248058+00:00,2026-03-22T14:53:44.666267+00:00
0f1a9889-3bba-4b70-91cd-147ec76c1340,aa7b23d9-1d37-49e2-b27e-9d77d062963c,gonogo,v1,sales_ops,started,2026-03-22T14:53:50.99+00:00,,,,,2026-03-22T14:53:51.067405+00:00,2026-03-22T14:53:51.067405+00:00
b27ddde4-4022-4325-8edd-87795faa7d7d,18b9a795-fbd3-444f-b9fc-a2f24d0d6846,triage,v1,receptionist,completed,2026-03-22T19:45:35.282+00:00,2026-03-22T19:46:23.229+00:00,48.0,,"{'n_items': 8, 'role_variant': 'receptionist'}",2026-03-22T19:45:35.774633+00:00,2026-03-22T19:46:23.331047+00:00
2d306fd4-64c7-4e48-9a78-85f38d858d1e,3342333d-31f4-4e78-a59a-9ac7cc3dc7a5,negotiation,v1,sales_ops,completed,2026-03-23T20:20:01.924+00:00,2026-03-23T20:20:13.808+00:00,12.0,,"{'version': 'v1', 'n_scenarios': 12}",2026-03-23T20:20:01.984316+00:00,2026-03-23T20:20:13.888036+00:00
7ddc6f5c-035f-482e-91fe-4451fc4130df,18b9a795-fbd3-444f-b9fc-a2f24d0d6846,gonogo,v1,sales_ops,completed,2026-03-22T19:46:30.771+00:00,2026-03-22T19:47:50.934+00:00,80.0,,,2026-03-22T19:46:31.218499+00:00,2026-03-22T19:47:51.029399+00:00
0e9297d6-a606-41b5-b151-b773b472f754,18b9a795-fbd3-444f-b9fc-a2f24d0d6846,negotiation,v1,sales_ops,completed,2026-03-22T19:47:58.358+00:00,2026-03-22T19:49:02.483+00:00,64.0,,"{'version': 'v1', 'n_scenarios': 12}",2026-03-22T19:47:58.801599+00:00,2026-03-22T19:49:02.55024+00:00
e3aa24e1-fdb3-42bf-aeb1-caa47a0acb81,4e17d83a-f27f-4fe1-970f-ba6aeeda9aad,triage,v1,receptionist,completed,2026-03-23T20:21:31.952+00:00,2026-03-23T20:21:41.342+00:00,9.0,,"{'n_items': 8, 'role_variant': 'receptionist'}",2026-03-23T20:21:32.042885+00:00,2026-03-23T20:21:41.437776+00:00
c247dfa0-f5b5-490b-9d9e-7044aa2a14fd,4afe6860-52d2-4ac2-bd28-b0c9a8029bb7,triage,v1,receptionist,completed,2026-03-22T19:53:13.474+00:00,2026-03-22T19:55:27.449+00:00,134.0,,"{'n_items': 8, 'role_variant': 'receptionist'}",2026-03-22T19:53:13.459811+00:00,2026-03-22T19:55:27.565437+00:00
1ed5ca48-7efd-4bba-be63-004f43b67141,0db74ac8-0ead-49cf-8374-4e2ca7276281,triage,v1,receptionist,completed,2026-03-22T19:54:39.234+00:00,2026-03-22T19:56:02.189+00:00,83.0,,"{'n_items': 8, 'role_variant': 'receptionist'}",2026-03-22T19:54:37.904122+00:00,2026-03-22T19:56:02.268381+00:00
266eead8-50cd-435a-b21c-0a272c4accda,4e17d83a-f27f-4fe1-970f-ba6aeeda9aad,gonogo,v1,sales_ops,completed,2026-03-23T20:21:49.448+00:00,2026-03-23T20:23:11.219+00:00,82.0,,,2026-03-23T20:21:49.523911+00:00,2026-03-23T20:23:11.303798+00:00
33d5e18e-957c-4b4c-ab71-e961bd572a82,bd7a29f6-f2f7-4568-9499-52d4c3cd7679,triage,v1,developer,completed,2026-03-23T20:23:15.235+00:00,2026-03-23T20:23:25.154+00:00,10.0,,"{'n_items': 8, 'role_variant': 'developer'}",2026-03-23T20:23:15.284083+00:00,2026-03-23T20:23:25.241984+00:00
e8630258-4ac2-433c-91ff-f957807ed5e2,3cefa689-1f2a-4c6c-b6d7-e647a12094b2,triage,v1,developer,completed,2026-03-23T20:23:20.5+00:00,2026-03-23T20:24:14.19+00:00,54.0,,"{'n_items': 8, 'role_variant': 'developer'}",2026-03-23T20:23:20.652491+00:00,2026-03-23T20:24:14.270664+00:00
578fd664-5bd0-4f68-8728-fa06eb7484b9,bd7a29f6-f2f7-4568-9499-52d4c3cd7679,gonogo,v1,sales_ops,completed,2026-03-23T20:23:30.22+00:00,2026-03-23T20:24:44.638+00:00,74.0,,,2026-03-23T20:23:30.280163+00:00,2026-03-23T20:24:44.715128+00:00
b6487efc-2fb5-4e8d-8bf7-683c331dfc19,bd7a29f6-f2f7-4568-9499-52d4c3cd7679,negotiation,v1,sales_ops,completed,2026-03-23T20:24:49.799+00:00,2026-03-23T20:25:01.003+00:00,11.0,,"{'version': 'v1', 'n_scenarios': 12}",2026-03-23T20:24:49.84818+00:00,2026-03-23T20:25:01.118894+00:00
b66962ef-3b1f-43ed-b47b-2a9d61530869,3cefa689-1f2a-4c6c-b6d7-e647a12094b2,gonogo,v1,sales_ops,completed,2026-03-23T20:24:31.346+00:00,2026-03-23T20:25:50.451+00:00,79.0,,,2026-03-23T20:24:31.429905+00:00,2026-03-23T20:25:50.539724+00:00
ac14207d-4239-4114-9113-3fbf4a4c3bcb,09e734e4-0617-486e-ae2e-e2b3eee8fe00,gonogo,v1,sales_ops,completed,2026-03-23T20:30:08.032+00:00,2026-03-23T20:31:30.833+00:00,83.0,,,2026-03-23T20:30:08.319392+00:00,2026-03-23T20:31:30.90191+00:00
d7314d9c-63b9-4825-88f0-f9b56f4bdbad,9d7e0db2-13a4-456d-9fa8-46cfe833c9b5,triage,v1,sales_ops,started,2026-03-23T20:35:55.181+00:00,,,,"{'n_items': 8, 'role_variant': 'sales_ops'}",2026-03-23T20:35:57.315367+00:00,2026-03-23T20:35:57.315367+00:00
bd896625-6ad1-450f-b0c8-c6dcc3bf8580,dd936f94-7eff-4df0-a0a6-238256af1fe3,gonogo,v1,sales_ops,completed,2026-03-23T20:36:27.792+00:00,2026-03-23T20:37:46.15+00:00,78.0,,,2026-03-23T20:36:27.866442+00:00,2026-03-23T20:37:46.225286+00:00
c860b11a-f296-46fd-8d8c-434f34fc59d9,912e584d-91d8-4ef3-84c2-47d6fc932693,triage,v1,developer,completed,2026-03-23T20:45:02.378+00:00,2026-03-23T20:46:02.132+00:00,60.0,,"{'n_items': 8, 'role_variant': 'developer'}",2026-03-23T20:45:03.509496+00:00,2026-03-23T20:46:02.251049+00:00
f847eda6-b344-4899-98f8-0a3d9f340ef9,912e584d-91d8-4ef3-84c2-47d6fc932693,gonogo,v1,sales_ops,completed,2026-03-23T20:46:18.008+00:00,2026-03-23T20:47:47.55+00:00,90.0,,,2026-03-23T20:46:18.217196+00:00,2026-03-23T20:47:47.620158+00:00
32bf2a37-5307-4b42-8cb0-6844dcfefb85,5c4d041d-21b6-4856-b3de-149f889c233e,gonogo,v1,sales_ops,completed,2026-03-23T21:27:52.901+00:00,2026-03-23T21:29:38.363+00:00,105.0,,,2026-03-23T21:27:52.978019+00:00,2026-03-23T21:29:38.44974+00:00
bd2d9c2c-5fe9-485f-a50d-5c41941cb51d,089d5146-782b-4521-b336-bb38c80eef94,triage,v1,receptionist,completed,2026-03-24T10:02:44.885+00:00,2026-03-24T10:03:18.195+00:00,33.0,,"{'n_items': 8, 'role_variant': 'receptionist'}",2026-03-24T10:02:45.06624+00:00,2026-03-24T10:03:18.306596+00:00
d9777aef-1a72-4434-9514-bda3d14dade2,089d5146-782b-4521-b336-bb38c80eef94,gonogo,v1,sales_ops,completed,2026-03-24T10:03:37.551+00:00,2026-03-24T10:04:52.8+00:00,75.0,,,2026-03-24T10:03:37.633071+00:00,2026-03-24T10:04:52.877825+00:00
01348d99-9ef6-4d1d-bcd5-bc38252e05b6,60a16c37-631f-4e83-afb8-93c0661963a9,triage,v1,developer,completed,2026-03-24T16:44:07.314+00:00,2026-03-24T16:44:27.917+00:00,21.0,,"{'n_items': 8, 'role_variant': 'developer'}",2026-03-24T16:44:07.792128+00:00,2026-03-24T16:44:28.001633+00:00
0ba0b1e0-a925-42cb-bcdc-7b064fc8fabe,60a16c37-631f-4e83-afb8-93c0661963a9,gonogo,v1,sales_ops,started,2026-03-24T16:44:36.423+00:00,,,,,2026-03-24T16:44:36.718014+00:00,2026-03-24T16:44:36.718014+00:00
7ddecaaf-321e-4e77-9fc6-3915d1be38a2,60a16c37-631f-4e83-afb8-93c0661963a9,gonogo,v1,sales_ops,completed,2026-03-24T16:45:15.281+00:00,2026-03-24T16:46:44.615+00:00,89.0,,,2026-03-24T16:45:15.526783+00:00,2026-03-24T16:46:44.736087+00:00
b952e662-0b63-43de-a038-41d1caf55469,60a16c37-631f-4e83-afb8-93c0661963a9,negotiation,v1,sales_ops,completed,2026-03-24T16:46:51.302+00:00,2026-03-24T16:47:09.232+00:00,18.0,,"{'version': 'v1', 'n_scenarios': 12}",2026-03-24T16:46:51.549714+00:00,2026-03-24T16:47:09.304286+00:00
fe8ccadc-684d-43dd-b8ab-7d0a83e461ad,1c0127ff-90b9-4e08-b919-b6dfe8fda61c,negotiation,v1,sales_ops,completed,2026-03-24T17:02:55.992+00:00,2026-03-24T17:03:02.85+00:00,7.0,,"{'version': 'v1', 'n_scenarios': 12}",2026-03-24T17:02:56.236222+00:00,2026-03-24T17:03:02.965653+00:00
dd8e82a5-d045-4abf-a3e8-8462ec0d5a62,aca2d12a-82ca-42fa-aabe-6d0fd097c383,negotiation,v1,sales_ops,completed,2026-03-24T21:00:13.667+00:00,2026-03-24T21:00:23.955+00:00,10.0,,"{'version': 'v1', 'n_scenarios': 12}",2026-03-24T21:00:13.775065+00:00,2026-03-24T21:00:24.052948+00:00
4bc4e6bd-ed6c-4c14-b787-269e3f4667d6,b6b4d416-9272-4689-aa21-5e7b44146d5f,gonogo,v1,sales_ops,completed,2026-03-24T20:59:03.978+00:00,2026-03-24T21:00:24.591+00:00,81.0,,,2026-03-24T20:59:04.028933+00:00,2026-03-24T21:00:24.764845+00:00
b954d460-dac1-4e85-913a-5e1b908a5b59,4afe6860-52d2-4ac2-bd28-b0c9a8029bb7,gonogo,v1,sales_ops,completed,2026-03-22T19:55:32.313+00:00,2026-03-22T19:56:50.223+00:00,78.0,,,2026-03-22T19:55:32.246509+00:00,2026-03-22T19:56:50.288067+00:00
5577e0cb-6d9d-461e-b894-4c6bc7e99841,4afe6860-52d2-4ac2-bd28-b0c9a8029bb7,negotiation,v1,sales_ops,completed,2026-03-22T19:56:55.158+00:00,2026-03-22T19:57:07.183+00:00,12.0,,"{'version': 'v1', 'n_scenarios': 12}",2026-03-22T19:56:55.097997+00:00,2026-03-22T19:57:07.263486+00:00
245c8ee9-c754-4f90-be8a-7ed1a8e66003,0db74ac8-0ead-49cf-8374-4e2ca7276281,gonogo,v1,sales_ops,completed,2026-03-22T19:56:22.733+00:00,2026-03-22T19:57:46.562+00:00,84.0,,,2026-03-22T19:56:21.154617+00:00,2026-03-22T19:57:46.658343+00:00
9be73e63-501a-4219-8c6c-ad03522ae91d,564dc85b-179b-439b-ac30-cf84dc5bc6d3,triage,v1,developer,completed,2026-03-22T19:57:07.892+00:00,2026-03-22T19:58:27.569+00:00,80.0,,"{'n_items': 8, 'role_variant': 'developer'}",2026-03-22T19:57:08.339726+00:00,2026-03-22T19:58:27.655509+00:00
f145ee55-7e18-41ec-acdc-0e84374a5ee4,564dc85b-179b-439b-ac30-cf84dc5bc6d3,gonogo,v1,sales_ops,completed,2026-03-22T19:58:33.444+00:00,2026-03-22T19:59:53.389+00:00,80.0,,,2026-03-22T19:58:33.886284+00:00,2026-03-22T19:59:53.460647+00:00
18495fc5-d609-44af-af26-2748154f4520,564dc85b-179b-439b-ac30-cf84dc5bc6d3,negotiation,v1,sales_ops,completed,2026-03-22T19:59:58.448+00:00,2026-03-22T20:00:45.119+00:00,47.0,,"{'version': 'v1', 'n_scenarios': 12}",2026-03-22T19:59:58.894979+00:00,2026-03-22T20:00:45.18891+00:00
1eeeacc3-b6ab-43b0-a4ff-de12f982849a,0db74ac8-0ead-49cf-8374-4e2ca7276281,negotiation,v1,sales_ops,completed,2026-03-22T19:58:07.472+00:00,2026-03-22T20:01:52.329+00:00,225.0,,"{'version': 'v1', 'n_scenarios': 12}",2026-03-22T19:58:05.880643+00:00,2026-03-22T20:01:52.404398+00:00
999c4d48-6de2-4208-bbbd-ed6e27a76577,211d4ea0-9d00-4bcf-a5ec-2ce05efcfc22,triage,v1,sales_ops,completed,2026-03-22T20:06:06.985+00:00,2026-03-22T20:07:39.845+00:00,93.0,,"{'n_items': 8, 'role_variant': 'sales_ops'}",2026-03-22T20:06:07.438018+00:00,2026-03-22T20:07:39.909777+00:00
2edd39e6-08d0-4bb0-bdd8-0ccb02204b10,211d4ea0-9d00-4bcf-a5ec-2ce05efcfc22,gonogo,v1,sales_ops,completed,2026-03-22T20:07:48.279+00:00,2026-03-22T20:09:31.879+00:00,104.0,,,2026-03-22T20:07:48.736136+00:00,2026-03-22T20:09:31.970492+00:00
7ac8c3aa-f51e-46f4-aab9-201eaf83382b,211d4ea0-9d00-4bcf-a5ec-2ce05efcfc22,negotiation,v1,sales_ops,completed,2026-03-22T20:09:38.571+00:00,2026-03-22T20:10:06.786+00:00,28.0,,"{'version': 'v1', 'n_scenarios': 12}",2026-03-22T20:09:39.019052+00:00,2026-03-22T20:10:06.929786+00:00
3d485b3e-2139-4c77-ac37-8d7995fefea2,9d91e907-1818-4b7f-8a1c-4f4942778f0e,triage,v1,receptionist,completed,2026-03-22T21:28:12.942+00:00,2026-03-22T21:31:35.972+00:00,203.0,,"{'n_items': 8, 'role_variant': 'receptionist'}",2026-03-22T21:28:13.457077+00:00,2026-03-22T21:31:36.042204+00:00
124d1b8c-af66-4d1c-88ca-514c2a9b9cb8,9d91e907-1818-4b7f-8a1c-4f4942778f0e,gonogo,v1,sales_ops,completed,2026-03-22T21:31:43.13+00:00,2026-03-22T21:33:01.345+00:00,78.0,,,2026-03-22T21:31:43.575812+00:00,2026-03-22T21:33:01.412918+00:00
539f6c2d-c20a-4bdd-9fb0-177b71275650,9d91e907-1818-4b7f-8a1c-4f4942778f0e,negotiation,v1,sales_ops,completed,2026-03-22T21:33:48.126+00:00,2026-03-22T21:33:58.17+00:00,10.0,,"{'version': 'v1', 'n_scenarios': 12}",2026-03-22T21:33:48.596068+00:00,2026-03-22T21:33:58.262709+00:00
fc72dc42-70ca-4a60-96d7-24e618741c9f,8a05d4e9-9f5f-4ac4-a831-a44667f42076,triage,v1,receptionist,completed,2026-03-22T21:39:02.341+00:00,2026-03-22T21:39:21.734+00:00,19.0,,"{'n_items': 8, 'role_variant': 'receptionist'}",2026-03-22T21:39:02.80036+00:00,2026-03-22T21:39:21.813755+00:00
3d0ee0d5-311a-46c6-bdbe-40a047b79ee8,8a05d4e9-9f5f-4ac4-a831-a44667f42076,gonogo,v1,sales_ops,completed,2026-03-22T21:39:26.285+00:00,2026-03-22T21:40:38.912+00:00,73.0,,,2026-03-22T21:39:26.742657+00:00,2026-03-22T21:40:39.004941+00:00
347e524d-719b-428d-918c-8aaa29d5bea0,8a05d4e9-9f5f-4ac4-a831-a44667f42076,negotiation,v1,sales_ops,completed,2026-03-22T21:40:45.329+00:00,2026-03-22T21:40:54.636+00:00,9.0,,"{'version': 'v1', 'n_scenarios': 12}",2026-03-22T21:40:45.807937+00:00,2026-03-22T21:40:54.706554+00:00
2c58af40-d403-42d9-b64a-ef7b042a9829,ecd16b29-4553-4d30-ad5c-e249d1843454,triage,v1,developer,completed,2026-03-22T21:59:00.674+00:00,2026-03-22T22:00:12.963+00:00,72.0,,"{'n_items': 8, 'role_variant': 'developer'}",2026-03-22T21:59:00.816036+00:00,2026-03-22T22:00:13.032672+00:00
54515a09-1a40-4cfc-a38c-b407d0db1230,ecd16b29-4553-4d30-ad5c-e249d1843454,gonogo,v1,sales_ops,completed,2026-03-22T22:00:22.539+00:00,2026-03-22T22:01:51.433+00:00,89.0,,,2026-03-22T22:00:22.60734+00:00,2026-03-22T22:01:51.60104+00:00
c527d8fc-f11f-4ded-813e-6be133d84540,ecd16b29-4553-4d30-ad5c-e249d1843454,negotiation,v1,sales_ops,completed,2026-03-22T22:01:58.981+00:00,2026-03-22T22:06:11.331+00:00,252.0,,"{'version': 'v1', 'n_scenarios': 12}",2026-03-22T22:01:59.023817+00:00,2026-03-22T22:06:11.396659+00:00
88ce8b65-5789-405a-914b-e2c778046b5f,0d3aaf2c-81ce-4357-9d3f-8608d20acc56,triage,v1,developer,completed,2026-03-23T08:32:28.348+00:00,2026-03-23T08:36:14.437+00:00,226.0,,"{'n_items': 8, 'role_variant': 'developer'}",2026-03-23T08:32:28.330441+00:00,2026-03-23T08:36:14.510845+00:00
5643b015-b9b1-45d6-9506-6ccaa5f5976e,0d3aaf2c-81ce-4357-9d3f-8608d20acc56,gonogo,v1,sales_ops,completed,2026-03-23T08:36:20.64+00:00,2026-03-23T08:37:38.375+00:00,78.0,,,2026-03-23T08:36:20.612236+00:00,2026-03-23T08:37:38.449176+00:00
e4b8e5ed-39d8-4173-aa6e-5410b3c80965,0d3aaf2c-81ce-4357-9d3f-8608d20acc56,negotiation,v1,sales_ops,completed,2026-03-23T08:37:51.686+00:00,2026-03-23T08:38:38.412+00:00,47.0,,"{'version': 'v1', 'n_scenarios': 12}",2026-03-23T08:37:51.652452+00:00,2026-03-23T08:38:38.550885+00:00
3b78ae62-d32a-40d4-bff7-c9889a3d9621,fb738062-ddf7-4f3d-b298-e4cd5035e9b8,triage,v1,sales_ops,completed,2026-03-23T11:22:01.098+00:00,2026-03-23T11:22:38.385+00:00,37.0,,"{'n_items': 8, 'role_variant': 'sales_ops'}",2026-03-23T11:22:01.121068+00:00,2026-03-23T11:22:38.485484+00:00
1d7779e1-4fff-4b2a-8dc8-6badfef13fae,fb738062-ddf7-4f3d-b298-e4cd5035e9b8,gonogo,v1,sales_ops,completed,2026-03-23T11:24:05.003+00:00,2026-03-23T11:25:25.704+00:00,81.0,,,2026-03-23T11:24:05.025655+00:00,2026-03-23T11:25:25.795038+00:00
14094ebb-cf43-4ea4-84ff-d949ac180a8b,fb738062-ddf7-4f3d-b298-e4cd5035e9b8,gonogo,v1,sales_ops,completed,2026-03-23T11:25:36.924+00:00,2026-03-23T11:26:54.507+00:00,78.0,,,2026-03-23T11:25:36.874464+00:00,2026-03-23T11:26:54.610349+00:00
5f343c65-6f7c-41f4-bca6-29fcda77bcec,fb738062-ddf7-4f3d-b298-e4cd5035e9b8,negotiation,v1,sales_ops,completed,2026-03-23T11:38:59.146+00:00,2026-03-23T11:39:34.775+00:00,36.0,,"{'version': 'v1', 'n_scenarios': 12}",2026-03-23T11:38:59.913705+00:00,2026-03-23T11:39:34.866134+00:00
76575103-baad-4b93-93f6-866c05870d29,7b670719-c778-4181-8096-379c0dc8d149,triage,v1,receptionist,completed,2026-03-23T14:20:52.781+00:00,2026-03-23T14:21:31.186+00:00,38.0,,"{'n_items': 8, 'role_variant': 'receptionist'}",2026-03-23T14:20:52.942354+00:00,2026-03-23T14:21:31.26361+00:00
4a009c2a-6426-4174-8e1b-691c88e8faea,7b670719-c778-4181-8096-379c0dc8d149,gonogo,v1,sales_ops,started,2026-03-23T14:21:38.046+00:00,,,,,2026-03-23T14:21:38.170543+00:00,2026-03-23T14:21:38.170543+00:00
d664b656-05df-4a08-b241-cdcc044b0a0a,7b670719-c778-4181-8096-379c0dc8d149,gonogo,v1,sales_ops,completed,2026-03-23T14:21:57.433+00:00,2026-03-23T14:23:16.879+00:00,79.0,,,2026-03-23T14:21:57.529046+00:00,2026-03-23T14:23:16.947418+00:00
8ad26c51-4694-4622-ac84-02c8555a66d8,7b670719-c778-4181-8096-379c0dc8d149,negotiation,v1,sales_ops,completed,2026-03-23T14:23:25.089+00:00,2026-03-23T14:25:09.798+00:00,105.0,,"{'version': 'v1', 'n_scenarios': 12}",2026-03-23T14:23:25.185056+00:00,2026-03-23T14:25:09.900008+00:00
3cebd78a-5b41-4aa4-833c-e576bcfd2dc7,00e39e14-5150-4161-a4a9-f59879ec522e,triage,v1,developer,completed,2026-03-23T15:19:19.348+00:00,2026-03-23T15:20:18.786+00:00,59.0,,"{'n_items': 8, 'role_variant': 'developer'}",2026-03-23T15:19:18.977552+00:00,2026-03-23T15:20:18.84934+00:00
7e689ddd-c5ea-42d4-8724-55fd3a0380df,00e39e14-5150-4161-a4a9-f59879ec522e,triage,v1,developer,completed,2026-03-23T15:20:32.555+00:00,2026-03-23T15:21:06.097+00:00,34.0,,"{'n_items': 8, 'role_variant': 'developer'}",2026-03-23T15:20:32.141663+00:00,2026-03-23T15:21:06.187017+00:00
6bb8e3a6-c807-40de-9a6f-15d64f7874ac,00e39e14-5150-4161-a4a9-f59879ec522e,gonogo,v1,sales_ops,started,2026-03-23T15:21:15.962+00:00,,,,,2026-03-23T15:21:15.546988+00:00,2026-03-23T15:21:15.546988+00:00
a4d59df5-6ca7-4937-b673-4b493e4310de,00e39e14-5150-4161-a4a9-f59879ec522e,gonogo,v1,sales_ops,completed,2026-03-23T15:22:42.485+00:00,2026-03-23T15:24:01.59+00:00,79.0,,,2026-03-23T15:22:42.079148+00:00,2026-03-23T15:24:01.734079+00:00
ff5eb3d5-caad-4028-94c3-6fd2930df979,00e39e14-5150-4161-a4a9-f59879ec522e,negotiation,v1,sales_ops,completed,2026-03-23T15:24:15.172+00:00,2026-03-23T15:26:32.611+00:00,137.0,,"{'version': 'v1', 'n_scenarios': 12}",2026-03-23T15:24:14.732183+00:00,2026-03-23T15:26:32.699935+00:00
7da3defc-8fb8-4bf4-bf6d-0665fe8339ce,051df7e4-6071-494b-9fa8-07f9b1d8e2a3,triage,v1,sales_ops,completed,2026-03-23T15:30:46.788+00:00,2026-03-23T15:31:14.465+00:00,28.0,,"{'n_items': 8, 'role_variant': 'sales_ops'}",2026-03-23T15:30:46.349499+00:00,2026-03-23T15:31:14.670273+00:00
cdb4ea09-e0ac-4fd9-9667-f90618f5e1ed,051df7e4-6071-494b-9fa8-07f9b1d8e2a3,gonogo,v1,sales_ops,completed,2026-03-23T15:31:24.451+00:00,2026-03-23T15:32:44.651+00:00,80.0,,,2026-03-23T15:31:24.039366+00:00,2026-03-23T15:32:44.743603+00:00
37a2a18d-78a9-449b-92c8-f20820467366,051df7e4-6071-494b-9fa8-07f9b1d8e2a3,negotiation,v1,sales_ops,completed,2026-03-23T15:32:51.14+00:00,2026-03-23T15:33:13.667+00:00,23.0,,"{'version': 'v1', 'n_scenarios': 12}",2026-03-23T15:32:50.720409+00:00,2026-03-23T15:33:13.777044+00:00
92df2f5d-191b-41dc-be48-ecb6b19b056a,60f0ee69-967e-411d-972e-6bee0440d37d,triage,v1,receptionist,completed,2026-03-23T15:36:55.29+00:00,2026-03-23T15:37:30.035+00:00,35.0,,"{'n_items': 8, 'role_variant': 'receptionist'}",2026-03-23T15:36:54.84826+00:00,2026-03-23T15:37:30.117815+00:00
ef66d8ac-71e0-4c9e-b115-f68b0848eb33,60f0ee69-967e-411d-972e-6bee0440d37d,gonogo,v1,sales_ops,completed,2026-03-23T15:37:36.119+00:00,2026-03-23T15:38:56.271+00:00,80.0,,,2026-03-23T15:37:35.651708+00:00,2026-03-23T15:38:56.441847+00:00
70b1fb52-b4c8-4ca6-85d1-533fa75ddd7e,60f0ee69-967e-411d-972e-6bee0440d37d,negotiation,v1,sales_ops,completed,2026-03-23T15:39:03.916+00:00,2026-03-23T15:39:11.632+00:00,8.0,,"{'version': 'v1', 'n_scenarios': 12}",2026-03-23T15:39:03.46998+00:00,2026-03-23T15:39:11.719272+00:00
2398bb7f-7d65-4522-b939-8f616071bb4d,1d427c45-76bc-4bf1-9fc8-6c826a5a6195,triage,v1,developer,completed,2026-03-23T15:44:14.883+00:00,2026-03-23T15:44:35.963+00:00,21.0,,"{'n_items': 8, 'role_variant': 'developer'}",2026-03-23T15:44:14.449268+00:00,2026-03-23T15:44:36.032031+00:00
d5d0c6ef-4c48-4374-b438-c67d2fa04842,35bb3a87-abf2-4745-bf66-21ef7ce9ffb3,triage,v1,developer,completed,2026-03-23T15:44:41.039+00:00,2026-03-23T15:44:49.206+00:00,8.0,,"{'n_items': 8, 'role_variant': 'developer'}",2026-03-23T15:44:41.188279+00:00,2026-03-23T15:44:49.264737+00:00
bd1e7ea3-cc8f-4e60-8c00-88deb9c4931c,35bb3a87-abf2-4745-bf66-21ef7ce9ffb3,gonogo,v1,sales_ops,started,2026-03-23T15:44:55.467+00:00,,,,,2026-03-23T15:44:55.549736+00:00,2026-03-23T15:44:55.549736+00:00
d4f49a7f-185f-42f1-9b52-8a6cc848a8e5,35bb3a87-abf2-4745-bf66-21ef7ce9ffb3,gonogo,v1,sales_ops,completed,2026-03-23T15:45:57.003+00:00,2026-03-23T15:47:11.883+00:00,75.0,,,2026-03-23T15:45:57.108894+00:00,2026-03-23T15:47:11.969885+00:00
af6700cb-9aa7-4ed2-b834-aa5ec62949fd,1d427c45-76bc-4bf1-9fc8-6c826a5a6195,gonogo,v1,sales_ops,completed,2026-03-23T15:44:42.176+00:00,2026-03-23T15:45:59.673+00:00,77.0,,,2026-03-23T15:44:41.757552+00:00,2026-03-23T15:45:59.734252+00:00
051b75e6-e456-41a3-abdd-47ed0c8e34c2,1d427c45-76bc-4bf1-9fc8-6c826a5a6195,negotiation,v1,sales_ops,completed,2026-03-23T15:46:05.208+00:00,2026-03-23T15:46:12.329+00:00,7.0,,"{'version': 'v1', 'n_scenarios': 12}",2026-03-23T15:46:04.734885+00:00,2026-03-23T15:46:12.392589+00:00
a2e2d78f-6e92-44bb-90e0-83de55a390bf,3342333d-31f4-4e78-a59a-9ac7cc3dc7a5,triage,v1,receptionist,completed,2026-03-23T20:17:38.305+00:00,2026-03-23T20:18:30.712+00:00,52.0,,"{'n_items': 8, 'role_variant': 'receptionist'}",2026-03-23T20:17:38.410268+00:00,2026-03-23T20:18:30.793236+00:00
391701d9-a35e-48d8-b522-9736a875294a,75105e89-fd9c-4d6e-9820-72806170072f,negotiation,v1,sales_ops,completed,2026-03-23T20:18:47.304+00:00,2026-03-23T20:18:55.347+00:00,8.0,,"{'version': 'v1', 'n_scenarios': 12}",2026-03-23T20:18:47.448682+00:00,2026-03-23T20:18:55.420996+00:00
81b14a97-96c8-4497-8ae3-d1f9ea14a5c3,d1ca8766-534e-4349-ba25-1d104dc96a77,gonogo,v1,sales_ops,completed,2026-03-23T20:22:32.564+00:00,2026-03-23T20:23:48.492+00:00,76.0,,,2026-03-23T20:22:32.629534+00:00,2026-03-23T20:23:48.563656+00:00
cae576ee-08cb-4671-b016-3f08bf34d56c,3cefa689-1f2a-4c6c-b6d7-e647a12094b2,negotiation,v1,sales_ops,completed,2026-03-23T20:25:55.904+00:00,2026-03-23T20:28:27.158+00:00,151.0,,"{'version': 'v1', 'n_scenarios': 12}",2026-03-23T20:25:55.984434+00:00,2026-03-23T20:28:27.255578+00:00
1e09a422-3397-4a29-8d1f-7082e565c4de,09e734e4-0617-486e-ae2e-e2b3eee8fe00,negotiation,v1,sales_ops,completed,2026-03-23T20:31:36.543+00:00,2026-03-23T20:31:45.551+00:00,9.0,,"{'version': 'v1', 'n_scenarios': 12}",2026-03-23T20:31:36.824571+00:00,2026-03-23T20:31:45.624665+00:00
b0e26bc7-208c-45a8-9228-60ef3ff3b761,9d7e0db2-13a4-456d-9fa8-46cfe833c9b5,triage,v1,sales_ops,completed,2026-03-23T20:35:58.318+00:00,2026-03-23T20:36:53.707+00:00,55.0,,"{'n_items': 8, 'role_variant': 'sales_ops'}",2026-03-23T20:35:58.416775+00:00,2026-03-23T20:36:53.771546+00:00
32f21a5c-1b38-45c2-afba-98e2b619a7c6,165188db-e2a0-4f73-bad3-6af79c664afc,gonogo,v1,sales_ops,completed,2026-03-23T20:37:30.206+00:00,2026-03-23T20:38:54.597+00:00,84.0,,,2026-03-23T20:37:30.290332+00:00,2026-03-23T20:38:54.656802+00:00
a9dcb2e2-ad37-4eb6-9e75-df9e8d0a3bdf,9d7e0db2-13a4-456d-9fa8-46cfe833c9b5,negotiation,v1,sales_ops,completed,2026-03-23T20:39:18.793+00:00,2026-03-23T20:39:49.645+00:00,31.0,,"{'version': 'v1', 'n_scenarios': 12}",2026-03-23T20:39:18.907554+00:00,2026-03-23T20:39:50.081416+00:00
f5e323c3-17d0-421a-afd9-91dde203b08f,912e584d-91d8-4ef3-84c2-47d6fc932693,negotiation,v1,sales_ops,completed,2026-03-23T20:47:58.138+00:00,2026-03-23T20:48:33.111+00:00,35.0,,"{'version': 'v1', 'n_scenarios': 12}",2026-03-23T20:47:58.225997+00:00,2026-03-23T20:48:33.20203+00:00
4290c79b-bbdf-43a5-a968-225772cd3995,5c4d041d-21b6-4856-b3de-149f889c233e,negotiation,v1,sales_ops,completed,2026-03-23T21:29:44.738+00:00,2026-03-23T21:32:18.26+00:00,154.0,,"{'version': 'v1', 'n_scenarios': 12}",2026-03-23T21:29:44.809898+00:00,2026-03-23T21:32:18.326148+00:00
11bf0d35-5701-4265-9ec2-6809678007cd,089d5146-782b-4521-b336-bb38c80eef94,negotiation,v1,sales_ops,completed,2026-03-24T10:04:58.751+00:00,2026-03-24T10:06:14.235+00:00,75.0,,"{'version': 'v1', 'n_scenarios': 12}",2026-03-24T10:04:58.830374+00:00,2026-03-24T10:06:14.358583+00:00
2203987b-16c8-47d6-a2bb-753552c20a5e,1558ec2a-0c1a-4002-a5f4-effd86a11352,triage,v1,sales_ops,completed,2026-03-24T16:52:15.715+00:00,2026-03-24T16:52:27.588+00:00,12.0,,"{'n_items': 8, 'role_variant': 'sales_ops'}",2026-03-24T16:52:15.969579+00:00,2026-03-24T16:52:27.678464+00:00
e1623516-cc3b-4d81-9e38-dd07cbd2a7c1,1558ec2a-0c1a-4002-a5f4-effd86a11352,gonogo,v1,sales_ops,completed,2026-03-24T16:52:39.827+00:00,2026-03-24T16:54:09.419+00:00,90.0,,,2026-03-24T16:52:40.099522+00:00,2026-03-24T16:54:09.491076+00:00
08dff12f-b240-44f9-8bcb-d041ffbd7537,b6b4d416-9272-4689-aa21-5e7b44146d5f,triage,v1,sales_ops,completed,2026-03-24T20:57:42.423+00:00,2026-03-24T20:58:56.9+00:00,74.0,,"{'n_items': 8, 'role_variant': 'sales_ops'}",2026-03-24T20:57:42.521723+00:00,2026-03-24T20:58:56.972079+00:00
7272671d-6113-4d25-b001-955b4252d313,35bb3a87-abf2-4745-bf66-21ef7ce9ffb3,negotiation,v1,sales_ops,completed,2026-03-23T15:47:19.09+00:00,2026-03-23T15:47:25.982+00:00,7.0,,"{'version': 'v1', 'n_scenarios': 12}",2026-03-23T15:47:19.175972+00:00,2026-03-23T15:47:26.041702+00:00
e9d43f26-f553-4a13-89a7-424dab8c5492,3342333d-31f4-4e78-a59a-9ac7cc3dc7a5,gonogo,v1,sales_ops,completed,2026-03-23T20:18:38.414+00:00,2026-03-23T20:19:56.462+00:00,78.0,,,2026-03-23T20:18:38.505329+00:00,2026-03-23T20:19:56.590095+00:00
4101b376-45ec-4cbc-b6aa-167f3be111b4,d1ca8766-534e-4349-ba25-1d104dc96a77,triage,v1,developer,completed,2026-03-23T20:19:56.459+00:00,2026-03-23T20:22:01.974+00:00,126.0,,"{'n_items': 8, 'role_variant': 'developer'}",2026-03-23T20:19:56.606616+00:00,2026-03-23T20:22:02.068808+00:00
f102ace4-7508-4c22-bebb-1a7bbe57511b,d1ca8766-534e-4349-ba25-1d104dc96a77,negotiation,v1,sales_ops,completed,2026-03-23T20:23:55.34+00:00,2026-03-23T20:28:39.719+00:00,284.0,,"{'version': 'v1', 'n_scenarios': 12}",2026-03-23T20:23:55.405986+00:00,2026-03-23T20:28:39.789764+00:00
bb06f4b4-41eb-4144-a74e-28538badd603,09e734e4-0617-486e-ae2e-e2b3eee8fe00,triage,v1,receptionist,completed,2026-03-23T20:29:43.287+00:00,2026-03-23T20:29:57.636+00:00,14.0,,"{'n_items': 8, 'role_variant': 'receptionist'}",2026-03-23T20:29:43.660824+00:00,2026-03-23T20:29:57.737648+00:00
cdad4437-fcae-4260-9f24-74a9d28eda90,9d7e0db2-13a4-456d-9fa8-46cfe833c9b5,gonogo,v1,sales_ops,started,2026-03-23T20:37:16.418+00:00,,,,,2026-03-23T20:37:16.636386+00:00,2026-03-23T20:37:16.636386+00:00
e308b349-bf0b-4c44-bd26-385c18de3945,9d7e0db2-13a4-456d-9fa8-46cfe833c9b5,gonogo,v1,sales_ops,completed,2026-03-23T20:37:19.165+00:00,2026-03-23T20:39:04.319+00:00,105.0,,,2026-03-23T20:37:19.299786+00:00,2026-03-23T20:39:04.384654+00:00
4e7d94a8-1d40-42d6-bea7-64cce447f454,dd936f94-7eff-4df0-a0a6-238256af1fe3,negotiation,v1,sales_ops,completed,2026-03-23T20:37:56.169+00:00,2026-03-23T20:40:37.212+00:00,161.0,,"{'version': 'v1', 'n_scenarios': 12}",2026-03-23T20:37:56.250092+00:00,2026-03-23T20:40:37.278111+00:00
3f11e1f9-d58e-4701-ba81-9925538f713f,5c4d041d-21b6-4856-b3de-149f889c233e,triage,v1,receptionist,completed,2026-03-23T21:25:50.063+00:00,2026-03-23T21:26:39.352+00:00,49.0,,"{'n_items': 8, 'role_variant': 'receptionist'}",2026-03-23T21:25:50.168753+00:00,2026-03-23T21:26:39.478131+00:00
14ff6c5b-6560-4439-bd1f-37a3f7998e83,eac37fab-9157-4ddc-aa05-e258f9e7bb6b,triage,v1,sales_ops,completed,2026-03-23T21:39:00.394+00:00,2026-03-23T21:39:34.966+00:00,35.0,,"{'n_items': 8, 'role_variant': 'sales_ops'}",2026-03-23T21:39:00.427792+00:00,2026-03-23T21:39:35.033291+00:00
412ac61e-173a-44c7-8bf8-f333dd7f241d,eac37fab-9157-4ddc-aa05-e258f9e7bb6b,negotiation,v1,sales_ops,completed,2026-03-23T21:41:04.16+00:00,2026-03-23T21:41:15.35+00:00,11.0,,"{'version': 'v1', 'n_scenarios': 12}",2026-03-23T21:41:04.121947+00:00,2026-03-23T21:41:15.433088+00:00
fe218085-13c3-49bf-9359-3bb9dbcedf72,59e1ffcf-3250-4a31-9d16-a43357116100,triage,v1,sales_ops,completed,2026-03-24T10:54:10.502+00:00,2026-03-24T10:54:51.707+00:00,41.0,,"{'n_items': 8, 'role_variant': 'sales_ops'}",2026-03-24T10:54:10.717221+00:00,2026-03-24T10:54:51.79124+00:00
60bff96b-48a5-49ae-a6b3-2e371c9f8216,59e1ffcf-3250-4a31-9d16-a43357116100,gonogo,v1,sales_ops,completed,2026-03-24T10:54:56.901+00:00,2026-03-24T10:56:12.55+00:00,76.0,,,2026-03-24T10:54:57.063624+00:00,2026-03-24T10:56:12.638109+00:00
8751305b-022c-4e22-bdd1-87beb7885145,1558ec2a-0c1a-4002-a5f4-effd86a11352,negotiation,v1,sales_ops,completed,2026-03-24T16:54:14.147+00:00,2026-03-24T16:54:24.115+00:00,10.0,,"{'version': 'v1', 'n_scenarios': 12}",2026-03-24T16:54:14.40514+00:00,2026-03-24T16:54:24.175645+00:00
0c9fda52-b41a-45ed-a06e-5858d217927d,aca2d12a-82ca-42fa-aabe-6d0fd097c383,triage,v1,developer,completed,2026-03-24T20:58:05.278+00:00,2026-03-24T20:58:44.249+00:00,39.0,,"{'n_items': 8, 'role_variant': 'developer'}",2026-03-24T20:58:05.501162+00:00,2026-03-24T20:58:44.331689+00:00
fadcbde9-b6bd-46b5-998a-e2972ee6796d,34f9c987-bf19-46dc-bb62-41c5f7f98f9b,negotiation,v1,sales_ops,completed,2026-03-23T20:16:09.438+00:00,2026-03-23T20:16:26.597+00:00,17.0,,"{'version': 'v1', 'n_scenarios': 12}",2026-03-23T20:16:09.544311+00:00,2026-03-23T20:16:26.670076+00:00
5fb53920-2221-4e48-96a9-d252cee705ef,35bb3a87-abf2-4745-bf66-21ef7ce9ffb3,negotiation,v1,sales_ops,completed,2026-03-23T15:47:35.888+00:00,2026-03-23T15:47:42.814+00:00,7.0,,"{'version': 'v1', 'n_scenarios': 12}",2026-03-23T15:47:35.977621+00:00,2026-03-23T15:47:42.871688+00:00
4d8ba9ca-8608-4b0f-a975-c24ff0becc68,75105e89-fd9c-4d6e-9820-72806170072f,gonogo,v1,sales_ops,completed,2026-03-23T20:17:14.182+00:00,2026-03-23T20:18:38.551+00:00,84.0,,,2026-03-23T20:17:14.692649+00:00,2026-03-23T20:18:38.6572+00:00
64789ba8-24da-4e8e-9f19-ad3379f0267f,31458e85-6856-45b8-adb8-e5d604e836f1,triage,v1,sales_ops,completed,2026-03-23T20:04:48.01+00:00,2026-03-23T20:04:58.44+00:00,10.0,,"{'n_items': 8, 'role_variant': 'sales_ops'}",2026-03-23T20:04:48.194572+00:00,2026-03-23T20:04:58.56885+00:00
dd0449d7-d12d-4c7e-9414-9f299fc2bd0c,31458e85-6856-45b8-adb8-e5d604e836f1,gonogo,v1,sales_ops,completed,2026-03-23T20:05:06.815+00:00,2026-03-23T20:06:25.264+00:00,78.0,,,2026-03-23T20:05:07.301461+00:00,2026-03-23T20:06:25.322793+00:00
b7944486-033e-47f0-87ae-d8206afd5435,4e17d83a-f27f-4fe1-970f-ba6aeeda9aad,negotiation,v1,sales_ops,completed,2026-03-23T20:23:16.568+00:00,2026-03-23T20:23:23.311+00:00,7.0,,"{'version': 'v1', 'n_scenarios': 12}",2026-03-23T20:23:16.661097+00:00,2026-03-23T20:23:23.356398+00:00
5a74c1f8-300f-48f6-bdd8-30ef034d36ae,31458e85-6856-45b8-adb8-e5d604e836f1,negotiation,v1,sales_ops,completed,2026-03-23T20:06:31.912+00:00,2026-03-23T20:06:42.145+00:00,10.0,,"{'version': 'v1', 'n_scenarios': 12}",2026-03-23T20:06:32.007996+00:00,2026-03-23T20:06:42.218845+00:00
070afd1b-ee7c-4340-89a9-d38f2151d8fc,fcc4e58f-a519-4ca8-97d0-fb939202cdab,triage,v1,receptionist,completed,2026-03-23T20:11:01.492+00:00,2026-03-23T20:11:51.254+00:00,50.0,,"{'n_items': 8, 'role_variant': 'receptionist'}",2026-03-23T20:11:01.600317+00:00,2026-03-23T20:11:51.334094+00:00
f98c1ca2-9b05-4cb7-b191-33588ec934f9,dd936f94-7eff-4df0-a0a6-238256af1fe3,triage,v1,sales_ops,completed,2026-03-23T20:35:15.817+00:00,2026-03-23T20:36:23.722+00:00,68.0,,"{'n_items': 8, 'role_variant': 'sales_ops'}",2026-03-23T20:35:15.918214+00:00,2026-03-23T20:36:23.824221+00:00
f76f38a2-c625-48bd-a9e7-3e168c9a2e98,fcc4e58f-a519-4ca8-97d0-fb939202cdab,gonogo,v1,sales_ops,completed,2026-03-23T20:12:02.869+00:00,2026-03-23T20:13:24.666+00:00,82.0,,,2026-03-23T20:12:02.956507+00:00,2026-03-23T20:13:24.754843+00:00
d3e8cea4-4396-4d18-8849-42689ccd3ea9,fcc4e58f-a519-4ca8-97d0-fb939202cdab,negotiation,v1,sales_ops,completed,2026-03-23T20:13:31.906+00:00,2026-03-23T20:14:02.707+00:00,31.0,,"{'version': 'v1', 'n_scenarios': 12}",2026-03-23T20:13:31.984683+00:00,2026-03-23T20:14:02.786915+00:00
81207f3c-ed11-477c-b66f-abbe86cea48b,165188db-e2a0-4f73-bad3-6af79c664afc,triage,v1,sales_ops,completed,2026-03-23T20:37:17.181+00:00,2026-03-23T20:37:24.858+00:00,8.0,,"{'n_items': 8, 'role_variant': 'sales_ops'}",2026-03-23T20:37:17.3099+00:00,2026-03-23T20:37:24.940231+00:00
71f433c5-aa57-44d2-9ac1-fdfb8c30b6d6,34f9c987-bf19-46dc-bb62-41c5f7f98f9b,triage,v1,sales_ops,completed,2026-03-23T20:14:28.573+00:00,2026-03-23T20:14:37.868+00:00,9.0,,"{'n_items': 8, 'role_variant': 'sales_ops'}",2026-03-23T20:14:28.75291+00:00,2026-03-23T20:14:37.98477+00:00
e1dc5702-9979-4c58-b8e7-9f4ed23bcc07,34f9c987-bf19-46dc-bb62-41c5f7f98f9b,gonogo,v1,sales_ops,completed,2026-03-23T20:14:44.761+00:00,2026-03-23T20:16:03.601+00:00,79.0,,,2026-03-23T20:14:44.86894+00:00,2026-03-23T20:16:03.706592+00:00
8ec7f095-5931-4534-a9d5-223eedc8d0b8,165188db-e2a0-4f73-bad3-6af79c664afc,negotiation,v1,sales_ops,completed,2026-03-23T20:39:05.953+00:00,2026-03-23T20:39:12.398+00:00,6.0,,"{'version': 'v1', 'n_scenarios': 12}",2026-03-23T20:39:06.044909+00:00,2026-03-23T20:39:12.478925+00:00
717049c8-e6b0-446d-b465-fa178caf1c1d,5c4d041d-21b6-4856-b3de-149f889c233e,gonogo,v1,sales_ops,started,2026-03-23T21:26:46.491+00:00,,,,,2026-03-23T21:26:46.57774+00:00,2026-03-23T21:26:46.57774+00:00
4f5744b7-08c6-4628-b2cf-f4a2b55a0b74,eac37fab-9157-4ddc-aa05-e258f9e7bb6b,gonogo,v1,sales_ops,completed,2026-03-23T21:39:41.039+00:00,2026-03-23T21:40:58.741+00:00,78.0,,,2026-03-23T21:39:41.014344+00:00,2026-03-23T21:40:58.807373+00:00
b1346406-ebb2-45bb-bf2e-424a97863431,59e1ffcf-3250-4a31-9d16-a43357116100,negotiation,v1,sales_ops,completed,2026-03-24T10:56:21.382+00:00,2026-03-24T10:57:23.77+00:00,62.0,,"{'version': 'v1', 'n_scenarios': 12}",2026-03-24T10:56:21.556522+00:00,2026-03-24T10:57:23.868249+00:00
c5156b8c-4321-4aa3-bdec-fe0965075e80,1c0127ff-90b9-4e08-b919-b6dfe8fda61c,triage,v1,sales_ops,completed,2026-03-24T17:01:07.445+00:00,2026-03-24T17:01:19.024+00:00,12.0,,"{'n_items': 8, 'role_variant': 'sales_ops'}",2026-03-24T17:01:07.924903+00:00,2026-03-24T17:01:19.106569+00:00
92322961-215b-437d-ba3d-3edd041efd71,1c0127ff-90b9-4e08-b919-b6dfe8fda61c,gonogo,v1,sales_ops,completed,2026-03-24T17:01:29.472+00:00,2026-03-24T17:02:51.218+00:00,82.0,,,2026-03-24T17:01:29.727174+00:00,2026-03-24T17:02:51.429833+00:00
f720ba36-b823-430e-8bb9-2c0832b2c637,aca2d12a-82ca-42fa-aabe-6d0fd097c383,gonogo,v1,sales_ops,completed,2026-03-24T20:58:50.068+00:00,2026-03-24T21:00:08.715+00:00,79.0,,,2026-03-24T20:58:50.175034+00:00,2026-03-24T21:00:08.808629+00:00
0d5d0a14-1312-4a57-88c9-f117b71b8e95,b6b4d416-9272-4689-aa21-5e7b44146d5f,negotiation,v1,sales_ops,completed,2026-03-24T21:00:31.002+00:00,2026-03-24T21:02:51.455+00:00,140.0,,"{'version': 'v1', 'n_scenarios': 12}",2026-03-24T21:00:31.052609+00:00,2026-03-24T21:02:51.52001+00:00
