id,session_id,profile_id,ts,event_type,event_name,payload
292,27007c16-9a5c-4906-acf7-af9a317036cf,3eafff1d-e7a2-4e47-9a9d-e99388ee041b,2026-03-12T12:55:20.153+00:00,triage,run_start,"{'n_items': 8, 'role_context': 'sales_ops'}"
293,27007c16-9a5c-4906-acf7-af9a317036cf,3eafff1d-e7a2-4e47-9a9d-e99388ee041b,2026-03-12T12:55:20.391+00:00,triage,stimulus_shown,"{'turn': 1, 'item_id': 's3', 'is_critical': False}"
294,27007c16-9a5c-4906-acf7-af9a317036cf,3eafff1d-e7a2-4e47-9a9d-e99388ee041b,2026-03-12T12:55:36.812+00:00,triage,user_action,"{'turn': 1, 'rt_ms': 16421, 'correct': False, 'item_id': 's3', 'option_id': 'urgent'}"
295,27007c16-9a5c-4906-acf7-af9a317036cf,3eafff1d-e7a2-4e47-9a9d-e99388ee041b,2026-03-12T12:55:36.991+00:00,triage,feedback_shown,"{'turn': 1, 'outcome': 'loss', 'score_delta': 0}"
296,27007c16-9a5c-4906-acf7-af9a317036cf,3eafff1d-e7a2-4e47-9a9d-e99388ee041b,2026-03-12T12:55:37.112+00:00,triage,stimulus_shown,"{'turn': 2, 'item_id': 's1', 'is_critical': True}"
297,27007c16-9a5c-4906-acf7-af9a317036cf,3eafff1d-e7a2-4e47-9a9d-e99388ee041b,2026-03-12T12:55:41.331+00:00,triage,user_action,"{'turn': 2, 'rt_ms': 4219, 'correct': True, 'item_id': 's1', 'option_id': 'urgent'}"
298,27007c16-9a5c-4906-acf7-af9a317036cf,3eafff1d-e7a2-4e47-9a9d-e99388ee041b,2026-03-12T12:55:41.546+00:00,triage,feedback_shown,"{'turn': 2, 'outcome': 'win', 'score_delta': 1}"
299,27007c16-9a5c-4906-acf7-af9a317036cf,3eafff1d-e7a2-4e47-9a9d-e99388ee041b,2026-03-12T12:55:41.671+00:00,triage,stimulus_shown,"{'turn': 3, 'item_id': 's5', 'is_critical': False}"
300,27007c16-9a5c-4906-acf7-af9a317036cf,3eafff1d-e7a2-4e47-9a9d-e99388ee041b,2026-03-12T12:55:46.653+00:00,triage,user_action,"{'turn': 3, 'rt_ms': 4982, 'correct': True, 'item_id': 's5', 'option_id': 'today'}"
301,27007c16-9a5c-4906-acf7-af9a317036cf,3eafff1d-e7a2-4e47-9a9d-e99388ee041b,2026-03-12T12:55:46.805+00:00,triage,feedback_shown,"{'turn': 3, 'outcome': 'win', 'score_delta': 1}"
302,27007c16-9a5c-4906-acf7-af9a317036cf,3eafff1d-e7a2-4e47-9a9d-e99388ee041b,2026-03-12T12:55:46.924+00:00,triage,stimulus_shown,"{'turn': 4, 'item_id': 's4', 'is_critical': True}"
303,27007c16-9a5c-4906-acf7-af9a317036cf,3eafff1d-e7a2-4e47-9a9d-e99388ee041b,2026-03-12T12:55:51.306+00:00,triage,user_action,"{'turn': 4, 'rt_ms': 4382, 'correct': True, 'item_id': 's4', 'option_id': 'urgent'}"
304,27007c16-9a5c-4906-acf7-af9a317036cf,3eafff1d-e7a2-4e47-9a9d-e99388ee041b,2026-03-12T12:55:51.469+00:00,triage,feedback_shown,"{'turn': 4, 'outcome': 'win', 'score_delta': 1}"
305,27007c16-9a5c-4906-acf7-af9a317036cf,3eafff1d-e7a2-4e47-9a9d-e99388ee041b,2026-03-12T12:55:51.591+00:00,triage,stimulus_shown,"{'turn': 5, 'item_id': 's8', 'is_critical': False}"
306,27007c16-9a5c-4906-acf7-af9a317036cf,3eafff1d-e7a2-4e47-9a9d-e99388ee041b,2026-03-12T12:55:56.631+00:00,triage,user_action,"{'turn': 5, 'rt_ms': 5040, 'correct': True, 'item_id': 's8', 'option_id': 'today'}"
307,27007c16-9a5c-4906-acf7-af9a317036cf,3eafff1d-e7a2-4e47-9a9d-e99388ee041b,2026-03-12T12:55:56.795+00:00,triage,feedback_shown,"{'turn': 5, 'outcome': 'win', 'score_delta': 1}"
308,27007c16-9a5c-4906-acf7-af9a317036cf,3eafff1d-e7a2-4e47-9a9d-e99388ee041b,2026-03-12T12:55:56.911+00:00,triage,stimulus_shown,"{'turn': 6, 'item_id': 's2', 'is_critical': False}"
309,27007c16-9a5c-4906-acf7-af9a317036cf,3eafff1d-e7a2-4e47-9a9d-e99388ee041b,2026-03-12T12:56:03.379+00:00,triage,user_action,"{'turn': 6, 'rt_ms': 6467, 'correct': True, 'item_id': 's2', 'option_id': 'today'}"
310,27007c16-9a5c-4906-acf7-af9a317036cf,3eafff1d-e7a2-4e47-9a9d-e99388ee041b,2026-03-12T12:56:03.514+00:00,triage,feedback_shown,"{'turn': 6, 'outcome': 'win', 'score_delta': 1}"
311,27007c16-9a5c-4906-acf7-af9a317036cf,3eafff1d-e7a2-4e47-9a9d-e99388ee041b,2026-03-12T12:56:03.634+00:00,triage,stimulus_shown,"{'turn': 7, 'item_id': 's7', 'is_critical': True}"
312,27007c16-9a5c-4906-acf7-af9a317036cf,3eafff1d-e7a2-4e47-9a9d-e99388ee041b,2026-03-12T12:56:06.345+00:00,triage,user_action,"{'turn': 7, 'rt_ms': 2711, 'correct': True, 'item_id': 's7', 'option_id': 'urgent'}"
313,27007c16-9a5c-4906-acf7-af9a317036cf,3eafff1d-e7a2-4e47-9a9d-e99388ee041b,2026-03-12T12:56:06.475+00:00,triage,feedback_shown,"{'turn': 7, 'outcome': 'win', 'score_delta': 1}"
314,27007c16-9a5c-4906-acf7-af9a317036cf,3eafff1d-e7a2-4e47-9a9d-e99388ee041b,2026-03-12T12:56:06.597+00:00,triage,stimulus_shown,"{'turn': 8, 'item_id': 's6', 'is_critical': False}"
315,27007c16-9a5c-4906-acf7-af9a317036cf,3eafff1d-e7a2-4e47-9a9d-e99388ee041b,2026-03-12T12:56:10.076+00:00,triage,user_action,"{'turn': 8, 'rt_ms': 3479, 'correct': False, 'item_id': 's6', 'option_id': 'today'}"
316,27007c16-9a5c-4906-acf7-af9a317036cf,3eafff1d-e7a2-4e47-9a9d-e99388ee041b,2026-03-12T12:56:10.224+00:00,triage,feedback_shown,"{'turn': 8, 'outcome': 'loss', 'score_delta': 0}"
317,27007c16-9a5c-4906-acf7-af9a317036cf,3eafff1d-e7a2-4e47-9a9d-e99388ee041b,2026-03-12T12:56:10.338+00:00,triage,run_end,"{'status': 'completed', 'role_context': 'sales_ops', 'score_total_client': 6, 'critical_miss_client': 0}"
318,e2e4be2b-2cca-43d6-b4fb-29c88b693984,3eafff1d-e7a2-4e47-9a9d-e99388ee041b,2026-03-12T12:56:35.742+00:00,gonogo,run_start,{'n_trials': 60}
319,e2e4be2b-2cca-43d6-b4fb-29c88b693984,3eafff1d-e7a2-4e47-9a9d-e99388ee041b,2026-03-12T12:56:36.415+00:00,gonogo,user_action,"{'rt_ms': None, 'trial': 1, 'correct': False, 'responded': False, 'stimulus_type': 'go'}"
320,e2e4be2b-2cca-43d6-b4fb-29c88b693984,3eafff1d-e7a2-4e47-9a9d-e99388ee041b,2026-03-12T12:56:37.621+00:00,gonogo,user_action,"{'rt_ms': None, 'trial': 2, 'correct': False, 'responded': False, 'stimulus_type': 'go'}"
321,e2e4be2b-2cca-43d6-b4fb-29c88b693984,3eafff1d-e7a2-4e47-9a9d-e99388ee041b,2026-03-12T12:56:39.141+00:00,gonogo,user_action,"{'rt_ms': None, 'trial': 3, 'correct': False, 'responded': False, 'stimulus_type': 'go'}"
322,e2e4be2b-2cca-43d6-b4fb-29c88b693984,3eafff1d-e7a2-4e47-9a9d-e99388ee041b,2026-03-12T12:56:40.374+00:00,gonogo,user_action,"{'rt_ms': None, 'trial': 4, 'correct': False, 'responded': False, 'stimulus_type': 'go'}"
323,e2e4be2b-2cca-43d6-b4fb-29c88b693984,3eafff1d-e7a2-4e47-9a9d-e99388ee041b,2026-03-12T12:56:41.672+00:00,gonogo,user_action,"{'rt_ms': None, 'trial': 5, 'correct': False, 'responded': False, 'stimulus_type': 'go'}"
324,e2e4be2b-2cca-43d6-b4fb-29c88b693984,3eafff1d-e7a2-4e47-9a9d-e99388ee041b,2026-03-12T12:56:42.941+00:00,gonogo,user_action,"{'rt_ms': None, 'trial': 6, 'correct': False, 'responded': False, 'stimulus_type': 'go'}"
325,e2e4be2b-2cca-43d6-b4fb-29c88b693984,3eafff1d-e7a2-4e47-9a9d-e99388ee041b,2026-03-12T12:56:44.227+00:00,gonogo,user_action,"{'rt_ms': None, 'trial': 7, 'correct': True, 'responded': False, 'stimulus_type': 'nogo'}"
326,e2e4be2b-2cca-43d6-b4fb-29c88b693984,3eafff1d-e7a2-4e47-9a9d-e99388ee041b,2026-03-12T12:56:45.693+00:00,gonogo,user_action,"{'rt_ms': 223, 'trial': 8, 'correct': True, 'responded': True, 'stimulus_type': 'go'}"
327,e2e4be2b-2cca-43d6-b4fb-29c88b693984,3eafff1d-e7a2-4e47-9a9d-e99388ee041b,2026-03-12T12:56:46.952+00:00,gonogo,user_action,"{'rt_ms': None, 'trial': 9, 'correct': True, 'responded': False, 'stimulus_type': 'nogo'}"
328,e2e4be2b-2cca-43d6-b4fb-29c88b693984,3eafff1d-e7a2-4e47-9a9d-e99388ee041b,2026-03-12T12:56:48.257+00:00,gonogo,user_action,"{'rt_ms': None, 'trial': 10, 'correct': False, 'responded': False, 'stimulus_type': 'go'}"
329,e2e4be2b-2cca-43d6-b4fb-29c88b693984,3eafff1d-e7a2-4e47-9a9d-e99388ee041b,2026-03-12T12:56:49.463+00:00,gonogo,user_action,"{'rt_ms': None, 'trial': 11, 'correct': False, 'responded': False, 'stimulus_type': 'go'}"
330,e2e4be2b-2cca-43d6-b4fb-29c88b693984,3eafff1d-e7a2-4e47-9a9d-e99388ee041b,2026-03-12T12:56:51.052+00:00,gonogo,user_action,"{'rt_ms': None, 'trial': 12, 'correct': False, 'responded': False, 'stimulus_type': 'go'}"
331,e2e4be2b-2cca-43d6-b4fb-29c88b693984,3eafff1d-e7a2-4e47-9a9d-e99388ee041b,2026-03-12T12:56:52.487+00:00,gonogo,user_action,"{'rt_ms': None, 'trial': 13, 'correct': True, 'responded': False, 'stimulus_type': 'nogo'}"
332,e2e4be2b-2cca-43d6-b4fb-29c88b693984,3eafff1d-e7a2-4e47-9a9d-e99388ee041b,2026-03-12T12:56:54.085+00:00,gonogo,user_action,"{'rt_ms': None, 'trial': 14, 'correct': False, 'responded': False, 'stimulus_type': 'go'}"
333,e2e4be2b-2cca-43d6-b4fb-29c88b693984,3eafff1d-e7a2-4e47-9a9d-e99388ee041b,2026-03-12T12:56:55.682+00:00,gonogo,user_action,"{'rt_ms': None, 'trial': 15, 'correct': False, 'responded': False, 'stimulus_type': 'go'}"
334,e2e4be2b-2cca-43d6-b4fb-29c88b693984,3eafff1d-e7a2-4e47-9a9d-e99388ee041b,2026-03-12T12:56:57.229+00:00,gonogo,user_action,"{'rt_ms': None, 'trial': 16, 'correct': True, 'responded': False, 'stimulus_type': 'nogo'}"
335,e2e4be2b-2cca-43d6-b4fb-29c88b693984,3eafff1d-e7a2-4e47-9a9d-e99388ee041b,2026-03-12T12:56:58.728+00:00,gonogo,user_action,"{'rt_ms': None, 'trial': 17, 'correct': True, 'responded': False, 'stimulus_type': 'nogo'}"
336,e2e4be2b-2cca-43d6-b4fb-29c88b693984,3eafff1d-e7a2-4e47-9a9d-e99388ee041b,2026-03-12T12:56:59.856+00:00,gonogo,user_action,"{'rt_ms': None, 'trial': 18, 'correct': False, 'responded': False, 'stimulus_type': 'go'}"
343,e2e4be2b-2cca-43d6-b4fb-29c88b693984,3eafff1d-e7a2-4e47-9a9d-e99388ee041b,2026-03-12T12:57:09.193+00:00,gonogo,user_action,"{'rt_ms': None, 'trial': 25, 'correct': False, 'responded': False, 'stimulus_type': 'go'}"
350,e2e4be2b-2cca-43d6-b4fb-29c88b693984,3eafff1d-e7a2-4e47-9a9d-e99388ee041b,2026-03-12T12:57:18.098+00:00,gonogo,user_action,"{'rt_ms': 76, 'trial': 32, 'correct': True, 'responded': True, 'stimulus_type': 'go'}"
357,e2e4be2b-2cca-43d6-b4fb-29c88b693984,3eafff1d-e7a2-4e47-9a9d-e99388ee041b,2026-03-12T12:57:27.215+00:00,gonogo,user_action,"{'rt_ms': 149, 'trial': 39, 'correct': True, 'responded': True, 'stimulus_type': 'go'}"
364,e2e4be2b-2cca-43d6-b4fb-29c88b693984,3eafff1d-e7a2-4e47-9a9d-e99388ee041b,2026-03-12T12:57:36.775+00:00,gonogo,user_action,"{'rt_ms': None, 'trial': 46, 'correct': True, 'responded': False, 'stimulus_type': 'nogo'}"
370,e2e4be2b-2cca-43d6-b4fb-29c88b693984,3eafff1d-e7a2-4e47-9a9d-e99388ee041b,2026-03-12T12:57:44.934+00:00,gonogo,user_action,"{'rt_ms': None, 'trial': 52, 'correct': False, 'responded': False, 'stimulus_type': 'go'}"
377,e2e4be2b-2cca-43d6-b4fb-29c88b693984,3eafff1d-e7a2-4e47-9a9d-e99388ee041b,2026-03-12T12:57:54.15+00:00,gonogo,user_action,"{'rt_ms': None, 'trial': 59, 'correct': False, 'responded': False, 'stimulus_type': 'go'}"
1569,0f5d4c37-b9dd-4411-8ff7-809f109fc1a2,8812d715-2437-452f-9f08-89a9b7de6222,2026-03-13T14:53:09.393+00:00,gonogo,user_action,"{'rt_ms': 28, 'trial': 32, 'correct': True, 'responded': True, 'stimulus_type': 'go'}"
1574,9d56b63c-7937-44b3-add1-8663ee251916,09612f6d-c842-45f6-bac5-f6f5c117131c,2026-03-13T14:53:14.118+00:00,triage,feedback_shown,"{'turn': 8, 'outcome': 'loss', 'score_delta': 0}"
1584,1b187654-a7b5-41b9-977e-86e9d76b4206,09612f6d-c842-45f6-bac5-f6f5c117131c,2026-03-13T14:53:22.994+00:00,gonogo,run_start,{'n_trials': 60}
1589,0f5d4c37-b9dd-4411-8ff7-809f109fc1a2,8812d715-2437-452f-9f08-89a9b7de6222,2026-03-13T14:53:25.629+00:00,gonogo,user_action,"{'rt_ms': 214, 'trial': 46, 'correct': True, 'responded': True, 'stimulus_type': 'go'}"
1594,1b187654-a7b5-41b9-977e-86e9d76b4206,09612f6d-c842-45f6-bac5-f6f5c117131c,2026-03-13T14:53:28.63+00:00,gonogo,user_action,"{'rt_ms': None, 'trial': 5, 'correct': False, 'responded': False, 'stimulus_type': 'go'}"
1599,1b187654-a7b5-41b9-977e-86e9d76b4206,09612f6d-c842-45f6-bac5-f6f5c117131c,2026-03-13T14:53:31.265+00:00,gonogo,user_action,"{'rt_ms': None, 'trial': 7, 'correct': False, 'responded': False, 'stimulus_type': 'go'}"
1604,1b187654-a7b5-41b9-977e-86e9d76b4206,09612f6d-c842-45f6-bac5-f6f5c117131c,2026-03-13T14:53:34.887+00:00,gonogo,user_action,"{'rt_ms': None, 'trial': 10, 'correct': True, 'responded': False, 'stimulus_type': 'nogo'}"
1609,0f5d4c37-b9dd-4411-8ff7-809f109fc1a2,8812d715-2437-452f-9f08-89a9b7de6222,2026-03-13T14:53:37.931+00:00,gonogo,user_action,"{'rt_ms': 145, 'trial': 56, 'correct': True, 'responded': True, 'stimulus_type': 'go'}"
1614,1b187654-a7b5-41b9-977e-86e9d76b4206,09612f6d-c842-45f6-bac5-f6f5c117131c,2026-03-13T14:53:41.199+00:00,gonogo,user_action,"{'rt_ms': None, 'trial': 15, 'correct': False, 'responded': False, 'stimulus_type': 'go'}"
1619,1b187654-a7b5-41b9-977e-86e9d76b4206,09612f6d-c842-45f6-bac5-f6f5c117131c,2026-03-13T14:53:44.058+00:00,gonogo,user_action,"{'rt_ms': None, 'trial': 17, 'correct': True, 'responded': False, 'stimulus_type': 'nogo'}"
1622,82f050b5-52e5-49df-9fa3-b96381720c15,09612f6d-c842-45f6-bac5-f6f5c117131c,2026-03-13T14:53:49.292+00:00,gonogo,run_start,{'n_trials': 60}
1626,2d601f0f-51d8-455d-a094-c45d5c3b3e23,09612f6d-c842-45f6-bac5-f6f5c117131c,2026-03-13T14:54:10.524+00:00,gonogo,run_start,{'n_trials': 60}
1631,2d601f0f-51d8-455d-a094-c45d5c3b3e23,09612f6d-c842-45f6-bac5-f6f5c117131c,2026-03-13T14:54:16.234+00:00,gonogo,user_action,"{'rt_ms': 269, 'trial': 5, 'correct': True, 'responded': True, 'stimulus_type': 'go'}"
1636,2d601f0f-51d8-455d-a094-c45d5c3b3e23,09612f6d-c842-45f6-bac5-f6f5c117131c,2026-03-13T14:54:22.818+00:00,gonogo,user_action,"{'rt_ms': 253, 'trial': 10, 'correct': True, 'responded': True, 'stimulus_type': 'go'}"
1640,2a676593-dd41-4960-81ae-535d88771569,8812d715-2437-452f-9f08-89a9b7de6222,2026-03-13T14:54:26.556+00:00,dialogue,stimulus_shown,"{'turn': 2, 'scenario_id': 'S2'}"
1645,2d601f0f-51d8-455d-a094-c45d5c3b3e23,09612f6d-c842-45f6-bac5-f6f5c117131c,2026-03-13T14:54:31.913+00:00,gonogo,user_action,"{'rt_ms': None, 'trial': 17, 'correct': False, 'responded': False, 'stimulus_type': 'go'}"
1650,2d601f0f-51d8-455d-a094-c45d5c3b3e23,09612f6d-c842-45f6-bac5-f6f5c117131c,2026-03-13T14:54:38.324+00:00,gonogo,user_action,"{'rt_ms': None, 'trial': 22, 'correct': False, 'responded': False, 'stimulus_type': 'go'}"
1655,2d601f0f-51d8-455d-a094-c45d5c3b3e23,09612f6d-c842-45f6-bac5-f6f5c117131c,2026-03-13T14:54:43.687+00:00,gonogo,user_action,"{'rt_ms': None, 'trial': 26, 'correct': False, 'responded': False, 'stimulus_type': 'go'}"
1660,2d601f0f-51d8-455d-a094-c45d5c3b3e23,09612f6d-c842-45f6-bac5-f6f5c117131c,2026-03-13T14:54:48.319+00:00,gonogo,user_action,"{'rt_ms': None, 'trial': 30, 'correct': True, 'responded': False, 'stimulus_type': 'nogo'}"
1665,2d601f0f-51d8-455d-a094-c45d5c3b3e23,09612f6d-c842-45f6-bac5-f6f5c117131c,2026-03-13T14:54:54.459+00:00,gonogo,user_action,"{'rt_ms': None, 'trial': 35, 'correct': True, 'responded': False, 'stimulus_type': 'nogo'}"
1670,2d601f0f-51d8-455d-a094-c45d5c3b3e23,09612f6d-c842-45f6-bac5-f6f5c117131c,2026-03-13T14:54:57.889+00:00,gonogo,user_action,"{'rt_ms': None, 'trial': 38, 'correct': False, 'responded': False, 'stimulus_type': 'go'}"
1675,2a676593-dd41-4960-81ae-535d88771569,8812d715-2437-452f-9f08-89a9b7de6222,2026-03-13T14:55:09.66+00:00,dialogue,user_action,"{'turn': 4, 'rt_ms': 12522, 'option_id': 'C', 'scenario_id': 'S4'}"
1680,2a676593-dd41-4960-81ae-535d88771569,8812d715-2437-452f-9f08-89a9b7de6222,2026-03-13T14:55:33.093+00:00,dialogue,stimulus_shown,"{'turn': 7, 'scenario_id': 'S7'}"
1980,bfd85838-e46e-48bd-9e80-37365ed194b3,fb5921ce-c739-48c0-9d76-abbbf4a9ccc1,2026-03-13T16:11:41.262+00:00,triage,stimulus_shown,"{'turn': 2, 'item_id': 's1', 'is_critical': True}"
1985,bfd85838-e46e-48bd-9e80-37365ed194b3,fb5921ce-c739-48c0-9d76-abbbf4a9ccc1,2026-03-13T16:11:52.906+00:00,triage,feedback_shown,"{'turn': 3, 'outcome': 'win', 'score_delta': 1}"
1990,bfd85838-e46e-48bd-9e80-37365ed194b3,fb5921ce-c739-48c0-9d76-abbbf4a9ccc1,2026-03-13T16:12:03.719+00:00,triage,user_action,"{'turn': 5, 'rt_ms': 4871, 'correct': False, 'item_id': 's3', 'option_id': 'today'}"
1995,bfd85838-e46e-48bd-9e80-37365ed194b3,fb5921ce-c739-48c0-9d76-abbbf4a9ccc1,2026-03-13T16:12:08.461+00:00,triage,stimulus_shown,"{'turn': 7, 'item_id': 's5', 'is_critical': False}"
2343,2163b146-8447-46e1-ad5f-a03ca3a4f7d3,b701c83a-8878-4490-a5c0-0bf097d5abf6,2026-03-13T23:38:57.974+00:00,gonogo,user_action,"{'rt_ms': 153, 'trial': 51, 'correct': True, 'responded': True, 'stimulus_type': 'go'}"
2346,2163b146-8447-46e1-ad5f-a03ca3a4f7d3,b701c83a-8878-4490-a5c0-0bf097d5abf6,2026-03-13T23:39:02.007+00:00,gonogo,user_action,"{'rt_ms': None, 'trial': 54, 'correct': False, 'responded': False, 'stimulus_type': 'go'}"
2349,2163b146-8447-46e1-ad5f-a03ca3a4f7d3,b701c83a-8878-4490-a5c0-0bf097d5abf6,2026-03-13T23:39:05.364+00:00,gonogo,user_action,"{'rt_ms': 56, 'trial': 57, 'correct': True, 'responded': True, 'stimulus_type': 'go'}"
2352,2163b146-8447-46e1-ad5f-a03ca3a4f7d3,b701c83a-8878-4490-a5c0-0bf097d5abf6,2026-03-13T23:39:09.728+00:00,gonogo,user_action,"{'rt_ms': None, 'trial': 60, 'correct': True, 'responded': False, 'stimulus_type': 'nogo'}"
2355,49a37eea-1c06-4130-8ef6-800f21d39a09,b701c83a-8878-4490-a5c0-0bf097d5abf6,2026-03-13T23:39:25.983+00:00,dialogue,stimulus_shown,"{'turn': 1, 'scenario_id': 'S1'}"
2769,1c593988-d313-4a4d-8ec8-c9939b7d7f92,4412d3e8-0fd6-44ac-b0fd-2d4fc55f8dcd,2026-03-16T15:34:03.309+00:00,triage,feedback_shown,"{'turn': 2, 'outcome': 'win', 'score_delta': 1}"
2773,1c593988-d313-4a4d-8ec8-c9939b7d7f92,4412d3e8-0fd6-44ac-b0fd-2d4fc55f8dcd,2026-03-16T15:34:11.085+00:00,triage,stimulus_shown,"{'turn': 4, 'item_id': 's3', 'is_critical': False}"
2969,59e04e08-4533-41ab-905f-ac8429ce823f,4412d3e8-0fd6-44ac-b0fd-2d4fc55f8dcd,2026-03-16T15:46:10.625+00:00,dialogue,user_action,"{'turn': 5, 'rt_ms': 22809, 'option_id': 'C', 'scenario_id': 'S5'}"
2974,59e04e08-4533-41ab-905f-ac8429ce823f,4412d3e8-0fd6-44ac-b0fd-2d4fc55f8dcd,2026-03-16T15:46:33.523+00:00,dialogue,stimulus_shown,"{'turn': 8, 'scenario_id': 'S8'}"
3079,8e0651c0-7093-4efb-8133-4d447b9ad18d,e5a89d72-ecd6-4cec-b55e-ceb2f1e81ef3,2026-03-16T16:24:47.519+00:00,dialogue,user_action,"{'turn': 1, 'rt_ms': 51970, 'option_id': 'C', 'scenario_id': 'S1'}"
337,e2e4be2b-2cca-43d6-b4fb-29c88b693984,3eafff1d-e7a2-4e47-9a9d-e99388ee041b,2026-03-12T12:57:01.208+00:00,gonogo,user_action,"{'rt_ms': None, 'trial': 19, 'correct': True, 'responded': False, 'stimulus_type': 'nogo'}"
344,e2e4be2b-2cca-43d6-b4fb-29c88b693984,3eafff1d-e7a2-4e47-9a9d-e99388ee041b,2026-03-12T12:57:10.727+00:00,gonogo,user_action,"{'rt_ms': None, 'trial': 26, 'correct': False, 'responded': False, 'stimulus_type': 'go'}"
351,e2e4be2b-2cca-43d6-b4fb-29c88b693984,3eafff1d-e7a2-4e47-9a9d-e99388ee041b,2026-03-12T12:57:19.62+00:00,gonogo,user_action,"{'rt_ms': None, 'trial': 33, 'correct': True, 'responded': False, 'stimulus_type': 'nogo'}"
358,e2e4be2b-2cca-43d6-b4fb-29c88b693984,3eafff1d-e7a2-4e47-9a9d-e99388ee041b,2026-03-12T12:57:28.415+00:00,gonogo,user_action,"{'rt_ms': None, 'trial': 40, 'correct': False, 'responded': False, 'stimulus_type': 'go'}"
365,e2e4be2b-2cca-43d6-b4fb-29c88b693984,3eafff1d-e7a2-4e47-9a9d-e99388ee041b,2026-03-12T12:57:38.008+00:00,gonogo,user_action,"{'rt_ms': None, 'trial': 47, 'correct': True, 'responded': False, 'stimulus_type': 'nogo'}"
371,e2e4be2b-2cca-43d6-b4fb-29c88b693984,3eafff1d-e7a2-4e47-9a9d-e99388ee041b,2026-03-12T12:57:46.173+00:00,gonogo,user_action,"{'rt_ms': None, 'trial': 53, 'correct': False, 'responded': False, 'stimulus_type': 'go'}"
378,e2e4be2b-2cca-43d6-b4fb-29c88b693984,3eafff1d-e7a2-4e47-9a9d-e99388ee041b,2026-03-12T12:57:55.716+00:00,gonogo,user_action,"{'rt_ms': None, 'trial': 60, 'correct': False, 'responded': False, 'stimulus_type': 'go'}"
1570,0f5d4c37-b9dd-4411-8ff7-809f109fc1a2,8812d715-2437-452f-9f08-89a9b7de6222,2026-03-13T14:53:10.626+00:00,gonogo,user_action,"{'rt_ms': 49, 'trial': 33, 'correct': True, 'responded': True, 'stimulus_type': 'go'}"
1575,0f5d4c37-b9dd-4411-8ff7-809f109fc1a2,8812d715-2437-452f-9f08-89a9b7de6222,2026-03-13T14:53:14.11+00:00,gonogo,user_action,"{'rt_ms': 230, 'trial': 36, 'correct': True, 'responded': True, 'stimulus_type': 'go'}"
1585,0f5d4c37-b9dd-4411-8ff7-809f109fc1a2,8812d715-2437-452f-9f08-89a9b7de6222,2026-03-13T14:53:23.233+00:00,gonogo,user_action,"{'rt_ms': None, 'trial': 44, 'correct': False, 'responded': False, 'stimulus_type': 'go'}"
1590,1b187654-a7b5-41b9-977e-86e9d76b4206,09612f6d-c842-45f6-bac5-f6f5c117131c,2026-03-13T14:53:26.161+00:00,gonogo,user_action,"{'rt_ms': None, 'trial': 3, 'correct': False, 'responded': False, 'stimulus_type': 'go'}"
1595,0f5d4c37-b9dd-4411-8ff7-809f109fc1a2,8812d715-2437-452f-9f08-89a9b7de6222,2026-03-13T14:53:29.012+00:00,gonogo,user_action,"{'rt_ms': 186, 'trial': 49, 'correct': False, 'responded': True, 'stimulus_type': 'nogo'}"
1600,1b187654-a7b5-41b9-977e-86e9d76b4206,09612f6d-c842-45f6-bac5-f6f5c117131c,2026-03-13T14:53:32.395+00:00,gonogo,user_action,"{'rt_ms': None, 'trial': 8, 'correct': False, 'responded': False, 'stimulus_type': 'go'}"
1605,0f5d4c37-b9dd-4411-8ff7-809f109fc1a2,8812d715-2437-452f-9f08-89a9b7de6222,2026-03-13T14:53:35.748+00:00,gonogo,user_action,"{'rt_ms': None, 'trial': 54, 'correct': False, 'responded': False, 'stimulus_type': 'go'}"
1610,1b187654-a7b5-41b9-977e-86e9d76b4206,09612f6d-c842-45f6-bac5-f6f5c117131c,2026-03-13T14:53:38.701+00:00,gonogo,user_action,"{'rt_ms': 95, 'trial': 13, 'correct': False, 'responded': True, 'stimulus_type': 'nogo'}"
1615,0f5d4c37-b9dd-4411-8ff7-809f109fc1a2,8812d715-2437-452f-9f08-89a9b7de6222,2026-03-13T14:53:41.915+00:00,gonogo,user_action,"{'rt_ms': 211, 'trial': 59, 'correct': True, 'responded': True, 'stimulus_type': 'go'}"
1620,1b187654-a7b5-41b9-977e-86e9d76b4206,09612f6d-c842-45f6-bac5-f6f5c117131c,2026-03-13T14:53:45.541+00:00,gonogo,user_action,"{'rt_ms': None, 'trial': 18, 'correct': False, 'responded': False, 'stimulus_type': 'go'}"
1621,1b187654-a7b5-41b9-977e-86e9d76b4206,09612f6d-c842-45f6-bac5-f6f5c117131c,2026-03-13T14:53:46.824+00:00,gonogo,user_action,"{'rt_ms': None, 'trial': 19, 'correct': True, 'responded': False, 'stimulus_type': 'nogo'}"
1627,2d601f0f-51d8-455d-a094-c45d5c3b3e23,09612f6d-c842-45f6-bac5-f6f5c117131c,2026-03-13T14:54:11.171+00:00,gonogo,user_action,"{'rt_ms': None, 'trial': 1, 'correct': False, 'responded': False, 'stimulus_type': 'go'}"
1632,2d601f0f-51d8-455d-a094-c45d5c3b3e23,09612f6d-c842-45f6-bac5-f6f5c117131c,2026-03-13T14:54:17.485+00:00,gonogo,user_action,"{'rt_ms': 245, 'trial': 6, 'correct': True, 'responded': True, 'stimulus_type': 'go'}"
1641,2d601f0f-51d8-455d-a094-c45d5c3b3e23,09612f6d-c842-45f6-bac5-f6f5c117131c,2026-03-13T14:54:26.652+00:00,gonogo,user_action,"{'rt_ms': 288, 'trial': 13, 'correct': False, 'responded': True, 'stimulus_type': 'nogo'}"
1646,2d601f0f-51d8-455d-a094-c45d5c3b3e23,09612f6d-c842-45f6-bac5-f6f5c117131c,2026-03-13T14:54:33.36+00:00,gonogo,user_action,"{'rt_ms': None, 'trial': 18, 'correct': True, 'responded': False, 'stimulus_type': 'nogo'}"
1651,2d601f0f-51d8-455d-a094-c45d5c3b3e23,09612f6d-c842-45f6-bac5-f6f5c117131c,2026-03-13T14:54:39.596+00:00,gonogo,user_action,"{'rt_ms': None, 'trial': 23, 'correct': False, 'responded': False, 'stimulus_type': 'go'}"
1656,2a676593-dd41-4960-81ae-535d88771569,8812d715-2437-452f-9f08-89a9b7de6222,2026-03-13T14:54:43.739+00:00,dialogue,stimulus_shown,"{'turn': 3, 'scenario_id': 'S3'}"
1661,2d601f0f-51d8-455d-a094-c45d5c3b3e23,09612f6d-c842-45f6-bac5-f6f5c117131c,2026-03-13T14:54:49.704+00:00,gonogo,user_action,"{'rt_ms': 271, 'trial': 31, 'correct': True, 'responded': True, 'stimulus_type': 'go'}"
1666,2d601f0f-51d8-455d-a094-c45d5c3b3e23,09612f6d-c842-45f6-bac5-f6f5c117131c,2026-03-13T14:54:55.597+00:00,gonogo,user_action,"{'rt_ms': None, 'trial': 36, 'correct': False, 'responded': False, 'stimulus_type': 'go'}"
1671,2d601f0f-51d8-455d-a094-c45d5c3b3e23,09612f6d-c842-45f6-bac5-f6f5c117131c,2026-03-13T14:54:59.048+00:00,gonogo,user_action,"{'rt_ms': None, 'trial': 39, 'correct': False, 'responded': False, 'stimulus_type': 'go'}"
1676,2a676593-dd41-4960-81ae-535d88771569,8812d715-2437-452f-9f08-89a9b7de6222,2026-03-13T14:55:09.848+00:00,dialogue,stimulus_shown,"{'turn': 5, 'scenario_id': 'S5'}"
1996,bfd85838-e46e-48bd-9e80-37365ed194b3,fb5921ce-c739-48c0-9d76-abbbf4a9ccc1,2026-03-13T16:14:26.988+00:00,triage,user_action,"{'turn': 7, 'rt_ms': 138527, 'correct': True, 'item_id': 's5', 'option_id': 'today'}"
2001,bfd85838-e46e-48bd-9e80-37365ed194b3,fb5921ce-c739-48c0-9d76-abbbf4a9ccc1,2026-03-13T16:14:31.005+00:00,triage,run_end,"{'status': 'completed', 'role_context': 'sales_ops', 'score_total_client': 3, 'critical_miss_client': 1}"
2356,49a37eea-1c06-4130-8ef6-800f21d39a09,b701c83a-8878-4490-a5c0-0bf097d5abf6,2026-03-13T23:40:06.672+00:00,dialogue,user_action,"{'turn': 1, 'rt_ms': 40689, 'option_id': 'B', 'scenario_id': 'S1'}"
2359,49a37eea-1c06-4130-8ef6-800f21d39a09,b701c83a-8878-4490-a5c0-0bf097d5abf6,2026-03-13T23:40:33.127+00:00,dialogue,stimulus_shown,"{'turn': 3, 'scenario_id': 'S3'}"
2777,1c593988-d313-4a4d-8ec8-c9939b7d7f92,4412d3e8-0fd6-44ac-b0fd-2d4fc55f8dcd,2026-03-16T15:35:10.197+00:00,triage,user_action,"{'turn': 5, 'rt_ms': 41932, 'correct': False, 'item_id': 's1', 'option_id': 'today'}"
2782,1c593988-d313-4a4d-8ec8-c9939b7d7f92,4412d3e8-0fd6-44ac-b0fd-2d4fc55f8dcd,2026-03-16T15:35:23.025+00:00,triage,stimulus_shown,"{'turn': 7, 'item_id': 's6', 'is_critical': False}"
2970,59e04e08-4533-41ab-905f-ac8429ce823f,4412d3e8-0fd6-44ac-b0fd-2d4fc55f8dcd,2026-03-16T15:46:10.763+00:00,dialogue,stimulus_shown,"{'turn': 6, 'scenario_id': 'S6'}"
3080,8e0651c0-7093-4efb-8133-4d447b9ad18d,e5a89d72-ecd6-4cec-b55e-ceb2f1e81ef3,2026-03-16T16:24:47.665+00:00,dialogue,stimulus_shown,"{'turn': 2, 'scenario_id': 'S2'}"
3084,3f0a830c-811a-41ff-9e88-92a691dc9e82,4983dc33-eb5d-46e1-92d4-2fa383334b78,2026-03-16T16:24:59.756+00:00,triage,feedback_shown,"{'turn': 1, 'outcome': 'win', 'score_delta': 1}"
3089,3f0a830c-811a-41ff-9e88-92a691dc9e82,4983dc33-eb5d-46e1-92d4-2fa383334b78,2026-03-16T16:25:11.949+00:00,triage,user_action,"{'turn': 3, 'rt_ms': 4158, 'correct': True, 'item_id': 'd7', 'option_id': 'urgent'}"
3094,3f0a830c-811a-41ff-9e88-92a691dc9e82,4983dc33-eb5d-46e1-92d4-2fa383334b78,2026-03-16T16:25:17.134+00:00,triage,stimulus_shown,"{'turn': 5, 'item_id': 'd3', 'is_critical': False}"
3099,8e0651c0-7093-4efb-8133-4d447b9ad18d,e5a89d72-ecd6-4cec-b55e-ceb2f1e81ef3,2026-03-16T16:25:27.563+00:00,dialogue,stimulus_shown,"{'turn': 3, 'scenario_id': 'S3'}"
3104,3f0a830c-811a-41ff-9e88-92a691dc9e82,4983dc33-eb5d-46e1-92d4-2fa383334b78,2026-03-16T16:25:33.43+00:00,triage,feedback_shown,"{'turn': 7, 'outcome': 'win', 'score_delta': 1}"
3119,8e0651c0-7093-4efb-8133-4d447b9ad18d,e5a89d72-ecd6-4cec-b55e-ceb2f1e81ef3,2026-03-16T16:26:06.127+00:00,dialogue,user_action,"{'turn': 6, 'rt_ms': 7789, 'option_id': 'C', 'scenario_id': 'S6'}"
3124,eed0401c-d208-46e7-bcab-df289a710b43,4983dc33-eb5d-46e1-92d4-2fa383334b78,2026-03-16T16:26:08.466+00:00,gonogo,user_action,"{'rt_ms': None, 'trial': 5, 'correct': False, 'responded': False, 'stimulus_type': 'go'}"
338,e2e4be2b-2cca-43d6-b4fb-29c88b693984,3eafff1d-e7a2-4e47-9a9d-e99388ee041b,2026-03-12T12:57:02.623+00:00,gonogo,user_action,"{'rt_ms': None, 'trial': 20, 'correct': False, 'responded': False, 'stimulus_type': 'go'}"
345,e2e4be2b-2cca-43d6-b4fb-29c88b693984,3eafff1d-e7a2-4e47-9a9d-e99388ee041b,2026-03-12T12:57:12.101+00:00,gonogo,user_action,"{'rt_ms': None, 'trial': 27, 'correct': False, 'responded': False, 'stimulus_type': 'go'}"
352,e2e4be2b-2cca-43d6-b4fb-29c88b693984,3eafff1d-e7a2-4e47-9a9d-e99388ee041b,2026-03-12T12:57:20.674+00:00,gonogo,user_action,"{'rt_ms': 83, 'trial': 34, 'correct': True, 'responded': True, 'stimulus_type': 'go'}"
359,e2e4be2b-2cca-43d6-b4fb-29c88b693984,3eafff1d-e7a2-4e47-9a9d-e99388ee041b,2026-03-12T12:57:29.67+00:00,gonogo,user_action,"{'rt_ms': None, 'trial': 41, 'correct': False, 'responded': False, 'stimulus_type': 'go'}"
366,e2e4be2b-2cca-43d6-b4fb-29c88b693984,3eafff1d-e7a2-4e47-9a9d-e99388ee041b,2026-03-12T12:57:39.467+00:00,gonogo,user_action,"{'rt_ms': None, 'trial': 48, 'correct': False, 'responded': False, 'stimulus_type': 'go'}"
372,e2e4be2b-2cca-43d6-b4fb-29c88b693984,3eafff1d-e7a2-4e47-9a9d-e99388ee041b,2026-03-12T12:57:47.474+00:00,gonogo,user_action,"{'rt_ms': None, 'trial': 54, 'correct': False, 'responded': False, 'stimulus_type': 'go'}"
379,e2e4be2b-2cca-43d6-b4fb-29c88b693984,3eafff1d-e7a2-4e47-9a9d-e99388ee041b,2026-03-12T12:57:56.652+00:00,gonogo,run_end,"{'status': 'completed', 'n_trials': 60}"
1571,0f5d4c37-b9dd-4411-8ff7-809f109fc1a2,8812d715-2437-452f-9f08-89a9b7de6222,2026-03-13T14:53:11.876+00:00,gonogo,user_action,"{'rt_ms': 202, 'trial': 34, 'correct': False, 'responded': True, 'stimulus_type': 'nogo'}"
1576,9d56b63c-7937-44b3-add1-8663ee251916,09612f6d-c842-45f6-bac5-f6f5c117131c,2026-03-13T14:53:14.212+00:00,triage,run_end,"{'status': 'completed', 'role_context': 'sales_ops', 'score_total_client': 2, 'critical_miss_client': 3}"
1579,0f5d4c37-b9dd-4411-8ff7-809f109fc1a2,8812d715-2437-452f-9f08-89a9b7de6222,2026-03-13T14:53:17.71+00:00,gonogo,user_action,"{'rt_ms': 193, 'trial': 39, 'correct': True, 'responded': True, 'stimulus_type': 'go'}"
1582,0f5d4c37-b9dd-4411-8ff7-809f109fc1a2,8812d715-2437-452f-9f08-89a9b7de6222,2026-03-13T14:53:21.061+00:00,gonogo,user_action,"{'rt_ms': 289, 'trial': 42, 'correct': True, 'responded': True, 'stimulus_type': 'go'}"
1586,1b187654-a7b5-41b9-977e-86e9d76b4206,09612f6d-c842-45f6-bac5-f6f5c117131c,2026-03-13T14:53:23.642+00:00,gonogo,user_action,"{'rt_ms': None, 'trial': 1, 'correct': False, 'responded': False, 'stimulus_type': 'go'}"
1591,0f5d4c37-b9dd-4411-8ff7-809f109fc1a2,8812d715-2437-452f-9f08-89a9b7de6222,2026-03-13T14:53:26.712+00:00,gonogo,user_action,"{'rt_ms': 60, 'trial': 47, 'correct': False, 'responded': True, 'stimulus_type': 'nogo'}"
1596,1b187654-a7b5-41b9-977e-86e9d76b4206,09612f6d-c842-45f6-bac5-f6f5c117131c,2026-03-13T14:53:29.647+00:00,gonogo,user_action,"{'rt_ms': 60, 'trial': 6, 'correct': True, 'responded': True, 'stimulus_type': 'go'}"
1601,0f5d4c37-b9dd-4411-8ff7-809f109fc1a2,8812d715-2437-452f-9f08-89a9b7de6222,2026-03-13T14:53:32.667+00:00,gonogo,user_action,"{'rt_ms': None, 'trial': 52, 'correct': True, 'responded': False, 'stimulus_type': 'nogo'}"
1606,1b187654-a7b5-41b9-977e-86e9d76b4206,09612f6d-c842-45f6-bac5-f6f5c117131c,2026-03-13T14:53:35.918+00:00,gonogo,user_action,"{'rt_ms': 40, 'trial': 11, 'correct': True, 'responded': True, 'stimulus_type': 'go'}"
1611,0f5d4c37-b9dd-4411-8ff7-809f109fc1a2,8812d715-2437-452f-9f08-89a9b7de6222,2026-03-13T14:53:39.264+00:00,gonogo,user_action,"{'rt_ms': 87, 'trial': 57, 'correct': True, 'responded': True, 'stimulus_type': 'go'}"
1616,1b187654-a7b5-41b9-977e-86e9d76b4206,09612f6d-c842-45f6-bac5-f6f5c117131c,2026-03-13T14:53:42.654+00:00,gonogo,user_action,"{'rt_ms': None, 'trial': 16, 'correct': False, 'responded': False, 'stimulus_type': 'go'}"
1624,2a676593-dd41-4960-81ae-535d88771569,8812d715-2437-452f-9f08-89a9b7de6222,2026-03-13T14:53:53.151+00:00,dialogue,run_start,{'n_scenarios': 12}
1628,2d601f0f-51d8-455d-a094-c45d5c3b3e23,09612f6d-c842-45f6-bac5-f6f5c117131c,2026-03-13T14:54:12.393+00:00,gonogo,user_action,"{'rt_ms': None, 'trial': 2, 'correct': False, 'responded': False, 'stimulus_type': 'go'}"
1633,2d601f0f-51d8-455d-a094-c45d5c3b3e23,09612f6d-c842-45f6-bac5-f6f5c117131c,2026-03-13T14:54:18.784+00:00,gonogo,user_action,"{'rt_ms': 195, 'trial': 7, 'correct': False, 'responded': True, 'stimulus_type': 'nogo'}"
1637,2d601f0f-51d8-455d-a094-c45d5c3b3e23,09612f6d-c842-45f6-bac5-f6f5c117131c,2026-03-13T14:54:24.051+00:00,gonogo,user_action,"{'rt_ms': 264, 'trial': 11, 'correct': False, 'responded': True, 'stimulus_type': 'nogo'}"
1642,2d601f0f-51d8-455d-a094-c45d5c3b3e23,09612f6d-c842-45f6-bac5-f6f5c117131c,2026-03-13T14:54:27.968+00:00,gonogo,user_action,"{'rt_ms': 270, 'trial': 14, 'correct': True, 'responded': True, 'stimulus_type': 'go'}"
1647,2d601f0f-51d8-455d-a094-c45d5c3b3e23,09612f6d-c842-45f6-bac5-f6f5c117131c,2026-03-13T14:54:34.471+00:00,gonogo,user_action,"{'rt_ms': None, 'trial': 19, 'correct': False, 'responded': False, 'stimulus_type': 'go'}"
1652,2d601f0f-51d8-455d-a094-c45d5c3b3e23,09612f6d-c842-45f6-bac5-f6f5c117131c,2026-03-13T14:54:40.939+00:00,gonogo,user_action,"{'rt_ms': None, 'trial': 24, 'correct': False, 'responded': False, 'stimulus_type': 'go'}"
1657,2d601f0f-51d8-455d-a094-c45d5c3b3e23,09612f6d-c842-45f6-bac5-f6f5c117131c,2026-03-13T14:54:44.796+00:00,gonogo,user_action,"{'rt_ms': None, 'trial': 27, 'correct': False, 'responded': False, 'stimulus_type': 'go'}"
1662,2d601f0f-51d8-455d-a094-c45d5c3b3e23,09612f6d-c842-45f6-bac5-f6f5c117131c,2026-03-13T14:54:50.787+00:00,gonogo,user_action,"{'rt_ms': 275, 'trial': 32, 'correct': True, 'responded': True, 'stimulus_type': 'go'}"
1667,2d601f0f-51d8-455d-a094-c45d5c3b3e23,09612f6d-c842-45f6-bac5-f6f5c117131c,2026-03-13T14:54:56.784+00:00,gonogo,user_action,"{'rt_ms': None, 'trial': 37, 'correct': True, 'responded': False, 'stimulus_type': 'nogo'}"
1672,2d601f0f-51d8-455d-a094-c45d5c3b3e23,09612f6d-c842-45f6-bac5-f6f5c117131c,2026-03-13T14:55:00.339+00:00,gonogo,user_action,"{'rt_ms': None, 'trial': 40, 'correct': False, 'responded': False, 'stimulus_type': 'go'}"
1677,2a676593-dd41-4960-81ae-535d88771569,8812d715-2437-452f-9f08-89a9b7de6222,2026-03-13T14:55:20.913+00:00,dialogue,user_action,"{'turn': 5, 'rt_ms': 11066, 'option_id': 'C', 'scenario_id': 'S5'}"
1682,2a676593-dd41-4960-81ae-535d88771569,8812d715-2437-452f-9f08-89a9b7de6222,2026-03-13T14:55:42.312+00:00,dialogue,stimulus_shown,"{'turn': 8, 'scenario_id': 'S8'}"
1997,bfd85838-e46e-48bd-9e80-37365ed194b3,fb5921ce-c739-48c0-9d76-abbbf4a9ccc1,2026-03-13T16:14:27.646+00:00,triage,feedback_shown,"{'turn': 7, 'outcome': 'win', 'score_delta': 1}"
2357,49a37eea-1c06-4130-8ef6-800f21d39a09,b701c83a-8878-4490-a5c0-0bf097d5abf6,2026-03-13T23:40:06.81+00:00,dialogue,stimulus_shown,"{'turn': 2, 'scenario_id': 'S2'}"
2778,1c593988-d313-4a4d-8ec8-c9939b7d7f92,4412d3e8-0fd6-44ac-b0fd-2d4fc55f8dcd,2026-03-16T15:35:10.426+00:00,triage,feedback_shown,"{'turn': 5, 'outcome': 'loss', 'score_delta': 0}"
2783,1c593988-d313-4a4d-8ec8-c9939b7d7f92,4412d3e8-0fd6-44ac-b0fd-2d4fc55f8dcd,2026-03-16T15:35:30.285+00:00,triage,user_action,"{'turn': 7, 'rt_ms': 7260, 'correct': True, 'item_id': 's6', 'option_id': 'week'}"
2971,59e04e08-4533-41ab-905f-ac8429ce823f,4412d3e8-0fd6-44ac-b0fd-2d4fc55f8dcd,2026-03-16T15:46:28.923+00:00,dialogue,user_action,"{'turn': 6, 'rt_ms': 18160, 'option_id': 'C', 'scenario_id': 'S6'}"
2976,59e04e08-4533-41ab-905f-ac8429ce823f,4412d3e8-0fd6-44ac-b0fd-2d4fc55f8dcd,2026-03-16T15:46:49.643+00:00,dialogue,stimulus_shown,"{'turn': 9, 'scenario_id': 'S9'}"
3081,3f0a830c-811a-41ff-9e88-92a691dc9e82,4983dc33-eb5d-46e1-92d4-2fa383334b78,2026-03-16T16:24:54.352+00:00,triage,run_start,"{'n_items': 8, 'role_context': 'developer'}"
3086,3f0a830c-811a-41ff-9e88-92a691dc9e82,4983dc33-eb5d-46e1-92d4-2fa383334b78,2026-03-16T16:25:07.55+00:00,triage,user_action,"{'turn': 2, 'rt_ms': 7726, 'correct': False, 'item_id': 'd2', 'option_id': 'week'}"
3091,3f0a830c-811a-41ff-9e88-92a691dc9e82,4983dc33-eb5d-46e1-92d4-2fa383334b78,2026-03-16T16:25:12.127+00:00,triage,stimulus_shown,"{'turn': 4, 'item_id': 'd4', 'is_critical': True}"
3096,3f0a830c-811a-41ff-9e88-92a691dc9e82,4983dc33-eb5d-46e1-92d4-2fa383334b78,2026-03-16T16:25:24.096+00:00,triage,feedback_shown,"{'turn': 5, 'outcome': 'loss', 'score_delta': 0}"
3101,3f0a830c-811a-41ff-9e88-92a691dc9e82,4983dc33-eb5d-46e1-92d4-2fa383334b78,2026-03-16T16:25:29.706+00:00,triage,feedback_shown,"{'turn': 6, 'outcome': 'loss', 'score_delta': 0}"
3106,3f0a830c-811a-41ff-9e88-92a691dc9e82,4983dc33-eb5d-46e1-92d4-2fa383334b78,2026-03-16T16:25:37.759+00:00,triage,user_action,"{'turn': 8, 'rt_ms': 4258, 'correct': True, 'item_id': 'd5', 'option_id': 'today'}"
339,e2e4be2b-2cca-43d6-b4fb-29c88b693984,3eafff1d-e7a2-4e47-9a9d-e99388ee041b,2026-03-12T12:57:03.91+00:00,gonogo,user_action,"{'rt_ms': None, 'trial': 21, 'correct': False, 'responded': False, 'stimulus_type': 'go'}"
346,e2e4be2b-2cca-43d6-b4fb-29c88b693984,3eafff1d-e7a2-4e47-9a9d-e99388ee041b,2026-03-12T12:57:13.302+00:00,gonogo,user_action,"{'rt_ms': 184, 'trial': 28, 'correct': True, 'responded': True, 'stimulus_type': 'go'}"
353,e2e4be2b-2cca-43d6-b4fb-29c88b693984,3eafff1d-e7a2-4e47-9a9d-e99388ee041b,2026-03-12T12:57:21.928+00:00,gonogo,user_action,"{'rt_ms': 86, 'trial': 35, 'correct': False, 'responded': True, 'stimulus_type': 'nogo'}"
360,e2e4be2b-2cca-43d6-b4fb-29c88b693984,3eafff1d-e7a2-4e47-9a9d-e99388ee041b,2026-03-12T12:57:31.146+00:00,gonogo,user_action,"{'rt_ms': None, 'trial': 42, 'correct': False, 'responded': False, 'stimulus_type': 'go'}"
367,e2e4be2b-2cca-43d6-b4fb-29c88b693984,3eafff1d-e7a2-4e47-9a9d-e99388ee041b,2026-03-12T12:57:40.669+00:00,gonogo,user_action,"{'rt_ms': None, 'trial': 49, 'correct': False, 'responded': False, 'stimulus_type': 'go'}"
373,e2e4be2b-2cca-43d6-b4fb-29c88b693984,3eafff1d-e7a2-4e47-9a9d-e99388ee041b,2026-03-12T12:57:48.641+00:00,gonogo,user_action,"{'rt_ms': None, 'trial': 55, 'correct': False, 'responded': False, 'stimulus_type': 'go'}"
1572,0f5d4c37-b9dd-4411-8ff7-809f109fc1a2,8812d715-2437-452f-9f08-89a9b7de6222,2026-03-13T14:53:12.927+00:00,gonogo,user_action,"{'rt_ms': 65, 'trial': 35, 'correct': False, 'responded': True, 'stimulus_type': 'nogo'}"
1577,0f5d4c37-b9dd-4411-8ff7-809f109fc1a2,8812d715-2437-452f-9f08-89a9b7de6222,2026-03-13T14:53:15.327+00:00,gonogo,user_action,"{'rt_ms': 65, 'trial': 37, 'correct': False, 'responded': True, 'stimulus_type': 'nogo'}"
1580,0f5d4c37-b9dd-4411-8ff7-809f109fc1a2,8812d715-2437-452f-9f08-89a9b7de6222,2026-03-13T14:53:18.761+00:00,gonogo,user_action,"{'rt_ms': 190, 'trial': 40, 'correct': True, 'responded': True, 'stimulus_type': 'go'}"
1583,0f5d4c37-b9dd-4411-8ff7-809f109fc1a2,8812d715-2437-452f-9f08-89a9b7de6222,2026-03-13T14:53:22.095+00:00,gonogo,user_action,"{'rt_ms': 172, 'trial': 43, 'correct': False, 'responded': True, 'stimulus_type': 'nogo'}"
1587,0f5d4c37-b9dd-4411-8ff7-809f109fc1a2,8812d715-2437-452f-9f08-89a9b7de6222,2026-03-13T14:53:24.561+00:00,gonogo,user_action,"{'rt_ms': 202, 'trial': 45, 'correct': True, 'responded': True, 'stimulus_type': 'go'}"
1592,1b187654-a7b5-41b9-977e-86e9d76b4206,09612f6d-c842-45f6-bac5-f6f5c117131c,2026-03-13T14:53:27.518+00:00,gonogo,user_action,"{'rt_ms': None, 'trial': 4, 'correct': True, 'responded': False, 'stimulus_type': 'nogo'}"
1597,0f5d4c37-b9dd-4411-8ff7-809f109fc1a2,8812d715-2437-452f-9f08-89a9b7de6222,2026-03-13T14:53:30.063+00:00,gonogo,user_action,"{'rt_ms': 157, 'trial': 50, 'correct': True, 'responded': True, 'stimulus_type': 'go'}"
1602,1b187654-a7b5-41b9-977e-86e9d76b4206,09612f6d-c842-45f6-bac5-f6f5c117131c,2026-03-13T14:53:33.68+00:00,gonogo,user_action,"{'rt_ms': None, 'trial': 9, 'correct': False, 'responded': False, 'stimulus_type': 'go'}"
1607,0f5d4c37-b9dd-4411-8ff7-809f109fc1a2,8812d715-2437-452f-9f08-89a9b7de6222,2026-03-13T14:53:36.848+00:00,gonogo,user_action,"{'rt_ms': 220, 'trial': 55, 'correct': True, 'responded': True, 'stimulus_type': 'go'}"
1612,1b187654-a7b5-41b9-977e-86e9d76b4206,09612f6d-c842-45f6-bac5-f6f5c117131c,2026-03-13T14:53:39.835+00:00,gonogo,user_action,"{'rt_ms': 63, 'trial': 14, 'correct': True, 'responded': True, 'stimulus_type': 'go'}"
1617,0f5d4c37-b9dd-4411-8ff7-809f109fc1a2,8812d715-2437-452f-9f08-89a9b7de6222,2026-03-13T14:53:42.881+00:00,gonogo,user_action,"{'rt_ms': 47, 'trial': 60, 'correct': True, 'responded': True, 'stimulus_type': 'go'}"
1623,82f050b5-52e5-49df-9fa3-b96381720c15,09612f6d-c842-45f6-bac5-f6f5c117131c,2026-03-13T14:53:50.246+00:00,gonogo,user_action,"{'rt_ms': None, 'trial': 1, 'correct': False, 'responded': False, 'stimulus_type': 'go'}"
1625,2a676593-dd41-4960-81ae-535d88771569,8812d715-2437-452f-9f08-89a9b7de6222,2026-03-13T14:53:53.27+00:00,dialogue,stimulus_shown,"{'turn': 1, 'scenario_id': 'S1'}"
1629,2d601f0f-51d8-455d-a094-c45d5c3b3e23,09612f6d-c842-45f6-bac5-f6f5c117131c,2026-03-13T14:54:13.867+00:00,gonogo,user_action,"{'rt_ms': 285, 'trial': 3, 'correct': True, 'responded': True, 'stimulus_type': 'go'}"
1634,2d601f0f-51d8-455d-a094-c45d5c3b3e23,09612f6d-c842-45f6-bac5-f6f5c117131c,2026-03-13T14:54:20.244+00:00,gonogo,user_action,"{'rt_ms': None, 'trial': 8, 'correct': True, 'responded': False, 'stimulus_type': 'nogo'}"
1638,2d601f0f-51d8-455d-a094-c45d5c3b3e23,09612f6d-c842-45f6-bac5-f6f5c117131c,2026-03-13T14:54:25.291+00:00,gonogo,user_action,"{'rt_ms': None, 'trial': 12, 'correct': False, 'responded': False, 'stimulus_type': 'go'}"
1643,2d601f0f-51d8-455d-a094-c45d5c3b3e23,09612f6d-c842-45f6-bac5-f6f5c117131c,2026-03-13T14:54:29.206+00:00,gonogo,user_action,"{'rt_ms': None, 'trial': 15, 'correct': True, 'responded': False, 'stimulus_type': 'nogo'}"
1648,2d601f0f-51d8-455d-a094-c45d5c3b3e23,09612f6d-c842-45f6-bac5-f6f5c117131c,2026-03-13T14:54:35.715+00:00,gonogo,user_action,"{'rt_ms': None, 'trial': 20, 'correct': False, 'responded': False, 'stimulus_type': 'go'}"
1653,2d601f0f-51d8-455d-a094-c45d5c3b3e23,09612f6d-c842-45f6-bac5-f6f5c117131c,2026-03-13T14:54:42.389+00:00,gonogo,user_action,"{'rt_ms': None, 'trial': 25, 'correct': False, 'responded': False, 'stimulus_type': 'go'}"
1658,2d601f0f-51d8-455d-a094-c45d5c3b3e23,09612f6d-c842-45f6-bac5-f6f5c117131c,2026-03-13T14:54:45.96+00:00,gonogo,user_action,"{'rt_ms': None, 'trial': 28, 'correct': False, 'responded': False, 'stimulus_type': 'go'}"
1663,2d601f0f-51d8-455d-a094-c45d5c3b3e23,09612f6d-c842-45f6-bac5-f6f5c117131c,2026-03-13T14:54:51.904+00:00,gonogo,user_action,"{'rt_ms': 302, 'trial': 33, 'correct': True, 'responded': True, 'stimulus_type': 'go'}"
1668,2a676593-dd41-4960-81ae-535d88771569,8812d715-2437-452f-9f08-89a9b7de6222,2026-03-13T14:54:56.775+00:00,dialogue,user_action,"{'turn': 3, 'rt_ms': 13037, 'option_id': 'C', 'scenario_id': 'S3'}"
1673,2d601f0f-51d8-455d-a094-c45d5c3b3e23,09612f6d-c842-45f6-bac5-f6f5c117131c,2026-03-13T14:55:01.644+00:00,gonogo,user_action,"{'rt_ms': None, 'trial': 41, 'correct': False, 'responded': False, 'stimulus_type': 'go'}"
1678,2a676593-dd41-4960-81ae-535d88771569,8812d715-2437-452f-9f08-89a9b7de6222,2026-03-13T14:55:21.115+00:00,dialogue,stimulus_shown,"{'turn': 6, 'scenario_id': 'S6'}"
1683,2a676593-dd41-4960-81ae-535d88771569,8812d715-2437-452f-9f08-89a9b7de6222,2026-03-13T14:55:50.084+00:00,dialogue,user_action,"{'turn': 8, 'rt_ms': 7773, 'option_id': 'C', 'scenario_id': 'S8'}"
1688,2a676593-dd41-4960-81ae-535d88771569,8812d715-2437-452f-9f08-89a9b7de6222,2026-03-13T14:56:13.438+00:00,dialogue,stimulus_shown,"{'turn': 11, 'scenario_id': 'S11'}"
1998,bfd85838-e46e-48bd-9e80-37365ed194b3,fb5921ce-c739-48c0-9d76-abbbf4a9ccc1,2026-03-13T16:14:27.784+00:00,triage,stimulus_shown,"{'turn': 8, 'item_id': 's8', 'is_critical': False}"
2358,49a37eea-1c06-4130-8ef6-800f21d39a09,b701c83a-8878-4490-a5c0-0bf097d5abf6,2026-03-13T23:40:32.991+00:00,dialogue,user_action,"{'turn': 2, 'rt_ms': 26182, 'option_id': 'A', 'scenario_id': 'S2'}"
2361,49a37eea-1c06-4130-8ef6-800f21d39a09,b701c83a-8878-4490-a5c0-0bf097d5abf6,2026-03-13T23:40:56.885+00:00,dialogue,stimulus_shown,"{'turn': 4, 'scenario_id': 'S4'}"
2779,1c593988-d313-4a4d-8ec8-c9939b7d7f92,4412d3e8-0fd6-44ac-b0fd-2d4fc55f8dcd,2026-03-16T15:35:10.51+00:00,triage,stimulus_shown,"{'turn': 6, 'item_id': 's2', 'is_critical': False}"
2784,1c593988-d313-4a4d-8ec8-c9939b7d7f92,4412d3e8-0fd6-44ac-b0fd-2d4fc55f8dcd,2026-03-16T15:35:30.391+00:00,triage,feedback_shown,"{'turn': 7, 'outcome': 'win', 'score_delta': 1}"
2972,59e04e08-4533-41ab-905f-ac8429ce823f,4412d3e8-0fd6-44ac-b0fd-2d4fc55f8dcd,2026-03-16T15:46:29.039+00:00,dialogue,stimulus_shown,"{'turn': 7, 'scenario_id': 'S7'}"
2977,59e04e08-4533-41ab-905f-ac8429ce823f,4412d3e8-0fd6-44ac-b0fd-2d4fc55f8dcd,2026-03-16T15:46:57.295+00:00,dialogue,user_action,"{'turn': 9, 'rt_ms': 7652, 'option_id': 'C', 'scenario_id': 'S9'}"
2982,59e04e08-4533-41ab-905f-ac8429ce823f,4412d3e8-0fd6-44ac-b0fd-2d4fc55f8dcd,2026-03-16T15:47:20.869+00:00,dialogue,stimulus_shown,"{'turn': 12, 'scenario_id': 'S12'}"
3082,3f0a830c-811a-41ff-9e88-92a691dc9e82,4983dc33-eb5d-46e1-92d4-2fa383334b78,2026-03-16T16:24:54.512+00:00,triage,stimulus_shown,"{'turn': 1, 'item_id': 'd1', 'is_critical': True}"
3087,3f0a830c-811a-41ff-9e88-92a691dc9e82,4983dc33-eb5d-46e1-92d4-2fa383334b78,2026-03-16T16:25:07.714+00:00,triage,feedback_shown,"{'turn': 2, 'outcome': 'loss', 'score_delta': 0}"
3092,3f0a830c-811a-41ff-9e88-92a691dc9e82,4983dc33-eb5d-46e1-92d4-2fa383334b78,2026-03-16T16:25:16.899+00:00,triage,user_action,"{'turn': 4, 'rt_ms': 4772, 'correct': False, 'item_id': 'd4', 'option_id': 'today'}"
340,e2e4be2b-2cca-43d6-b4fb-29c88b693984,3eafff1d-e7a2-4e47-9a9d-e99388ee041b,2026-03-12T12:57:05.167+00:00,gonogo,user_action,"{'rt_ms': None, 'trial': 22, 'correct': True, 'responded': False, 'stimulus_type': 'nogo'}"
347,e2e4be2b-2cca-43d6-b4fb-29c88b693984,3eafff1d-e7a2-4e47-9a9d-e99388ee041b,2026-03-12T12:57:14.585+00:00,gonogo,user_action,"{'rt_ms': None, 'trial': 29, 'correct': False, 'responded': False, 'stimulus_type': 'go'}"
354,e2e4be2b-2cca-43d6-b4fb-29c88b693984,3eafff1d-e7a2-4e47-9a9d-e99388ee041b,2026-03-12T12:57:23.114+00:00,gonogo,user_action,"{'rt_ms': 20, 'trial': 36, 'correct': True, 'responded': True, 'stimulus_type': 'go'}"
361,e2e4be2b-2cca-43d6-b4fb-29c88b693984,3eafff1d-e7a2-4e47-9a9d-e99388ee041b,2026-03-12T12:57:32.678+00:00,gonogo,user_action,"{'rt_ms': None, 'trial': 43, 'correct': False, 'responded': False, 'stimulus_type': 'go'}"
374,e2e4be2b-2cca-43d6-b4fb-29c88b693984,3eafff1d-e7a2-4e47-9a9d-e99388ee041b,2026-03-12T12:57:50.14+00:00,gonogo,user_action,"{'rt_ms': None, 'trial': 56, 'correct': True, 'responded': False, 'stimulus_type': 'nogo'}"
1573,9d56b63c-7937-44b3-add1-8663ee251916,09612f6d-c842-45f6-bac5-f6f5c117131c,2026-03-13T14:53:14.012+00:00,triage,user_action,"{'turn': 8, 'rt_ms': 6239, 'correct': False, 'item_id': 's8', 'option_id': 'urgent'}"
1578,0f5d4c37-b9dd-4411-8ff7-809f109fc1a2,8812d715-2437-452f-9f08-89a9b7de6222,2026-03-13T14:53:16.594+00:00,gonogo,user_action,"{'rt_ms': 175, 'trial': 38, 'correct': True, 'responded': True, 'stimulus_type': 'go'}"
1581,0f5d4c37-b9dd-4411-8ff7-809f109fc1a2,8812d715-2437-452f-9f08-89a9b7de6222,2026-03-13T14:53:19.877+00:00,gonogo,user_action,"{'rt_ms': 141, 'trial': 41, 'correct': True, 'responded': True, 'stimulus_type': 'go'}"
1588,1b187654-a7b5-41b9-977e-86e9d76b4206,09612f6d-c842-45f6-bac5-f6f5c117131c,2026-03-13T14:53:24.791+00:00,gonogo,user_action,"{'rt_ms': None, 'trial': 2, 'correct': False, 'responded': False, 'stimulus_type': 'go'}"
1593,0f5d4c37-b9dd-4411-8ff7-809f109fc1a2,8812d715-2437-452f-9f08-89a9b7de6222,2026-03-13T14:53:27.946+00:00,gonogo,user_action,"{'rt_ms': 216, 'trial': 48, 'correct': True, 'responded': True, 'stimulus_type': 'go'}"
1598,0f5d4c37-b9dd-4411-8ff7-809f109fc1a2,8812d715-2437-452f-9f08-89a9b7de6222,2026-03-13T14:53:31.129+00:00,gonogo,user_action,"{'rt_ms': 163, 'trial': 51, 'correct': True, 'responded': True, 'stimulus_type': 'go'}"
1603,0f5d4c37-b9dd-4411-8ff7-809f109fc1a2,8812d715-2437-452f-9f08-89a9b7de6222,2026-03-13T14:53:34.281+00:00,gonogo,user_action,"{'rt_ms': 237, 'trial': 53, 'correct': True, 'responded': True, 'stimulus_type': 'go'}"
1608,1b187654-a7b5-41b9-977e-86e9d76b4206,09612f6d-c842-45f6-bac5-f6f5c117131c,2026-03-13T14:53:37.526+00:00,gonogo,user_action,"{'rt_ms': None, 'trial': 12, 'correct': False, 'responded': False, 'stimulus_type': 'go'}"
1613,0f5d4c37-b9dd-4411-8ff7-809f109fc1a2,8812d715-2437-452f-9f08-89a9b7de6222,2026-03-13T14:53:40.781+00:00,gonogo,user_action,"{'rt_ms': 264, 'trial': 58, 'correct': True, 'responded': True, 'stimulus_type': 'go'}"
1618,0f5d4c37-b9dd-4411-8ff7-809f109fc1a2,8812d715-2437-452f-9f08-89a9b7de6222,2026-03-13T14:53:43.852+00:00,gonogo,run_end,"{'status': 'completed', 'n_trials': 60}"
1630,2d601f0f-51d8-455d-a094-c45d5c3b3e23,09612f6d-c842-45f6-bac5-f6f5c117131c,2026-03-13T14:54:15.117+00:00,gonogo,user_action,"{'rt_ms': 256, 'trial': 4, 'correct': True, 'responded': True, 'stimulus_type': 'go'}"
1635,2d601f0f-51d8-455d-a094-c45d5c3b3e23,09612f6d-c842-45f6-bac5-f6f5c117131c,2026-03-13T14:54:21.597+00:00,gonogo,user_action,"{'rt_ms': None, 'trial': 9, 'correct': False, 'responded': False, 'stimulus_type': 'go'}"
1639,2a676593-dd41-4960-81ae-535d88771569,8812d715-2437-452f-9f08-89a9b7de6222,2026-03-13T14:54:26.404+00:00,dialogue,user_action,"{'turn': 1, 'rt_ms': 33134, 'option_id': 'A', 'scenario_id': 'S1'}"
1644,2d601f0f-51d8-455d-a094-c45d5c3b3e23,09612f6d-c842-45f6-bac5-f6f5c117131c,2026-03-13T14:54:30.381+00:00,gonogo,user_action,"{'rt_ms': None, 'trial': 16, 'correct': False, 'responded': False, 'stimulus_type': 'go'}"
1649,2d601f0f-51d8-455d-a094-c45d5c3b3e23,09612f6d-c842-45f6-bac5-f6f5c117131c,2026-03-13T14:54:36.98+00:00,gonogo,user_action,"{'rt_ms': None, 'trial': 21, 'correct': True, 'responded': False, 'stimulus_type': 'nogo'}"
1654,2a676593-dd41-4960-81ae-535d88771569,8812d715-2437-452f-9f08-89a9b7de6222,2026-03-13T14:54:43.607+00:00,dialogue,user_action,"{'turn': 2, 'rt_ms': 17051, 'option_id': 'C', 'scenario_id': 'S2'}"
1659,2d601f0f-51d8-455d-a094-c45d5c3b3e23,09612f6d-c842-45f6-bac5-f6f5c117131c,2026-03-13T14:54:47.054+00:00,gonogo,user_action,"{'rt_ms': 283, 'trial': 29, 'correct': False, 'responded': True, 'stimulus_type': 'nogo'}"
1664,2d601f0f-51d8-455d-a094-c45d5c3b3e23,09612f6d-c842-45f6-bac5-f6f5c117131c,2026-03-13T14:54:53.155+00:00,gonogo,user_action,"{'rt_ms': None, 'trial': 34, 'correct': True, 'responded': False, 'stimulus_type': 'nogo'}"
1669,2a676593-dd41-4960-81ae-535d88771569,8812d715-2437-452f-9f08-89a9b7de6222,2026-03-13T14:54:57.139+00:00,dialogue,stimulus_shown,"{'turn': 4, 'scenario_id': 'S4'}"
1674,2d601f0f-51d8-455d-a094-c45d5c3b3e23,09612f6d-c842-45f6-bac5-f6f5c117131c,2026-03-13T14:55:03.098+00:00,gonogo,user_action,"{'rt_ms': None, 'trial': 42, 'correct': False, 'responded': False, 'stimulus_type': 'go'}"
1679,2a676593-dd41-4960-81ae-535d88771569,8812d715-2437-452f-9f08-89a9b7de6222,2026-03-13T14:55:32.946+00:00,dialogue,user_action,"{'turn': 6, 'rt_ms': 11832, 'option_id': 'C', 'scenario_id': 'S6'}"
1684,2a676593-dd41-4960-81ae-535d88771569,8812d715-2437-452f-9f08-89a9b7de6222,2026-03-13T14:55:50.297+00:00,dialogue,stimulus_shown,"{'turn': 9, 'scenario_id': 'S9'}"
1999,bfd85838-e46e-48bd-9e80-37365ed194b3,fb5921ce-c739-48c0-9d76-abbbf4a9ccc1,2026-03-13T16:14:30.648+00:00,triage,user_action,"{'turn': 8, 'rt_ms': 2865, 'correct': False, 'item_id': 's8', 'option_id': 'urgent'}"
2360,49a37eea-1c06-4130-8ef6-800f21d39a09,b701c83a-8878-4490-a5c0-0bf097d5abf6,2026-03-13T23:40:56.387+00:00,dialogue,user_action,"{'turn': 3, 'rt_ms': 23261, 'option_id': 'C', 'scenario_id': 'S3'}"
2780,1c593988-d313-4a4d-8ec8-c9939b7d7f92,4412d3e8-0fd6-44ac-b0fd-2d4fc55f8dcd,2026-03-16T15:35:22.808+00:00,triage,user_action,"{'turn': 6, 'rt_ms': 12298, 'correct': True, 'item_id': 's2', 'option_id': 'today'}"
2785,1c593988-d313-4a4d-8ec8-c9939b7d7f92,4412d3e8-0fd6-44ac-b0fd-2d4fc55f8dcd,2026-03-16T15:35:30.467+00:00,triage,stimulus_shown,"{'turn': 8, 'item_id': 's7', 'is_critical': True}"
2973,59e04e08-4533-41ab-905f-ac8429ce823f,4412d3e8-0fd6-44ac-b0fd-2d4fc55f8dcd,2026-03-16T15:46:33.417+00:00,dialogue,user_action,"{'turn': 7, 'rt_ms': 4378, 'option_id': 'C', 'scenario_id': 'S7'}"
2978,59e04e08-4533-41ab-905f-ac8429ce823f,4412d3e8-0fd6-44ac-b0fd-2d4fc55f8dcd,2026-03-16T15:46:57.418+00:00,dialogue,stimulus_shown,"{'turn': 10, 'scenario_id': 'S10'}"
3083,3f0a830c-811a-41ff-9e88-92a691dc9e82,4983dc33-eb5d-46e1-92d4-2fa383334b78,2026-03-16T16:24:59.653+00:00,triage,user_action,"{'turn': 1, 'rt_ms': 5141, 'correct': True, 'item_id': 'd1', 'option_id': 'urgent'}"
3088,3f0a830c-811a-41ff-9e88-92a691dc9e82,4983dc33-eb5d-46e1-92d4-2fa383334b78,2026-03-16T16:25:07.791+00:00,triage,stimulus_shown,"{'turn': 3, 'item_id': 'd7', 'is_critical': True}"
3093,3f0a830c-811a-41ff-9e88-92a691dc9e82,4983dc33-eb5d-46e1-92d4-2fa383334b78,2026-03-16T16:25:17.057+00:00,triage,feedback_shown,"{'turn': 4, 'outcome': 'loss', 'score_delta': 0}"
3098,8e0651c0-7093-4efb-8133-4d447b9ad18d,e5a89d72-ecd6-4cec-b55e-ceb2f1e81ef3,2026-03-16T16:25:27.445+00:00,dialogue,user_action,"{'turn': 2, 'rt_ms': 39780, 'option_id': 'C', 'scenario_id': 'S2'}"
3103,3f0a830c-811a-41ff-9e88-92a691dc9e82,4983dc33-eb5d-46e1-92d4-2fa383334b78,2026-03-16T16:25:33.309+00:00,triage,user_action,"{'turn': 7, 'rt_ms': 3516, 'correct': True, 'item_id': 'd6', 'option_id': 'week'}"
3108,3f0a830c-811a-41ff-9e88-92a691dc9e82,4983dc33-eb5d-46e1-92d4-2fa383334b78,2026-03-16T16:25:37.928+00:00,triage,run_end,"{'status': 'completed', 'role_context': 'developer', 'score_total_client': 4, 'critical_miss_client': 1}"
3114,8e0651c0-7093-4efb-8133-4d447b9ad18d,e5a89d72-ecd6-4cec-b55e-ceb2f1e81ef3,2026-03-16T16:25:58.338+00:00,dialogue,stimulus_shown,"{'turn': 6, 'scenario_id': 'S6'}"
3118,eed0401c-d208-46e7-bcab-df289a710b43,4983dc33-eb5d-46e1-92d4-2fa383334b78,2026-03-16T16:26:05.849+00:00,gonogo,user_action,"{'rt_ms': None, 'trial': 3, 'correct': False, 'responded': False, 'stimulus_type': 'go'}"
3123,8e0651c0-7093-4efb-8133-4d447b9ad18d,e5a89d72-ecd6-4cec-b55e-ceb2f1e81ef3,2026-03-16T16:26:07.147+00:00,dialogue,stimulus_shown,"{'turn': 8, 'scenario_id': 'S8'}"
3128,8e0651c0-7093-4efb-8133-4d447b9ad18d,e5a89d72-ecd6-4cec-b55e-ceb2f1e81ef3,2026-03-16T16:26:11.201+00:00,dialogue,stimulus_shown,"{'turn': 9, 'scenario_id': 'S9'}"
341,e2e4be2b-2cca-43d6-b4fb-29c88b693984,3eafff1d-e7a2-4e47-9a9d-e99388ee041b,2026-03-12T12:57:06.467+00:00,gonogo,user_action,"{'rt_ms': None, 'trial': 23, 'correct': False, 'responded': False, 'stimulus_type': 'go'}"
348,e2e4be2b-2cca-43d6-b4fb-29c88b693984,3eafff1d-e7a2-4e47-9a9d-e99388ee041b,2026-03-12T12:57:15.783+00:00,gonogo,user_action,"{'rt_ms': None, 'trial': 30, 'correct': False, 'responded': False, 'stimulus_type': 'go'}"
355,e2e4be2b-2cca-43d6-b4fb-29c88b693984,3eafff1d-e7a2-4e47-9a9d-e99388ee041b,2026-03-12T12:57:24.699+00:00,gonogo,user_action,"{'rt_ms': None, 'trial': 37, 'correct': True, 'responded': False, 'stimulus_type': 'nogo'}"
362,e2e4be2b-2cca-43d6-b4fb-29c88b693984,3eafff1d-e7a2-4e47-9a9d-e99388ee041b,2026-03-12T12:57:34.222+00:00,gonogo,user_action,"{'rt_ms': None, 'trial': 44, 'correct': False, 'responded': False, 'stimulus_type': 'go'}"
368,e2e4be2b-2cca-43d6-b4fb-29c88b693984,3eafff1d-e7a2-4e47-9a9d-e99388ee041b,2026-03-12T12:57:42.002+00:00,gonogo,user_action,"{'rt_ms': None, 'trial': 50, 'correct': False, 'responded': False, 'stimulus_type': 'go'}"
375,e2e4be2b-2cca-43d6-b4fb-29c88b693984,3eafff1d-e7a2-4e47-9a9d-e99388ee041b,2026-03-12T12:57:51.578+00:00,gonogo,user_action,"{'rt_ms': None, 'trial': 57, 'correct': False, 'responded': False, 'stimulus_type': 'go'}"
1681,2a676593-dd41-4960-81ae-535d88771569,8812d715-2437-452f-9f08-89a9b7de6222,2026-03-13T14:55:41.932+00:00,dialogue,user_action,"{'turn': 7, 'rt_ms': 8838, 'option_id': 'C', 'scenario_id': 'S7'}"
1686,2a676593-dd41-4960-81ae-535d88771569,8812d715-2437-452f-9f08-89a9b7de6222,2026-03-13T14:56:04.328+00:00,dialogue,stimulus_shown,"{'turn': 10, 'scenario_id': 'S10'}"
1691,2a676593-dd41-4960-81ae-535d88771569,8812d715-2437-452f-9f08-89a9b7de6222,2026-03-13T14:56:33.291+00:00,dialogue,user_action,"{'turn': 12, 'rt_ms': 8688, 'option_id': 'C', 'scenario_id': 'S12'}"
2000,bfd85838-e46e-48bd-9e80-37365ed194b3,fb5921ce-c739-48c0-9d76-abbbf4a9ccc1,2026-03-13T16:14:30.821+00:00,triage,feedback_shown,"{'turn': 8, 'outcome': 'loss', 'score_delta': 0}"
2362,49a37eea-1c06-4130-8ef6-800f21d39a09,b701c83a-8878-4490-a5c0-0bf097d5abf6,2026-03-13T23:41:38.485+00:00,dialogue,user_action,"{'turn': 4, 'rt_ms': 41601, 'option_id': 'C', 'scenario_id': 'S4'}"
2365,49a37eea-1c06-4130-8ef6-800f21d39a09,b701c83a-8878-4490-a5c0-0bf097d5abf6,2026-03-13T23:41:54.434+00:00,dialogue,stimulus_shown,"{'turn': 6, 'scenario_id': 'S6'}"
2781,1c593988-d313-4a4d-8ec8-c9939b7d7f92,4412d3e8-0fd6-44ac-b0fd-2d4fc55f8dcd,2026-03-16T15:35:22.915+00:00,triage,feedback_shown,"{'turn': 6, 'outcome': 'win', 'score_delta': 1}"
2975,59e04e08-4533-41ab-905f-ac8429ce823f,4412d3e8-0fd6-44ac-b0fd-2d4fc55f8dcd,2026-03-16T15:46:49.473+00:00,dialogue,user_action,"{'turn': 8, 'rt_ms': 15950, 'option_id': 'C', 'scenario_id': 'S8'}"
2980,59e04e08-4533-41ab-905f-ac8429ce823f,4412d3e8-0fd6-44ac-b0fd-2d4fc55f8dcd,2026-03-16T15:47:08.476+00:00,dialogue,stimulus_shown,"{'turn': 11, 'scenario_id': 'S11'}"
3085,3f0a830c-811a-41ff-9e88-92a691dc9e82,4983dc33-eb5d-46e1-92d4-2fa383334b78,2026-03-16T16:24:59.825+00:00,triage,stimulus_shown,"{'turn': 2, 'item_id': 'd2', 'is_critical': False}"
3090,3f0a830c-811a-41ff-9e88-92a691dc9e82,4983dc33-eb5d-46e1-92d4-2fa383334b78,2026-03-16T16:25:12.051+00:00,triage,feedback_shown,"{'turn': 3, 'outcome': 'win', 'score_delta': 1}"
3095,3f0a830c-811a-41ff-9e88-92a691dc9e82,4983dc33-eb5d-46e1-92d4-2fa383334b78,2026-03-16T16:25:24.012+00:00,triage,user_action,"{'turn': 5, 'rt_ms': 6878, 'correct': False, 'item_id': 'd3', 'option_id': 'today'}"
3100,3f0a830c-811a-41ff-9e88-92a691dc9e82,4983dc33-eb5d-46e1-92d4-2fa383334b78,2026-03-16T16:25:29.545+00:00,triage,user_action,"{'turn': 6, 'rt_ms': 5374, 'correct': False, 'item_id': 'd8', 'option_id': 'week'}"
3105,3f0a830c-811a-41ff-9e88-92a691dc9e82,4983dc33-eb5d-46e1-92d4-2fa383334b78,2026-03-16T16:25:33.501+00:00,triage,stimulus_shown,"{'turn': 8, 'item_id': 'd5', 'is_critical': False}"
3111,8e0651c0-7093-4efb-8133-4d447b9ad18d,e5a89d72-ecd6-4cec-b55e-ceb2f1e81ef3,2026-03-16T16:25:55.529+00:00,dialogue,user_action,"{'turn': 4, 'rt_ms': 12366, 'option_id': 'C', 'scenario_id': 'S4'}"
3115,eed0401c-d208-46e7-bcab-df289a710b43,4983dc33-eb5d-46e1-92d4-2fa383334b78,2026-03-16T16:26:02.505+00:00,gonogo,run_start,{'n_trials': 60}
3120,8e0651c0-7093-4efb-8133-4d447b9ad18d,e5a89d72-ecd6-4cec-b55e-ceb2f1e81ef3,2026-03-16T16:26:06.226+00:00,dialogue,stimulus_shown,"{'turn': 7, 'scenario_id': 'S7'}"
3125,eed0401c-d208-46e7-bcab-df289a710b43,4983dc33-eb5d-46e1-92d4-2fa383334b78,2026-03-16T16:26:09.727+00:00,gonogo,user_action,"{'rt_ms': None, 'trial': 6, 'correct': False, 'responded': False, 'stimulus_type': 'go'}"
3130,8e0651c0-7093-4efb-8133-4d447b9ad18d,e5a89d72-ecd6-4cec-b55e-ceb2f1e81ef3,2026-03-16T16:26:12.929+00:00,dialogue,user_action,"{'turn': 9, 'rt_ms': 1728, 'option_id': 'C', 'scenario_id': 'S9'}"
3135,8e0651c0-7093-4efb-8133-4d447b9ad18d,e5a89d72-ecd6-4cec-b55e-ceb2f1e81ef3,2026-03-16T16:26:16.241+00:00,dialogue,user_action,"{'turn': 10, 'rt_ms': 3218, 'option_id': 'C', 'scenario_id': 'S10'}"
3140,eed0401c-d208-46e7-bcab-df289a710b43,4983dc33-eb5d-46e1-92d4-2fa383334b78,2026-03-16T16:26:18.513+00:00,gonogo,user_action,"{'rt_ms': None, 'trial': 13, 'correct': False, 'responded': False, 'stimulus_type': 'go'}"
3146,eed0401c-d208-46e7-bcab-df289a710b43,4983dc33-eb5d-46e1-92d4-2fa383334b78,2026-03-16T16:26:23.544+00:00,gonogo,user_action,"{'rt_ms': None, 'trial': 17, 'correct': True, 'responded': False, 'stimulus_type': 'nogo'}"
3151,eed0401c-d208-46e7-bcab-df289a710b43,4983dc33-eb5d-46e1-92d4-2fa383334b78,2026-03-16T16:26:30.446+00:00,gonogo,user_action,"{'rt_ms': None, 'trial': 22, 'correct': False, 'responded': False, 'stimulus_type': 'go'}"
3156,eed0401c-d208-46e7-bcab-df289a710b43,4983dc33-eb5d-46e1-92d4-2fa383334b78,2026-03-16T16:26:37.097+00:00,gonogo,user_action,"{'rt_ms': None, 'trial': 27, 'correct': False, 'responded': False, 'stimulus_type': 'go'}"
3161,eed0401c-d208-46e7-bcab-df289a710b43,4983dc33-eb5d-46e1-92d4-2fa383334b78,2026-03-16T16:26:43.687+00:00,gonogo,user_action,"{'rt_ms': None, 'trial': 32, 'correct': True, 'responded': False, 'stimulus_type': 'nogo'}"
3166,eed0401c-d208-46e7-bcab-df289a710b43,4983dc33-eb5d-46e1-92d4-2fa383334b78,2026-03-16T16:26:50.151+00:00,gonogo,user_action,"{'rt_ms': None, 'trial': 37, 'correct': False, 'responded': False, 'stimulus_type': 'go'}"
3171,eed0401c-d208-46e7-bcab-df289a710b43,4983dc33-eb5d-46e1-92d4-2fa383334b78,2026-03-16T16:26:56.203+00:00,gonogo,user_action,"{'rt_ms': None, 'trial': 42, 'correct': False, 'responded': False, 'stimulus_type': 'go'}"
3176,eed0401c-d208-46e7-bcab-df289a710b43,4983dc33-eb5d-46e1-92d4-2fa383334b78,2026-03-16T16:27:02.555+00:00,gonogo,user_action,"{'rt_ms': None, 'trial': 47, 'correct': False, 'responded': False, 'stimulus_type': 'go'}"
3181,eed0401c-d208-46e7-bcab-df289a710b43,4983dc33-eb5d-46e1-92d4-2fa383334b78,2026-03-16T16:27:09.047+00:00,gonogo,user_action,"{'rt_ms': None, 'trial': 52, 'correct': False, 'responded': False, 'stimulus_type': 'go'}"
3186,eed0401c-d208-46e7-bcab-df289a710b43,4983dc33-eb5d-46e1-92d4-2fa383334b78,2026-03-16T16:27:15.391+00:00,gonogo,user_action,"{'rt_ms': None, 'trial': 57, 'correct': False, 'responded': False, 'stimulus_type': 'go'}"
3204,7d8c82ef-34a5-4717-9587-d9754e368e0e,4983dc33-eb5d-46e1-92d4-2fa383334b78,2026-03-16T16:29:47.17+00:00,dialogue,stimulus_shown,"{'turn': 7, 'scenario_id': 'S7'}"
3222,34fa9b6f-49ee-4197-8c59-416a31accc14,2793726b-3a52-4497-bb98-7ae0368d25e2,2026-03-16T16:51:23.634+00:00,triage,feedback_shown,"{'turn': 1, 'outcome': 'win', 'score_delta': 1}"
3227,34fa9b6f-49ee-4197-8c59-416a31accc14,2793726b-3a52-4497-bb98-7ae0368d25e2,2026-03-16T16:51:37.064+00:00,triage,user_action,"{'turn': 3, 'rt_ms': 7745, 'correct': True, 'item_id': 'r8', 'option_id': 'today'}"
3232,34fa9b6f-49ee-4197-8c59-416a31accc14,2793726b-3a52-4497-bb98-7ae0368d25e2,2026-03-16T16:51:48.197+00:00,triage,stimulus_shown,"{'turn': 5, 'item_id': 'r5', 'is_critical': False}"
3237,34fa9b6f-49ee-4197-8c59-416a31accc14,2793726b-3a52-4497-bb98-7ae0368d25e2,2026-03-16T16:51:55.768+00:00,triage,feedback_shown,"{'turn': 6, 'outcome': 'win', 'score_delta': 1}"
3242,34fa9b6f-49ee-4197-8c59-416a31accc14,2793726b-3a52-4497-bb98-7ae0368d25e2,2026-03-16T16:52:06.372+00:00,triage,user_action,"{'turn': 8, 'rt_ms': 5464, 'correct': False, 'item_id': 'r7', 'option_id': 'today'}"
3311,7b698a4c-d78c-458d-994d-9a0e503438c8,2793726b-3a52-4497-bb98-7ae0368d25e2,2026-03-16T16:56:53.795+00:00,dialogue,user_action,"{'turn': 2, 'rt_ms': 21198, 'option_id': 'C', 'scenario_id': 'S2'}"
3327,7b698a4c-d78c-458d-994d-9a0e503438c8,2793726b-3a52-4497-bb98-7ae0368d25e2,2026-03-16T16:59:31.493+00:00,dialogue,user_action,"{'turn': 10, 'rt_ms': 14061, 'option_id': 'C', 'scenario_id': 'S10'}"
5711,d9e2aab2-4091-4191-ab62-3bf14a5bc282,0fe75d11-0622-4dd6-9c48-37b80f4d874d,2026-03-18T17:28:35.103+00:00,gonogo,run_start,{'n_trials': 60}
342,e2e4be2b-2cca-43d6-b4fb-29c88b693984,3eafff1d-e7a2-4e47-9a9d-e99388ee041b,2026-03-12T12:57:07.94+00:00,gonogo,user_action,"{'rt_ms': None, 'trial': 24, 'correct': True, 'responded': False, 'stimulus_type': 'nogo'}"
349,e2e4be2b-2cca-43d6-b4fb-29c88b693984,3eafff1d-e7a2-4e47-9a9d-e99388ee041b,2026-03-12T12:57:16.864+00:00,gonogo,user_action,"{'rt_ms': 61, 'trial': 31, 'correct': True, 'responded': True, 'stimulus_type': 'go'}"
356,e2e4be2b-2cca-43d6-b4fb-29c88b693984,3eafff1d-e7a2-4e47-9a9d-e99388ee041b,2026-03-12T12:57:25.744+00:00,gonogo,user_action,"{'rt_ms': 38, 'trial': 38, 'correct': False, 'responded': True, 'stimulus_type': 'nogo'}"
363,e2e4be2b-2cca-43d6-b4fb-29c88b693984,3eafff1d-e7a2-4e47-9a9d-e99388ee041b,2026-03-12T12:57:35.564+00:00,gonogo,user_action,"{'rt_ms': None, 'trial': 45, 'correct': False, 'responded': False, 'stimulus_type': 'go'}"
369,e2e4be2b-2cca-43d6-b4fb-29c88b693984,3eafff1d-e7a2-4e47-9a9d-e99388ee041b,2026-03-12T12:57:43.495+00:00,gonogo,user_action,"{'rt_ms': None, 'trial': 51, 'correct': False, 'responded': False, 'stimulus_type': 'go'}"
376,e2e4be2b-2cca-43d6-b4fb-29c88b693984,3eafff1d-e7a2-4e47-9a9d-e99388ee041b,2026-03-12T12:57:52.82+00:00,gonogo,user_action,"{'rt_ms': None, 'trial': 58, 'correct': False, 'responded': False, 'stimulus_type': 'go'}"
380,e316ec20-f844-4b3c-8b90-35067a58d7b1,3eafff1d-e7a2-4e47-9a9d-e99388ee041b,2026-03-12T12:58:39.096+00:00,dialogue,run_start,{'n_scenarios': 12}
381,e316ec20-f844-4b3c-8b90-35067a58d7b1,3eafff1d-e7a2-4e47-9a9d-e99388ee041b,2026-03-12T12:58:39.219+00:00,dialogue,stimulus_shown,"{'turn': 1, 'scenario_id': 'S1'}"
382,cac1d902-09c0-41b7-ab80-77581a374e7f,3ac6508f-b936-44ad-8f8d-eeaf0e6848ee,2026-03-12T12:59:00.891+00:00,triage,run_start,"{'n_items': 8, 'role_context': 'sales_ops'}"
383,cac1d902-09c0-41b7-ab80-77581a374e7f,3ac6508f-b936-44ad-8f8d-eeaf0e6848ee,2026-03-12T12:59:01.087+00:00,triage,stimulus_shown,"{'turn': 1, 'item_id': 's7', 'is_critical': True}"
384,e316ec20-f844-4b3c-8b90-35067a58d7b1,3eafff1d-e7a2-4e47-9a9d-e99388ee041b,2026-03-12T12:59:03.441+00:00,dialogue,user_action,"{'turn': 1, 'rt_ms': 24222, 'option_id': 'C', 'scenario_id': 'S1'}"
385,e316ec20-f844-4b3c-8b90-35067a58d7b1,3eafff1d-e7a2-4e47-9a9d-e99388ee041b,2026-03-12T12:59:03.587+00:00,dialogue,stimulus_shown,"{'turn': 2, 'scenario_id': 'S2'}"
386,cac1d902-09c0-41b7-ab80-77581a374e7f,3ac6508f-b936-44ad-8f8d-eeaf0e6848ee,2026-03-12T12:59:11.365+00:00,triage,user_action,"{'turn': 1, 'rt_ms': 10278, 'correct': False, 'item_id': 's7', 'option_id': 'today'}"
387,cac1d902-09c0-41b7-ab80-77581a374e7f,3ac6508f-b936-44ad-8f8d-eeaf0e6848ee,2026-03-12T12:59:11.499+00:00,triage,feedback_shown,"{'turn': 1, 'outcome': 'loss', 'score_delta': 0}"
388,cac1d902-09c0-41b7-ab80-77581a374e7f,3ac6508f-b936-44ad-8f8d-eeaf0e6848ee,2026-03-12T12:59:11.629+00:00,triage,stimulus_shown,"{'turn': 2, 'item_id': 's4', 'is_critical': True}"
389,e316ec20-f844-4b3c-8b90-35067a58d7b1,3eafff1d-e7a2-4e47-9a9d-e99388ee041b,2026-03-12T12:59:16.528+00:00,dialogue,user_action,"{'turn': 2, 'rt_ms': 12941, 'option_id': 'C', 'scenario_id': 'S2'}"
390,e316ec20-f844-4b3c-8b90-35067a58d7b1,3eafff1d-e7a2-4e47-9a9d-e99388ee041b,2026-03-12T12:59:16.717+00:00,dialogue,stimulus_shown,"{'turn': 3, 'scenario_id': 'S3'}"
391,cac1d902-09c0-41b7-ab80-77581a374e7f,3ac6508f-b936-44ad-8f8d-eeaf0e6848ee,2026-03-12T12:59:17.539+00:00,triage,user_action,"{'turn': 2, 'rt_ms': 5910, 'correct': False, 'item_id': 's4', 'option_id': 'today'}"
392,cac1d902-09c0-41b7-ab80-77581a374e7f,3ac6508f-b936-44ad-8f8d-eeaf0e6848ee,2026-03-12T12:59:17.715+00:00,triage,feedback_shown,"{'turn': 2, 'outcome': 'loss', 'score_delta': 0}"
393,cac1d902-09c0-41b7-ab80-77581a374e7f,3ac6508f-b936-44ad-8f8d-eeaf0e6848ee,2026-03-12T12:59:17.837+00:00,triage,stimulus_shown,"{'turn': 3, 'item_id': 's3', 'is_critical': False}"
394,cac1d902-09c0-41b7-ab80-77581a374e7f,3ac6508f-b936-44ad-8f8d-eeaf0e6848ee,2026-03-12T12:59:25.54+00:00,triage,user_action,"{'turn': 3, 'rt_ms': 7703, 'correct': False, 'item_id': 's3', 'option_id': 'urgent'}"
395,cac1d902-09c0-41b7-ab80-77581a374e7f,3ac6508f-b936-44ad-8f8d-eeaf0e6848ee,2026-03-12T12:59:25.712+00:00,triage,feedback_shown,"{'turn': 3, 'outcome': 'loss', 'score_delta': 0}"
396,cac1d902-09c0-41b7-ab80-77581a374e7f,3ac6508f-b936-44ad-8f8d-eeaf0e6848ee,2026-03-12T12:59:25.832+00:00,triage,stimulus_shown,"{'turn': 4, 'item_id': 's8', 'is_critical': False}"
397,e316ec20-f844-4b3c-8b90-35067a58d7b1,3eafff1d-e7a2-4e47-9a9d-e99388ee041b,2026-03-12T12:59:28.144+00:00,dialogue,user_action,"{'turn': 3, 'rt_ms': 11426, 'option_id': 'C', 'scenario_id': 'S3'}"
398,e316ec20-f844-4b3c-8b90-35067a58d7b1,3eafff1d-e7a2-4e47-9a9d-e99388ee041b,2026-03-12T12:59:28.286+00:00,dialogue,stimulus_shown,"{'turn': 4, 'scenario_id': 'S4'}"
399,cac1d902-09c0-41b7-ab80-77581a374e7f,3ac6508f-b936-44ad-8f8d-eeaf0e6848ee,2026-03-12T12:59:33.366+00:00,triage,user_action,"{'turn': 4, 'rt_ms': 7534, 'correct': True, 'item_id': 's8', 'option_id': 'today'}"
400,cac1d902-09c0-41b7-ab80-77581a374e7f,3ac6508f-b936-44ad-8f8d-eeaf0e6848ee,2026-03-12T12:59:33.514+00:00,triage,feedback_shown,"{'turn': 4, 'outcome': 'win', 'score_delta': 1}"
401,cac1d902-09c0-41b7-ab80-77581a374e7f,3ac6508f-b936-44ad-8f8d-eeaf0e6848ee,2026-03-12T12:59:33.635+00:00,triage,stimulus_shown,"{'turn': 5, 'item_id': 's2', 'is_critical': False}"
402,cac1d902-09c0-41b7-ab80-77581a374e7f,3ac6508f-b936-44ad-8f8d-eeaf0e6848ee,2026-03-12T12:59:38.339+00:00,triage,user_action,"{'turn': 5, 'rt_ms': 4704, 'correct': False, 'item_id': 's2', 'option_id': 'urgent'}"
403,cac1d902-09c0-41b7-ab80-77581a374e7f,3ac6508f-b936-44ad-8f8d-eeaf0e6848ee,2026-03-12T12:59:38.499+00:00,triage,feedback_shown,"{'turn': 5, 'outcome': 'loss', 'score_delta': 0}"
404,cac1d902-09c0-41b7-ab80-77581a374e7f,3ac6508f-b936-44ad-8f8d-eeaf0e6848ee,2026-03-12T12:59:38.628+00:00,triage,stimulus_shown,"{'turn': 6, 'item_id': 's1', 'is_critical': True}"
405,cac1d902-09c0-41b7-ab80-77581a374e7f,3ac6508f-b936-44ad-8f8d-eeaf0e6848ee,2026-03-12T12:59:42.543+00:00,triage,user_action,"{'turn': 6, 'rt_ms': 3915, 'correct': True, 'item_id': 's1', 'option_id': 'urgent'}"
406,cac1d902-09c0-41b7-ab80-77581a374e7f,3ac6508f-b936-44ad-8f8d-eeaf0e6848ee,2026-03-12T12:59:42.656+00:00,triage,feedback_shown,"{'turn': 6, 'outcome': 'win', 'score_delta': 1}"
407,cac1d902-09c0-41b7-ab80-77581a374e7f,3ac6508f-b936-44ad-8f8d-eeaf0e6848ee,2026-03-12T12:59:42.76+00:00,triage,stimulus_shown,"{'turn': 7, 'item_id': 's5', 'is_critical': False}"
408,e316ec20-f844-4b3c-8b90-35067a58d7b1,3eafff1d-e7a2-4e47-9a9d-e99388ee041b,2026-03-12T12:59:44.952+00:00,dialogue,user_action,"{'turn': 4, 'rt_ms': 16665, 'option_id': 'C', 'scenario_id': 'S4'}"
409,e316ec20-f844-4b3c-8b90-35067a58d7b1,3eafff1d-e7a2-4e47-9a9d-e99388ee041b,2026-03-12T12:59:45.193+00:00,dialogue,stimulus_shown,"{'turn': 5, 'scenario_id': 'S5'}"
410,cac1d902-09c0-41b7-ab80-77581a374e7f,3ac6508f-b936-44ad-8f8d-eeaf0e6848ee,2026-03-12T12:59:47.123+00:00,triage,user_action,"{'turn': 7, 'rt_ms': 4363, 'correct': False, 'item_id': 's5', 'option_id': 'urgent'}"
411,cac1d902-09c0-41b7-ab80-77581a374e7f,3ac6508f-b936-44ad-8f8d-eeaf0e6848ee,2026-03-12T12:59:47.261+00:00,triage,feedback_shown,"{'turn': 7, 'outcome': 'loss', 'score_delta': 0}"
412,cac1d902-09c0-41b7-ab80-77581a374e7f,3ac6508f-b936-44ad-8f8d-eeaf0e6848ee,2026-03-12T12:59:47.395+00:00,triage,stimulus_shown,"{'turn': 8, 'item_id': 's6', 'is_critical': False}"
413,cac1d902-09c0-41b7-ab80-77581a374e7f,3ac6508f-b936-44ad-8f8d-eeaf0e6848ee,2026-03-12T12:59:52.862+00:00,triage,user_action,"{'turn': 8, 'rt_ms': 5467, 'correct': False, 'item_id': 's6', 'option_id': 'today'}"
414,cac1d902-09c0-41b7-ab80-77581a374e7f,3ac6508f-b936-44ad-8f8d-eeaf0e6848ee,2026-03-12T12:59:53.005+00:00,triage,feedback_shown,"{'turn': 8, 'outcome': 'loss', 'score_delta': 0}"
415,cac1d902-09c0-41b7-ab80-77581a374e7f,3ac6508f-b936-44ad-8f8d-eeaf0e6848ee,2026-03-12T12:59:53.148+00:00,triage,run_end,"{'status': 'completed', 'role_context': 'sales_ops', 'score_total_client': 2, 'critical_miss_client': 2}"
416,e316ec20-f844-4b3c-8b90-35067a58d7b1,3eafff1d-e7a2-4e47-9a9d-e99388ee041b,2026-03-12T12:59:59.701+00:00,dialogue,user_action,"{'turn': 5, 'rt_ms': 14508, 'option_id': 'C', 'scenario_id': 'S5'}"
417,e316ec20-f844-4b3c-8b90-35067a58d7b1,3eafff1d-e7a2-4e47-9a9d-e99388ee041b,2026-03-12T12:59:59.849+00:00,dialogue,stimulus_shown,"{'turn': 6, 'scenario_id': 'S6'}"
418,203eb2cf-18f4-4e99-b21d-94c5f93395df,3ac6508f-b936-44ad-8f8d-eeaf0e6848ee,2026-03-12T13:00:01.649+00:00,gonogo,run_start,{'n_trials': 60}
419,203eb2cf-18f4-4e99-b21d-94c5f93395df,3ac6508f-b936-44ad-8f8d-eeaf0e6848ee,2026-03-12T13:00:02.329+00:00,gonogo,user_action,"{'rt_ms': None, 'trial': 1, 'correct': False, 'responded': False, 'stimulus_type': 'go'}"
420,203eb2cf-18f4-4e99-b21d-94c5f93395df,3ac6508f-b936-44ad-8f8d-eeaf0e6848ee,2026-03-12T13:00:04.219+00:00,gonogo,user_action,"{'rt_ms': None, 'trial': 2, 'correct': False, 'responded': False, 'stimulus_type': 'go'}"
427,203eb2cf-18f4-4e99-b21d-94c5f93395df,3ac6508f-b936-44ad-8f8d-eeaf0e6848ee,2026-03-12T13:00:14.466+00:00,gonogo,user_action,"{'rt_ms': None, 'trial': 9, 'correct': True, 'responded': False, 'stimulus_type': 'nogo'}"
434,203eb2cf-18f4-4e99-b21d-94c5f93395df,3ac6508f-b936-44ad-8f8d-eeaf0e6848ee,2026-03-12T13:00:21.304+00:00,gonogo,user_action,"{'rt_ms': None, 'trial': 14, 'correct': True, 'responded': False, 'stimulus_type': 'nogo'}"
441,203eb2cf-18f4-4e99-b21d-94c5f93395df,3ac6508f-b936-44ad-8f8d-eeaf0e6848ee,2026-03-12T13:00:31.148+00:00,gonogo,user_action,"{'rt_ms': None, 'trial': 21, 'correct': False, 'responded': False, 'stimulus_type': 'go'}"
448,e316ec20-f844-4b3c-8b90-35067a58d7b1,3eafff1d-e7a2-4e47-9a9d-e99388ee041b,2026-03-12T13:00:40.517+00:00,dialogue,user_action,"{'turn': 7, 'rt_ms': 24229, 'option_id': 'C', 'scenario_id': 'S7'}"
455,e316ec20-f844-4b3c-8b90-35067a58d7b1,3eafff1d-e7a2-4e47-9a9d-e99388ee041b,2026-03-12T13:00:46.749+00:00,dialogue,stimulus_shown,"{'turn': 9, 'scenario_id': 'S9'}"
462,203eb2cf-18f4-4e99-b21d-94c5f93395df,3ac6508f-b936-44ad-8f8d-eeaf0e6848ee,2026-03-12T13:00:56.282+00:00,gonogo,user_action,"{'rt_ms': None, 'trial': 38, 'correct': False, 'responded': False, 'stimulus_type': 'go'}"
1685,2a676593-dd41-4960-81ae-535d88771569,8812d715-2437-452f-9f08-89a9b7de6222,2026-03-13T14:56:04.02+00:00,dialogue,user_action,"{'turn': 9, 'rt_ms': 13723, 'option_id': 'C', 'scenario_id': 'S9'}"
1690,2a676593-dd41-4960-81ae-535d88771569,8812d715-2437-452f-9f08-89a9b7de6222,2026-03-13T14:56:24.603+00:00,dialogue,stimulus_shown,"{'turn': 12, 'scenario_id': 'S12'}"
2002,7f2db3cc-9624-4c6c-87a8-1363162b30c0,b581cb58-728d-4c35-ab17-24e896fc6c5d,2026-03-13T18:36:50.43+00:00,triage,run_start,"{'n_items': 8, 'role_context': 'receptionist'}"
2363,49a37eea-1c06-4130-8ef6-800f21d39a09,b701c83a-8878-4490-a5c0-0bf097d5abf6,2026-03-13T23:41:38.662+00:00,dialogue,stimulus_shown,"{'turn': 5, 'scenario_id': 'S5'}"
2786,1c593988-d313-4a4d-8ec8-c9939b7d7f92,4412d3e8-0fd6-44ac-b0fd-2d4fc55f8dcd,2026-03-16T15:36:05.286+00:00,triage,user_action,"{'turn': 8, 'rt_ms': 34819, 'correct': True, 'item_id': 's7', 'option_id': 'urgent'}"
2979,59e04e08-4533-41ab-905f-ac8429ce823f,4412d3e8-0fd6-44ac-b0fd-2d4fc55f8dcd,2026-03-16T15:47:08.362+00:00,dialogue,user_action,"{'turn': 10, 'rt_ms': 10944, 'option_id': 'C', 'scenario_id': 'S10'}"
2984,59e04e08-4533-41ab-905f-ac8429ce823f,4412d3e8-0fd6-44ac-b0fd-2d4fc55f8dcd,2026-03-16T15:47:29.089+00:00,dialogue,run_end,"{'status': 'completed', 'n_scenarios': 12}"
3097,3f0a830c-811a-41ff-9e88-92a691dc9e82,4983dc33-eb5d-46e1-92d4-2fa383334b78,2026-03-16T16:25:24.17+00:00,triage,stimulus_shown,"{'turn': 6, 'item_id': 'd8', 'is_critical': False}"
3102,3f0a830c-811a-41ff-9e88-92a691dc9e82,4983dc33-eb5d-46e1-92d4-2fa383334b78,2026-03-16T16:25:29.793+00:00,triage,stimulus_shown,"{'turn': 7, 'item_id': 'd6', 'is_critical': False}"
3107,3f0a830c-811a-41ff-9e88-92a691dc9e82,4983dc33-eb5d-46e1-92d4-2fa383334b78,2026-03-16T16:25:37.854+00:00,triage,feedback_shown,"{'turn': 8, 'outcome': 'win', 'score_delta': 1}"
3110,8e0651c0-7093-4efb-8133-4d447b9ad18d,e5a89d72-ecd6-4cec-b55e-ceb2f1e81ef3,2026-03-16T16:25:43.163+00:00,dialogue,stimulus_shown,"{'turn': 4, 'scenario_id': 'S4'}"
3113,8e0651c0-7093-4efb-8133-4d447b9ad18d,e5a89d72-ecd6-4cec-b55e-ceb2f1e81ef3,2026-03-16T16:25:58.251+00:00,dialogue,user_action,"{'turn': 5, 'rt_ms': 2636, 'option_id': 'C', 'scenario_id': 'S5'}"
3117,eed0401c-d208-46e7-bcab-df289a710b43,4983dc33-eb5d-46e1-92d4-2fa383334b78,2026-03-16T16:26:04.653+00:00,gonogo,user_action,"{'rt_ms': None, 'trial': 2, 'correct': False, 'responded': False, 'stimulus_type': 'go'}"
3122,8e0651c0-7093-4efb-8133-4d447b9ad18d,e5a89d72-ecd6-4cec-b55e-ceb2f1e81ef3,2026-03-16T16:26:07.069+00:00,dialogue,user_action,"{'turn': 7, 'rt_ms': 843, 'option_id': 'C', 'scenario_id': 'S7'}"
3127,8e0651c0-7093-4efb-8133-4d447b9ad18d,e5a89d72-ecd6-4cec-b55e-ceb2f1e81ef3,2026-03-16T16:26:11.122+00:00,dialogue,user_action,"{'turn': 8, 'rt_ms': 3974, 'option_id': 'C', 'scenario_id': 'S8'}"
3132,eed0401c-d208-46e7-bcab-df289a710b43,4983dc33-eb5d-46e1-92d4-2fa383334b78,2026-03-16T16:26:13.439+00:00,gonogo,user_action,"{'rt_ms': None, 'trial': 9, 'correct': False, 'responded': False, 'stimulus_type': 'go'}"
3137,eed0401c-d208-46e7-bcab-df289a710b43,4983dc33-eb5d-46e1-92d4-2fa383334b78,2026-03-16T16:26:17.27+00:00,gonogo,user_action,"{'rt_ms': None, 'trial': 12, 'correct': True, 'responded': False, 'stimulus_type': 'nogo'}"
3142,8e0651c0-7093-4efb-8133-4d447b9ad18d,e5a89d72-ecd6-4cec-b55e-ceb2f1e81ef3,2026-03-16T16:26:19.503+00:00,dialogue,run_end,"{'status': 'completed', 'n_scenarios': 12}"
3148,eed0401c-d208-46e7-bcab-df289a710b43,4983dc33-eb5d-46e1-92d4-2fa383334b78,2026-03-16T16:26:26.512+00:00,gonogo,user_action,"{'rt_ms': None, 'trial': 19, 'correct': True, 'responded': False, 'stimulus_type': 'nogo'}"
3153,eed0401c-d208-46e7-bcab-df289a710b43,4983dc33-eb5d-46e1-92d4-2fa383334b78,2026-03-16T16:26:32.999+00:00,gonogo,user_action,"{'rt_ms': None, 'trial': 24, 'correct': False, 'responded': False, 'stimulus_type': 'go'}"
3158,eed0401c-d208-46e7-bcab-df289a710b43,4983dc33-eb5d-46e1-92d4-2fa383334b78,2026-03-16T16:26:39.809+00:00,gonogo,user_action,"{'rt_ms': None, 'trial': 29, 'correct': False, 'responded': False, 'stimulus_type': 'go'}"
3163,eed0401c-d208-46e7-bcab-df289a710b43,4983dc33-eb5d-46e1-92d4-2fa383334b78,2026-03-16T16:26:46.231+00:00,gonogo,user_action,"{'rt_ms': None, 'trial': 34, 'correct': False, 'responded': False, 'stimulus_type': 'go'}"
3168,eed0401c-d208-46e7-bcab-df289a710b43,4983dc33-eb5d-46e1-92d4-2fa383334b78,2026-03-16T16:26:52.522+00:00,gonogo,user_action,"{'rt_ms': None, 'trial': 39, 'correct': False, 'responded': False, 'stimulus_type': 'go'}"
3173,eed0401c-d208-46e7-bcab-df289a710b43,4983dc33-eb5d-46e1-92d4-2fa383334b78,2026-03-16T16:26:58.95+00:00,gonogo,user_action,"{'rt_ms': None, 'trial': 44, 'correct': True, 'responded': False, 'stimulus_type': 'nogo'}"
3178,eed0401c-d208-46e7-bcab-df289a710b43,4983dc33-eb5d-46e1-92d4-2fa383334b78,2026-03-16T16:27:05.168+00:00,gonogo,user_action,"{'rt_ms': None, 'trial': 49, 'correct': True, 'responded': False, 'stimulus_type': 'nogo'}"
3183,eed0401c-d208-46e7-bcab-df289a710b43,4983dc33-eb5d-46e1-92d4-2fa383334b78,2026-03-16T16:27:11.508+00:00,gonogo,user_action,"{'rt_ms': None, 'trial': 54, 'correct': True, 'responded': False, 'stimulus_type': 'nogo'}"
3188,eed0401c-d208-46e7-bcab-df289a710b43,4983dc33-eb5d-46e1-92d4-2fa383334b78,2026-03-16T16:27:17.928+00:00,gonogo,user_action,"{'rt_ms': None, 'trial': 59, 'correct': True, 'responded': False, 'stimulus_type': 'nogo'}"
3191,7d8c82ef-34a5-4717-9587-d9754e368e0e,4983dc33-eb5d-46e1-92d4-2fa383334b78,2026-03-16T16:27:33.253+00:00,dialogue,run_start,{'n_scenarios': 12}
3205,7d8c82ef-34a5-4717-9587-d9754e368e0e,4983dc33-eb5d-46e1-92d4-2fa383334b78,2026-03-16T16:30:03.231+00:00,dialogue,user_action,"{'turn': 7, 'rt_ms': 16061, 'option_id': 'C', 'scenario_id': 'S7'}"
3210,7d8c82ef-34a5-4717-9587-d9754e368e0e,4983dc33-eb5d-46e1-92d4-2fa383334b78,2026-03-16T16:30:26.112+00:00,dialogue,stimulus_shown,"{'turn': 10, 'scenario_id': 'S10'}"
3223,34fa9b6f-49ee-4197-8c59-416a31accc14,2793726b-3a52-4497-bb98-7ae0368d25e2,2026-03-16T16:51:23.74+00:00,triage,stimulus_shown,"{'turn': 2, 'item_id': 'r1', 'is_critical': True}"
3228,34fa9b6f-49ee-4197-8c59-416a31accc14,2793726b-3a52-4497-bb98-7ae0368d25e2,2026-03-16T16:51:37.182+00:00,triage,feedback_shown,"{'turn': 3, 'outcome': 'win', 'score_delta': 1}"
3233,34fa9b6f-49ee-4197-8c59-416a31accc14,2793726b-3a52-4497-bb98-7ae0368d25e2,2026-03-16T16:51:51.124+00:00,triage,user_action,"{'turn': 5, 'rt_ms': 2926, 'correct': True, 'item_id': 'r5', 'option_id': 'today'}"
3238,34fa9b6f-49ee-4197-8c59-416a31accc14,2793726b-3a52-4497-bb98-7ae0368d25e2,2026-03-16T16:51:55.85+00:00,triage,stimulus_shown,"{'turn': 7, 'item_id': 'r4', 'is_critical': True}"
3243,34fa9b6f-49ee-4197-8c59-416a31accc14,2793726b-3a52-4497-bb98-7ae0368d25e2,2026-03-16T16:52:06.466+00:00,triage,feedback_shown,"{'turn': 8, 'outcome': 'loss', 'score_delta': 0}"
3312,7b698a4c-d78c-458d-994d-9a0e503438c8,2793726b-3a52-4497-bb98-7ae0368d25e2,2026-03-16T16:56:53.897+00:00,dialogue,stimulus_shown,"{'turn': 3, 'scenario_id': 'S3'}"
3328,7b698a4c-d78c-458d-994d-9a0e503438c8,2793726b-3a52-4497-bb98-7ae0368d25e2,2026-03-16T16:59:31.589+00:00,dialogue,stimulus_shown,"{'turn': 11, 'scenario_id': 'S11'}"
3425,50b48b5a-021e-4b9e-8df2-272413b64780,3125642c-91c9-4248-95c6-6d51ca9b18b2,2026-03-16T17:10:29.842+00:00,gonogo,user_action,"{'rt_ms': None, 'trial': 39, 'correct': True, 'responded': False, 'stimulus_type': 'nogo'}"
421,203eb2cf-18f4-4e99-b21d-94c5f93395df,3ac6508f-b936-44ad-8f8d-eeaf0e6848ee,2026-03-12T13:00:05.642+00:00,gonogo,user_action,"{'rt_ms': None, 'trial': 3, 'correct': False, 'responded': False, 'stimulus_type': 'go'}"
428,203eb2cf-18f4-4e99-b21d-94c5f93395df,3ac6508f-b936-44ad-8f8d-eeaf0e6848ee,2026-03-12T13:00:15.705+00:00,gonogo,user_action,"{'rt_ms': None, 'trial': 10, 'correct': False, 'responded': False, 'stimulus_type': 'go'}"
435,203eb2cf-18f4-4e99-b21d-94c5f93395df,3ac6508f-b936-44ad-8f8d-eeaf0e6848ee,2026-03-12T13:00:22.482+00:00,gonogo,user_action,"{'rt_ms': None, 'trial': 15, 'correct': False, 'responded': False, 'stimulus_type': 'go'}"
442,203eb2cf-18f4-4e99-b21d-94c5f93395df,3ac6508f-b936-44ad-8f8d-eeaf0e6848ee,2026-03-12T13:00:32.628+00:00,gonogo,user_action,"{'rt_ms': None, 'trial': 22, 'correct': False, 'responded': False, 'stimulus_type': 'go'}"
449,e316ec20-f844-4b3c-8b90-35067a58d7b1,3eafff1d-e7a2-4e47-9a9d-e99388ee041b,2026-03-12T13:00:40.791+00:00,dialogue,stimulus_shown,"{'turn': 8, 'scenario_id': 'S8'}"
456,203eb2cf-18f4-4e99-b21d-94c5f93395df,3ac6508f-b936-44ad-8f8d-eeaf0e6848ee,2026-03-12T13:00:47.414+00:00,gonogo,user_action,"{'rt_ms': None, 'trial': 32, 'correct': False, 'responded': False, 'stimulus_type': 'go'}"
463,203eb2cf-18f4-4e99-b21d-94c5f93395df,3ac6508f-b936-44ad-8f8d-eeaf0e6848ee,2026-03-12T13:00:58.065+00:00,gonogo,user_action,"{'rt_ms': None, 'trial': 39, 'correct': False, 'responded': False, 'stimulus_type': 'go'}"
1687,2a676593-dd41-4960-81ae-535d88771569,8812d715-2437-452f-9f08-89a9b7de6222,2026-03-13T14:56:13.269+00:00,dialogue,user_action,"{'turn': 10, 'rt_ms': 8940, 'option_id': 'C', 'scenario_id': 'S10'}"
1692,2a676593-dd41-4960-81ae-535d88771569,8812d715-2437-452f-9f08-89a9b7de6222,2026-03-13T14:56:33.613+00:00,dialogue,run_end,"{'status': 'completed', 'n_scenarios': 12}"
2003,7f2db3cc-9624-4c6c-87a8-1363162b30c0,b581cb58-728d-4c35-ab17-24e896fc6c5d,2026-03-13T18:36:50.649+00:00,triage,stimulus_shown,"{'turn': 1, 'item_id': 'r6', 'is_critical': False}"
2364,49a37eea-1c06-4130-8ef6-800f21d39a09,b701c83a-8878-4490-a5c0-0bf097d5abf6,2026-03-13T23:41:54.25+00:00,dialogue,user_action,"{'turn': 5, 'rt_ms': 15588, 'option_id': 'C', 'scenario_id': 'S5'}"
2367,49a37eea-1c06-4130-8ef6-800f21d39a09,b701c83a-8878-4490-a5c0-0bf097d5abf6,2026-03-13T23:42:19.829+00:00,dialogue,stimulus_shown,"{'turn': 7, 'scenario_id': 'S7'}"
2787,1c593988-d313-4a4d-8ec8-c9939b7d7f92,4412d3e8-0fd6-44ac-b0fd-2d4fc55f8dcd,2026-03-16T15:36:05.42+00:00,triage,feedback_shown,"{'turn': 8, 'outcome': 'win', 'score_delta': 1}"
2981,59e04e08-4533-41ab-905f-ac8429ce823f,4412d3e8-0fd6-44ac-b0fd-2d4fc55f8dcd,2026-03-16T15:47:20.751+00:00,dialogue,user_action,"{'turn': 11, 'rt_ms': 12275, 'option_id': 'C', 'scenario_id': 'S11'}"
3109,8e0651c0-7093-4efb-8133-4d447b9ad18d,e5a89d72-ecd6-4cec-b55e-ceb2f1e81ef3,2026-03-16T16:25:43.057+00:00,dialogue,user_action,"{'turn': 3, 'rt_ms': 15494, 'option_id': 'C', 'scenario_id': 'S3'}"
3112,8e0651c0-7093-4efb-8133-4d447b9ad18d,e5a89d72-ecd6-4cec-b55e-ceb2f1e81ef3,2026-03-16T16:25:55.616+00:00,dialogue,stimulus_shown,"{'turn': 5, 'scenario_id': 'S5'}"
3116,eed0401c-d208-46e7-bcab-df289a710b43,4983dc33-eb5d-46e1-92d4-2fa383334b78,2026-03-16T16:26:03.228+00:00,gonogo,user_action,"{'rt_ms': None, 'trial': 1, 'correct': False, 'responded': False, 'stimulus_type': 'go'}"
3121,eed0401c-d208-46e7-bcab-df289a710b43,4983dc33-eb5d-46e1-92d4-2fa383334b78,2026-03-16T16:26:07.07+00:00,gonogo,user_action,"{'rt_ms': None, 'trial': 4, 'correct': False, 'responded': False, 'stimulus_type': 'go'}"
3126,eed0401c-d208-46e7-bcab-df289a710b43,4983dc33-eb5d-46e1-92d4-2fa383334b78,2026-03-16T16:26:10.918+00:00,gonogo,user_action,"{'rt_ms': None, 'trial': 7, 'correct': False, 'responded': False, 'stimulus_type': 'go'}"
3131,8e0651c0-7093-4efb-8133-4d447b9ad18d,e5a89d72-ecd6-4cec-b55e-ceb2f1e81ef3,2026-03-16T16:26:13.023+00:00,dialogue,stimulus_shown,"{'turn': 10, 'scenario_id': 'S10'}"
3136,8e0651c0-7093-4efb-8133-4d447b9ad18d,e5a89d72-ecd6-4cec-b55e-ceb2f1e81ef3,2026-03-16T16:26:16.344+00:00,dialogue,stimulus_shown,"{'turn': 11, 'scenario_id': 'S11'}"
3141,8e0651c0-7093-4efb-8133-4d447b9ad18d,e5a89d72-ecd6-4cec-b55e-ceb2f1e81ef3,2026-03-16T16:26:19.421+00:00,dialogue,user_action,"{'turn': 12, 'rt_ms': 1642, 'option_id': 'C', 'scenario_id': 'S12'}"
3145,eed0401c-d208-46e7-bcab-df289a710b43,4983dc33-eb5d-46e1-92d4-2fa383334b78,2026-03-16T16:26:22.188+00:00,gonogo,user_action,"{'rt_ms': None, 'trial': 16, 'correct': False, 'responded': False, 'stimulus_type': 'go'}"
3147,eed0401c-d208-46e7-bcab-df289a710b43,4983dc33-eb5d-46e1-92d4-2fa383334b78,2026-03-16T16:26:25.043+00:00,gonogo,user_action,"{'rt_ms': None, 'trial': 18, 'correct': False, 'responded': False, 'stimulus_type': 'go'}"
3152,eed0401c-d208-46e7-bcab-df289a710b43,4983dc33-eb5d-46e1-92d4-2fa383334b78,2026-03-16T16:26:31.712+00:00,gonogo,user_action,"{'rt_ms': None, 'trial': 23, 'correct': True, 'responded': False, 'stimulus_type': 'nogo'}"
3157,eed0401c-d208-46e7-bcab-df289a710b43,4983dc33-eb5d-46e1-92d4-2fa383334b78,2026-03-16T16:26:38.449+00:00,gonogo,user_action,"{'rt_ms': None, 'trial': 28, 'correct': False, 'responded': False, 'stimulus_type': 'go'}"
3162,eed0401c-d208-46e7-bcab-df289a710b43,4983dc33-eb5d-46e1-92d4-2fa383334b78,2026-03-16T16:26:44.811+00:00,gonogo,user_action,"{'rt_ms': None, 'trial': 33, 'correct': False, 'responded': False, 'stimulus_type': 'go'}"
3167,eed0401c-d208-46e7-bcab-df289a710b43,4983dc33-eb5d-46e1-92d4-2fa383334b78,2026-03-16T16:26:51.267+00:00,gonogo,user_action,"{'rt_ms': None, 'trial': 38, 'correct': False, 'responded': False, 'stimulus_type': 'go'}"
3172,eed0401c-d208-46e7-bcab-df289a710b43,4983dc33-eb5d-46e1-92d4-2fa383334b78,2026-03-16T16:26:57.605+00:00,gonogo,user_action,"{'rt_ms': None, 'trial': 43, 'correct': False, 'responded': False, 'stimulus_type': 'go'}"
3177,eed0401c-d208-46e7-bcab-df289a710b43,4983dc33-eb5d-46e1-92d4-2fa383334b78,2026-03-16T16:27:03.886+00:00,gonogo,user_action,"{'rt_ms': None, 'trial': 48, 'correct': False, 'responded': False, 'stimulus_type': 'go'}"
3182,eed0401c-d208-46e7-bcab-df289a710b43,4983dc33-eb5d-46e1-92d4-2fa383334b78,2026-03-16T16:27:10.268+00:00,gonogo,user_action,"{'rt_ms': None, 'trial': 53, 'correct': True, 'responded': False, 'stimulus_type': 'nogo'}"
3187,eed0401c-d208-46e7-bcab-df289a710b43,4983dc33-eb5d-46e1-92d4-2fa383334b78,2026-03-16T16:27:16.765+00:00,gonogo,user_action,"{'rt_ms': None, 'trial': 58, 'correct': False, 'responded': False, 'stimulus_type': 'go'}"
3207,7d8c82ef-34a5-4717-9587-d9754e368e0e,4983dc33-eb5d-46e1-92d4-2fa383334b78,2026-03-16T16:30:14.743+00:00,dialogue,user_action,"{'turn': 8, 'rt_ms': 11320, 'option_id': 'C', 'scenario_id': 'S8'}"
3224,34fa9b6f-49ee-4197-8c59-416a31accc14,2793726b-3a52-4497-bb98-7ae0368d25e2,2026-03-16T16:51:29.11+00:00,triage,user_action,"{'turn': 2, 'rt_ms': 5370, 'correct': True, 'item_id': 'r1', 'option_id': 'urgent'}"
3229,34fa9b6f-49ee-4197-8c59-416a31accc14,2793726b-3a52-4497-bb98-7ae0368d25e2,2026-03-16T16:51:37.278+00:00,triage,stimulus_shown,"{'turn': 4, 'item_id': 'r2', 'is_critical': False}"
3234,34fa9b6f-49ee-4197-8c59-416a31accc14,2793726b-3a52-4497-bb98-7ae0368d25e2,2026-03-16T16:51:51.213+00:00,triage,feedback_shown,"{'turn': 5, 'outcome': 'win', 'score_delta': 1}"
3239,34fa9b6f-49ee-4197-8c59-416a31accc14,2793726b-3a52-4497-bb98-7ae0368d25e2,2026-03-16T16:52:00.75+00:00,triage,user_action,"{'turn': 7, 'rt_ms': 4900, 'correct': True, 'item_id': 'r4', 'option_id': 'urgent'}"
3244,34fa9b6f-49ee-4197-8c59-416a31accc14,2793726b-3a52-4497-bb98-7ae0368d25e2,2026-03-16T16:52:06.544+00:00,triage,run_end,"{'status': 'completed', 'role_context': 'receptionist', 'score_total_client': 6, 'critical_miss_client': 1}"
3313,7b698a4c-d78c-458d-994d-9a0e503438c8,2793726b-3a52-4497-bb98-7ae0368d25e2,2026-03-16T16:57:08.054+00:00,dialogue,user_action,"{'turn': 3, 'rt_ms': 14158, 'option_id': 'C', 'scenario_id': 'S3'}"
3329,7b698a4c-d78c-458d-994d-9a0e503438c8,2793726b-3a52-4497-bb98-7ae0368d25e2,2026-03-16T16:59:43.114+00:00,dialogue,user_action,"{'turn': 11, 'rt_ms': 11526, 'option_id': 'C', 'scenario_id': 'S11'}"
3426,deb7e59c-370a-48ea-8256-34980bf2a591,3b5e7f26-d667-4679-84c5-8cb8f9e11ed1,2026-03-16T17:10:30.017+00:00,gonogo,user_action,"{'rt_ms': None, 'trial': 1, 'correct': False, 'responded': False, 'stimulus_type': 'go'}"
3431,deb7e59c-370a-48ea-8256-34980bf2a591,3b5e7f26-d667-4679-84c5-8cb8f9e11ed1,2026-03-16T17:10:33.716+00:00,gonogo,user_action,"{'rt_ms': None, 'trial': 4, 'correct': True, 'responded': False, 'stimulus_type': 'nogo'}"
3436,50b48b5a-021e-4b9e-8df2-272413b64780,3125642c-91c9-4248-95c6-6d51ca9b18b2,2026-03-16T17:10:36.688+00:00,gonogo,user_action,"{'rt_ms': None, 'trial': 44, 'correct': True, 'responded': False, 'stimulus_type': 'nogo'}"
3538,651dd314-5b2a-4e28-bd81-4051c522cb17,3b5e7f26-d667-4679-84c5-8cb8f9e11ed1,2026-03-16T17:12:37.427+00:00,dialogue,stimulus_shown,"{'turn': 2, 'scenario_id': 'S2'}"
422,203eb2cf-18f4-4e99-b21d-94c5f93395df,3ac6508f-b936-44ad-8f8d-eeaf0e6848ee,2026-03-12T13:00:07.183+00:00,gonogo,user_action,"{'rt_ms': None, 'trial': 4, 'correct': False, 'responded': False, 'stimulus_type': 'go'}"
429,e316ec20-f844-4b3c-8b90-35067a58d7b1,3eafff1d-e7a2-4e47-9a9d-e99388ee041b,2026-03-12T13:00:16.011+00:00,dialogue,user_action,"{'turn': 6, 'rt_ms': 16163, 'option_id': 'C', 'scenario_id': 'S6'}"
436,203eb2cf-18f4-4e99-b21d-94c5f93395df,3ac6508f-b936-44ad-8f8d-eeaf0e6848ee,2026-03-12T13:00:23.775+00:00,gonogo,user_action,"{'rt_ms': None, 'trial': 16, 'correct': True, 'responded': False, 'stimulus_type': 'nogo'}"
443,203eb2cf-18f4-4e99-b21d-94c5f93395df,3ac6508f-b936-44ad-8f8d-eeaf0e6848ee,2026-03-12T13:00:34.134+00:00,gonogo,user_action,"{'rt_ms': None, 'trial': 23, 'correct': False, 'responded': False, 'stimulus_type': 'go'}"
450,203eb2cf-18f4-4e99-b21d-94c5f93395df,3ac6508f-b936-44ad-8f8d-eeaf0e6848ee,2026-03-12T13:00:41.46+00:00,gonogo,user_action,"{'rt_ms': None, 'trial': 28, 'correct': True, 'responded': False, 'stimulus_type': 'nogo'}"
457,203eb2cf-18f4-4e99-b21d-94c5f93395df,3ac6508f-b936-44ad-8f8d-eeaf0e6848ee,2026-03-12T13:00:48.863+00:00,gonogo,user_action,"{'rt_ms': None, 'trial': 33, 'correct': False, 'responded': False, 'stimulus_type': 'go'}"
1689,2a676593-dd41-4960-81ae-535d88771569,8812d715-2437-452f-9f08-89a9b7de6222,2026-03-13T14:56:24.406+00:00,dialogue,user_action,"{'turn': 11, 'rt_ms': 10968, 'option_id': 'C', 'scenario_id': 'S11'}"
2004,7f2db3cc-9624-4c6c-87a8-1363162b30c0,b581cb58-728d-4c35-ab17-24e896fc6c5d,2026-03-13T18:37:32.443+00:00,triage,user_action,"{'turn': 1, 'rt_ms': 41794, 'correct': True, 'item_id': 'r6', 'option_id': 'week'}"
2009,7f2db3cc-9624-4c6c-87a8-1363162b30c0,b581cb58-728d-4c35-ab17-24e896fc6c5d,2026-03-13T18:37:39.618+00:00,triage,stimulus_shown,"{'turn': 3, 'item_id': 'r3', 'is_critical': False}"
2013,7f2db3cc-9624-4c6c-87a8-1363162b30c0,b581cb58-728d-4c35-ab17-24e896fc6c5d,2026-03-13T18:37:52.229+00:00,triage,user_action,"{'turn': 4, 'rt_ms': 6535, 'correct': True, 'item_id': 'r7', 'option_id': 'urgent'}"
2018,7f2db3cc-9624-4c6c-87a8-1363162b30c0,b581cb58-728d-4c35-ab17-24e896fc6c5d,2026-03-13T18:38:00.667+00:00,triage,stimulus_shown,"{'turn': 6, 'item_id': 'r4', 'is_critical': True}"
2023,7f2db3cc-9624-4c6c-87a8-1363162b30c0,b581cb58-728d-4c35-ab17-24e896fc6c5d,2026-03-13T18:38:25.926+00:00,triage,feedback_shown,"{'turn': 7, 'outcome': 'win', 'score_delta': 1}"
2032,dc61f9db-ce0a-45b6-ba05-24ec6bcca77b,b581cb58-728d-4c35-ab17-24e896fc6c5d,2026-03-13T18:39:03.227+00:00,gonogo,user_action,"{'rt_ms': None, 'trial': 4, 'correct': False, 'responded': False, 'stimulus_type': 'go'}"
2037,dc61f9db-ce0a-45b6-ba05-24ec6bcca77b,b581cb58-728d-4c35-ab17-24e896fc6c5d,2026-03-13T18:39:09.807+00:00,gonogo,user_action,"{'rt_ms': None, 'trial': 9, 'correct': True, 'responded': False, 'stimulus_type': 'nogo'}"
2042,dc61f9db-ce0a-45b6-ba05-24ec6bcca77b,b581cb58-728d-4c35-ab17-24e896fc6c5d,2026-03-13T18:39:16.384+00:00,gonogo,user_action,"{'rt_ms': None, 'trial': 14, 'correct': False, 'responded': False, 'stimulus_type': 'go'}"
2047,dc61f9db-ce0a-45b6-ba05-24ec6bcca77b,b581cb58-728d-4c35-ab17-24e896fc6c5d,2026-03-13T18:39:22.781+00:00,gonogo,user_action,"{'rt_ms': None, 'trial': 19, 'correct': False, 'responded': False, 'stimulus_type': 'go'}"
2052,dc61f9db-ce0a-45b6-ba05-24ec6bcca77b,b581cb58-728d-4c35-ab17-24e896fc6c5d,2026-03-13T18:39:30.14+00:00,gonogo,user_action,"{'rt_ms': None, 'trial': 24, 'correct': False, 'responded': False, 'stimulus_type': 'go'}"
2057,dc61f9db-ce0a-45b6-ba05-24ec6bcca77b,b581cb58-728d-4c35-ab17-24e896fc6c5d,2026-03-13T18:39:37.019+00:00,gonogo,user_action,"{'rt_ms': None, 'trial': 29, 'correct': False, 'responded': False, 'stimulus_type': 'go'}"
2062,dc61f9db-ce0a-45b6-ba05-24ec6bcca77b,b581cb58-728d-4c35-ab17-24e896fc6c5d,2026-03-13T18:39:43.329+00:00,gonogo,user_action,"{'rt_ms': None, 'trial': 34, 'correct': True, 'responded': False, 'stimulus_type': 'nogo'}"
2066,dc61f9db-ce0a-45b6-ba05-24ec6bcca77b,b581cb58-728d-4c35-ab17-24e896fc6c5d,2026-03-13T18:39:48.531+00:00,gonogo,user_action,"{'rt_ms': None, 'trial': 38, 'correct': False, 'responded': False, 'stimulus_type': 'go'}"
2071,dc61f9db-ce0a-45b6-ba05-24ec6bcca77b,b581cb58-728d-4c35-ab17-24e896fc6c5d,2026-03-13T18:39:55.256+00:00,gonogo,user_action,"{'rt_ms': None, 'trial': 43, 'correct': True, 'responded': False, 'stimulus_type': 'nogo'}"
2075,dc61f9db-ce0a-45b6-ba05-24ec6bcca77b,b581cb58-728d-4c35-ab17-24e896fc6c5d,2026-03-13T18:40:00.375+00:00,gonogo,user_action,"{'rt_ms': None, 'trial': 47, 'correct': True, 'responded': False, 'stimulus_type': 'nogo'}"
2080,dc61f9db-ce0a-45b6-ba05-24ec6bcca77b,b581cb58-728d-4c35-ab17-24e896fc6c5d,2026-03-13T18:40:06.825+00:00,gonogo,user_action,"{'rt_ms': None, 'trial': 52, 'correct': False, 'responded': False, 'stimulus_type': 'go'}"
2085,dc61f9db-ce0a-45b6-ba05-24ec6bcca77b,b581cb58-728d-4c35-ab17-24e896fc6c5d,2026-03-13T18:40:13.016+00:00,gonogo,user_action,"{'rt_ms': None, 'trial': 57, 'correct': True, 'responded': False, 'stimulus_type': 'nogo'}"
2366,49a37eea-1c06-4130-8ef6-800f21d39a09,b701c83a-8878-4490-a5c0-0bf097d5abf6,2026-03-13T23:42:19.633+00:00,dialogue,user_action,"{'turn': 6, 'rt_ms': 25199, 'option_id': 'C', 'scenario_id': 'S6'}"
2369,49a37eea-1c06-4130-8ef6-800f21d39a09,b701c83a-8878-4490-a5c0-0bf097d5abf6,2026-03-13T23:42:33.753+00:00,dialogue,stimulus_shown,"{'turn': 8, 'scenario_id': 'S8'}"
2788,1c593988-d313-4a4d-8ec8-c9939b7d7f92,4412d3e8-0fd6-44ac-b0fd-2d4fc55f8dcd,2026-03-16T15:36:05.529+00:00,triage,run_end,"{'status': 'completed', 'role_context': 'sales_ops', 'score_total_client': 6, 'critical_miss_client': 1}"
2983,59e04e08-4533-41ab-905f-ac8429ce823f,4412d3e8-0fd6-44ac-b0fd-2d4fc55f8dcd,2026-03-16T15:47:28.978+00:00,dialogue,user_action,"{'turn': 12, 'rt_ms': 8109, 'option_id': 'C', 'scenario_id': 'S12'}"
3129,eed0401c-d208-46e7-bcab-df289a710b43,4983dc33-eb5d-46e1-92d4-2fa383334b78,2026-03-16T16:26:12.179+00:00,gonogo,user_action,"{'rt_ms': None, 'trial': 8, 'correct': False, 'responded': False, 'stimulus_type': 'go'}"
3134,eed0401c-d208-46e7-bcab-df289a710b43,4983dc33-eb5d-46e1-92d4-2fa383334b78,2026-03-16T16:26:15.961+00:00,gonogo,user_action,"{'rt_ms': None, 'trial': 11, 'correct': False, 'responded': False, 'stimulus_type': 'go'}"
3139,8e0651c0-7093-4efb-8133-4d447b9ad18d,e5a89d72-ecd6-4cec-b55e-ceb2f1e81ef3,2026-03-16T16:26:17.78+00:00,dialogue,stimulus_shown,"{'turn': 12, 'scenario_id': 'S12'}"
3144,eed0401c-d208-46e7-bcab-df289a710b43,4983dc33-eb5d-46e1-92d4-2fa383334b78,2026-03-16T16:26:20.967+00:00,gonogo,user_action,"{'rt_ms': None, 'trial': 15, 'correct': False, 'responded': False, 'stimulus_type': 'go'}"
3150,eed0401c-d208-46e7-bcab-df289a710b43,4983dc33-eb5d-46e1-92d4-2fa383334b78,2026-03-16T16:26:29.102+00:00,gonogo,user_action,"{'rt_ms': None, 'trial': 21, 'correct': False, 'responded': False, 'stimulus_type': 'go'}"
3155,eed0401c-d208-46e7-bcab-df289a710b43,4983dc33-eb5d-46e1-92d4-2fa383334b78,2026-03-16T16:26:35.864+00:00,gonogo,user_action,"{'rt_ms': None, 'trial': 26, 'correct': True, 'responded': False, 'stimulus_type': 'nogo'}"
3160,eed0401c-d208-46e7-bcab-df289a710b43,4983dc33-eb5d-46e1-92d4-2fa383334b78,2026-03-16T16:26:42.331+00:00,gonogo,user_action,"{'rt_ms': None, 'trial': 31, 'correct': False, 'responded': False, 'stimulus_type': 'go'}"
3165,eed0401c-d208-46e7-bcab-df289a710b43,4983dc33-eb5d-46e1-92d4-2fa383334b78,2026-03-16T16:26:48.832+00:00,gonogo,user_action,"{'rt_ms': None, 'trial': 36, 'correct': False, 'responded': False, 'stimulus_type': 'go'}"
3170,eed0401c-d208-46e7-bcab-df289a710b43,4983dc33-eb5d-46e1-92d4-2fa383334b78,2026-03-16T16:26:54.851+00:00,gonogo,user_action,"{'rt_ms': None, 'trial': 41, 'correct': True, 'responded': False, 'stimulus_type': 'nogo'}"
3175,eed0401c-d208-46e7-bcab-df289a710b43,4983dc33-eb5d-46e1-92d4-2fa383334b78,2026-03-16T16:27:01.387+00:00,gonogo,user_action,"{'rt_ms': None, 'trial': 46, 'correct': False, 'responded': False, 'stimulus_type': 'go'}"
3180,eed0401c-d208-46e7-bcab-df289a710b43,4983dc33-eb5d-46e1-92d4-2fa383334b78,2026-03-16T16:27:07.782+00:00,gonogo,user_action,"{'rt_ms': None, 'trial': 51, 'correct': False, 'responded': False, 'stimulus_type': 'go'}"
3185,eed0401c-d208-46e7-bcab-df289a710b43,4983dc33-eb5d-46e1-92d4-2fa383334b78,2026-03-16T16:27:14.078+00:00,gonogo,user_action,"{'rt_ms': None, 'trial': 56, 'correct': True, 'responded': False, 'stimulus_type': 'nogo'}"
3190,eed0401c-d208-46e7-bcab-df289a710b43,4983dc33-eb5d-46e1-92d4-2fa383334b78,2026-03-16T16:27:20.253+00:00,gonogo,run_end,"{'status': 'completed', 'n_trials': 60}"
3209,7d8c82ef-34a5-4717-9587-d9754e368e0e,4983dc33-eb5d-46e1-92d4-2fa383334b78,2026-03-16T16:30:25.845+00:00,dialogue,user_action,"{'turn': 9, 'rt_ms': 10874, 'option_id': 'C', 'scenario_id': 'S9'}"
3225,34fa9b6f-49ee-4197-8c59-416a31accc14,2793726b-3a52-4497-bb98-7ae0368d25e2,2026-03-16T16:51:29.225+00:00,triage,feedback_shown,"{'turn': 2, 'outcome': 'win', 'score_delta': 1}"
423,203eb2cf-18f4-4e99-b21d-94c5f93395df,3ac6508f-b936-44ad-8f8d-eeaf0e6848ee,2026-03-12T13:00:08.596+00:00,gonogo,user_action,"{'rt_ms': None, 'trial': 5, 'correct': False, 'responded': False, 'stimulus_type': 'go'}"
430,e316ec20-f844-4b3c-8b90-35067a58d7b1,3eafff1d-e7a2-4e47-9a9d-e99388ee041b,2026-03-12T13:00:16.287+00:00,dialogue,stimulus_shown,"{'turn': 7, 'scenario_id': 'S7'}"
437,203eb2cf-18f4-4e99-b21d-94c5f93395df,3ac6508f-b936-44ad-8f8d-eeaf0e6848ee,2026-03-12T13:00:25.357+00:00,gonogo,user_action,"{'rt_ms': None, 'trial': 17, 'correct': False, 'responded': False, 'stimulus_type': 'go'}"
444,203eb2cf-18f4-4e99-b21d-94c5f93395df,3ac6508f-b936-44ad-8f8d-eeaf0e6848ee,2026-03-12T13:00:35.636+00:00,gonogo,user_action,"{'rt_ms': None, 'trial': 24, 'correct': True, 'responded': False, 'stimulus_type': 'nogo'}"
451,203eb2cf-18f4-4e99-b21d-94c5f93395df,3ac6508f-b936-44ad-8f8d-eeaf0e6848ee,2026-03-12T13:00:42.943+00:00,gonogo,user_action,"{'rt_ms': None, 'trial': 29, 'correct': True, 'responded': False, 'stimulus_type': 'nogo'}"
458,203eb2cf-18f4-4e99-b21d-94c5f93395df,3ac6508f-b936-44ad-8f8d-eeaf0e6848ee,2026-03-12T13:00:50.309+00:00,gonogo,user_action,"{'rt_ms': None, 'trial': 34, 'correct': True, 'responded': False, 'stimulus_type': 'nogo'}"
1693,2d601f0f-51d8-455d-a094-c45d5c3b3e23,09612f6d-c842-45f6-bac5-f6f5c117131c,2026-03-13T14:59:22.586+00:00,gonogo,user_action,"{'rt_ms': None, 'trial': 43, 'correct': False, 'responded': False, 'stimulus_type': 'go'}"
1698,2d601f0f-51d8-455d-a094-c45d5c3b3e23,09612f6d-c842-45f6-bac5-f6f5c117131c,2026-03-13T14:59:29.772+00:00,gonogo,user_action,"{'rt_ms': 264, 'trial': 48, 'correct': True, 'responded': True, 'stimulus_type': 'go'}"
1703,2d601f0f-51d8-455d-a094-c45d5c3b3e23,09612f6d-c842-45f6-bac5-f6f5c117131c,2026-03-13T14:59:36.406+00:00,gonogo,user_action,"{'rt_ms': 283, 'trial': 53, 'correct': True, 'responded': True, 'stimulus_type': 'go'}"
1708,2d601f0f-51d8-455d-a094-c45d5c3b3e23,09612f6d-c842-45f6-bac5-f6f5c117131c,2026-03-13T14:59:42.922+00:00,gonogo,user_action,"{'rt_ms': 298, 'trial': 58, 'correct': True, 'responded': True, 'stimulus_type': 'go'}"
1715,f76ac4ef-b198-4c18-83aa-229c28801d0b,09612f6d-c842-45f6-bac5-f6f5c117131c,2026-03-13T15:00:16.203+00:00,dialogue,stimulus_shown,"{'turn': 2, 'scenario_id': 'S2'}"
2005,7f2db3cc-9624-4c6c-87a8-1363162b30c0,b581cb58-728d-4c35-ab17-24e896fc6c5d,2026-03-13T18:37:33.03+00:00,triage,feedback_shown,"{'turn': 1, 'outcome': 'win', 'score_delta': 1}"
2010,7f2db3cc-9624-4c6c-87a8-1363162b30c0,b581cb58-728d-4c35-ab17-24e896fc6c5d,2026-03-13T18:37:45.456+00:00,triage,user_action,"{'turn': 3, 'rt_ms': 5838, 'correct': False, 'item_id': 'r3', 'option_id': 'today'}"
2014,7f2db3cc-9624-4c6c-87a8-1363162b30c0,b581cb58-728d-4c35-ab17-24e896fc6c5d,2026-03-13T18:37:52.397+00:00,triage,feedback_shown,"{'turn': 4, 'outcome': 'win', 'score_delta': 1}"
2019,7f2db3cc-9624-4c6c-87a8-1363162b30c0,b581cb58-728d-4c35-ab17-24e896fc6c5d,2026-03-13T18:38:06.806+00:00,triage,user_action,"{'turn': 6, 'rt_ms': 6139, 'correct': True, 'item_id': 'r4', 'option_id': 'urgent'}"
2024,7f2db3cc-9624-4c6c-87a8-1363162b30c0,b581cb58-728d-4c35-ab17-24e896fc6c5d,2026-03-13T18:38:26.076+00:00,triage,stimulus_shown,"{'turn': 8, 'item_id': 'r8', 'is_critical': False}"
2028,dc61f9db-ce0a-45b6-ba05-24ec6bcca77b,b581cb58-728d-4c35-ab17-24e896fc6c5d,2026-03-13T18:38:58.374+00:00,gonogo,run_start,{'n_trials': 60}
2033,dc61f9db-ce0a-45b6-ba05-24ec6bcca77b,b581cb58-728d-4c35-ab17-24e896fc6c5d,2026-03-13T18:39:04.372+00:00,gonogo,user_action,"{'rt_ms': None, 'trial': 5, 'correct': True, 'responded': False, 'stimulus_type': 'nogo'}"
2038,dc61f9db-ce0a-45b6-ba05-24ec6bcca77b,b581cb58-728d-4c35-ab17-24e896fc6c5d,2026-03-13T18:39:11.028+00:00,gonogo,user_action,"{'rt_ms': 19, 'trial': 10, 'correct': True, 'responded': True, 'stimulus_type': 'go'}"
2043,dc61f9db-ce0a-45b6-ba05-24ec6bcca77b,b581cb58-728d-4c35-ab17-24e896fc6c5d,2026-03-13T18:39:17.614+00:00,gonogo,user_action,"{'rt_ms': None, 'trial': 15, 'correct': False, 'responded': False, 'stimulus_type': 'go'}"
2048,dc61f9db-ce0a-45b6-ba05-24ec6bcca77b,b581cb58-728d-4c35-ab17-24e896fc6c5d,2026-03-13T18:39:24.25+00:00,gonogo,user_action,"{'rt_ms': None, 'trial': 20, 'correct': True, 'responded': False, 'stimulus_type': 'nogo'}"
2053,dc61f9db-ce0a-45b6-ba05-24ec6bcca77b,b581cb58-728d-4c35-ab17-24e896fc6c5d,2026-03-13T18:39:31.545+00:00,gonogo,user_action,"{'rt_ms': None, 'trial': 25, 'correct': False, 'responded': False, 'stimulus_type': 'go'}"
2058,dc61f9db-ce0a-45b6-ba05-24ec6bcca77b,b581cb58-728d-4c35-ab17-24e896fc6c5d,2026-03-13T18:39:38.073+00:00,gonogo,user_action,"{'rt_ms': 33, 'trial': 30, 'correct': True, 'responded': True, 'stimulus_type': 'go'}"
2063,dc61f9db-ce0a-45b6-ba05-24ec6bcca77b,b581cb58-728d-4c35-ab17-24e896fc6c5d,2026-03-13T18:39:44.519+00:00,gonogo,user_action,"{'rt_ms': 79, 'trial': 35, 'correct': True, 'responded': True, 'stimulus_type': 'go'}"
2067,dc61f9db-ce0a-45b6-ba05-24ec6bcca77b,b581cb58-728d-4c35-ab17-24e896fc6c5d,2026-03-13T18:39:49.835+00:00,gonogo,user_action,"{'rt_ms': None, 'trial': 39, 'correct': False, 'responded': False, 'stimulus_type': 'go'}"
2072,dc61f9db-ce0a-45b6-ba05-24ec6bcca77b,b581cb58-728d-4c35-ab17-24e896fc6c5d,2026-03-13T18:39:56.496+00:00,gonogo,user_action,"{'rt_ms': None, 'trial': 44, 'correct': False, 'responded': False, 'stimulus_type': 'go'}"
2074,dc61f9db-ce0a-45b6-ba05-24ec6bcca77b,b581cb58-728d-4c35-ab17-24e896fc6c5d,2026-03-13T18:39:59.071+00:00,gonogo,user_action,"{'rt_ms': None, 'trial': 46, 'correct': False, 'responded': False, 'stimulus_type': 'go'}"
2079,dc61f9db-ce0a-45b6-ba05-24ec6bcca77b,b581cb58-728d-4c35-ab17-24e896fc6c5d,2026-03-13T18:40:05.459+00:00,gonogo,user_action,"{'rt_ms': None, 'trial': 51, 'correct': False, 'responded': False, 'stimulus_type': 'go'}"
2084,dc61f9db-ce0a-45b6-ba05-24ec6bcca77b,b581cb58-728d-4c35-ab17-24e896fc6c5d,2026-03-13T18:40:11.649+00:00,gonogo,user_action,"{'rt_ms': 20, 'trial': 56, 'correct': True, 'responded': True, 'stimulus_type': 'go'}"
2089,dc61f9db-ce0a-45b6-ba05-24ec6bcca77b,b581cb58-728d-4c35-ab17-24e896fc6c5d,2026-03-13T18:40:17.879+00:00,gonogo,run_end,"{'status': 'completed', 'n_trials': 60}"
2368,49a37eea-1c06-4130-8ef6-800f21d39a09,b701c83a-8878-4490-a5c0-0bf097d5abf6,2026-03-13T23:42:33.616+00:00,dialogue,user_action,"{'turn': 7, 'rt_ms': 13787, 'option_id': 'C', 'scenario_id': 'S7'}"
2789,12eb9bcf-a522-4faf-afb4-a5eb4aeec4f2,4412d3e8-0fd6-44ac-b0fd-2d4fc55f8dcd,2026-03-16T15:38:21.397+00:00,triage,run_start,"{'n_items': 8, 'role_context': 'sales_ops'}"
2794,12eb9bcf-a522-4faf-afb4-a5eb4aeec4f2,4412d3e8-0fd6-44ac-b0fd-2d4fc55f8dcd,2026-03-16T15:38:39.314+00:00,triage,user_action,"{'turn': 2, 'rt_ms': 5591, 'correct': True, 'item_id': 's3', 'option_id': 'week'}"
2799,12eb9bcf-a522-4faf-afb4-a5eb4aeec4f2,4412d3e8-0fd6-44ac-b0fd-2d4fc55f8dcd,2026-03-16T15:38:48.949+00:00,triage,stimulus_shown,"{'turn': 4, 'item_id': 's7', 'is_critical': True}"
2804,12eb9bcf-a522-4faf-afb4-a5eb4aeec4f2,4412d3e8-0fd6-44ac-b0fd-2d4fc55f8dcd,2026-03-16T15:39:04.561+00:00,triage,feedback_shown,"{'turn': 5, 'outcome': 'win', 'score_delta': 1}"
2809,12eb9bcf-a522-4faf-afb4-a5eb4aeec4f2,4412d3e8-0fd6-44ac-b0fd-2d4fc55f8dcd,2026-03-16T15:39:20.818+00:00,triage,user_action,"{'turn': 7, 'rt_ms': 6405, 'correct': True, 'item_id': 's1', 'option_id': 'urgent'}"
2814,12eb9bcf-a522-4faf-afb4-a5eb4aeec4f2,4412d3e8-0fd6-44ac-b0fd-2d4fc55f8dcd,2026-03-16T15:39:45.05+00:00,triage,run_end,"{'status': 'completed', 'role_context': 'sales_ops', 'score_total_client': 4, 'critical_miss_client': 1}"
2817,45db58cb-fad0-4640-baef-ad10c275ae87,4412d3e8-0fd6-44ac-b0fd-2d4fc55f8dcd,2026-03-16T15:39:58.027+00:00,gonogo,user_action,"{'rt_ms': None, 'trial': 2, 'correct': False, 'responded': False, 'stimulus_type': 'go'}"
2822,45db58cb-fad0-4640-baef-ad10c275ae87,4412d3e8-0fd6-44ac-b0fd-2d4fc55f8dcd,2026-03-16T15:40:04.228+00:00,gonogo,user_action,"{'rt_ms': None, 'trial': 7, 'correct': True, 'responded': False, 'stimulus_type': 'nogo'}"
2827,45db58cb-fad0-4640-baef-ad10c275ae87,4412d3e8-0fd6-44ac-b0fd-2d4fc55f8dcd,2026-03-16T15:40:10.379+00:00,gonogo,user_action,"{'rt_ms': None, 'trial': 12, 'correct': True, 'responded': False, 'stimulus_type': 'nogo'}"
2985,2c327abe-f101-4fa8-aa66-c19509b2ea74,e5a89d72-ecd6-4cec-b55e-ceb2f1e81ef3,2026-03-16T16:20:21.773+00:00,triage,run_start,"{'n_items': 8, 'role_context': 'receptionist'}"
2990,2c327abe-f101-4fa8-aa66-c19509b2ea74,e5a89d72-ecd6-4cec-b55e-ceb2f1e81ef3,2026-03-16T16:20:46.322+00:00,triage,user_action,"{'turn': 2, 'rt_ms': 9434, 'correct': True, 'item_id': 'r8', 'option_id': 'today'}"
2995,2c327abe-f101-4fa8-aa66-c19509b2ea74,e5a89d72-ecd6-4cec-b55e-ceb2f1e81ef3,2026-03-16T16:20:50.545+00:00,triage,stimulus_shown,"{'turn': 4, 'item_id': 'r6', 'is_critical': False}"
424,203eb2cf-18f4-4e99-b21d-94c5f93395df,3ac6508f-b936-44ad-8f8d-eeaf0e6848ee,2026-03-12T13:00:09.935+00:00,gonogo,user_action,"{'rt_ms': 197, 'trial': 6, 'correct': True, 'responded': True, 'stimulus_type': 'go'}"
431,203eb2cf-18f4-4e99-b21d-94c5f93395df,3ac6508f-b936-44ad-8f8d-eeaf0e6848ee,2026-03-12T13:00:17.04+00:00,gonogo,user_action,"{'rt_ms': None, 'trial': 11, 'correct': False, 'responded': False, 'stimulus_type': 'go'}"
438,203eb2cf-18f4-4e99-b21d-94c5f93395df,3ac6508f-b936-44ad-8f8d-eeaf0e6848ee,2026-03-12T13:00:26.673+00:00,gonogo,user_action,"{'rt_ms': None, 'trial': 18, 'correct': False, 'responded': False, 'stimulus_type': 'go'}"
445,203eb2cf-18f4-4e99-b21d-94c5f93395df,3ac6508f-b936-44ad-8f8d-eeaf0e6848ee,2026-03-12T13:00:37.129+00:00,gonogo,user_action,"{'rt_ms': None, 'trial': 25, 'correct': False, 'responded': False, 'stimulus_type': 'go'}"
452,203eb2cf-18f4-4e99-b21d-94c5f93395df,3ac6508f-b936-44ad-8f8d-eeaf0e6848ee,2026-03-12T13:00:44.367+00:00,gonogo,user_action,"{'rt_ms': None, 'trial': 30, 'correct': False, 'responded': False, 'stimulus_type': 'go'}"
459,203eb2cf-18f4-4e99-b21d-94c5f93395df,3ac6508f-b936-44ad-8f8d-eeaf0e6848ee,2026-03-12T13:00:51.685+00:00,gonogo,user_action,"{'rt_ms': None, 'trial': 35, 'correct': True, 'responded': False, 'stimulus_type': 'nogo'}"
1694,2d601f0f-51d8-455d-a094-c45d5c3b3e23,09612f6d-c842-45f6-bac5-f6f5c117131c,2026-03-13T14:59:24.362+00:00,gonogo,user_action,"{'rt_ms': None, 'trial': 44, 'correct': False, 'responded': False, 'stimulus_type': 'go'}"
1699,2d601f0f-51d8-455d-a094-c45d5c3b3e23,09612f6d-c842-45f6-bac5-f6f5c117131c,2026-03-13T14:59:31.155+00:00,gonogo,user_action,"{'rt_ms': 293, 'trial': 49, 'correct': True, 'responded': True, 'stimulus_type': 'go'}"
1704,2d601f0f-51d8-455d-a094-c45d5c3b3e23,09612f6d-c842-45f6-bac5-f6f5c117131c,2026-03-13T14:59:37.627+00:00,gonogo,user_action,"{'rt_ms': None, 'trial': 54, 'correct': False, 'responded': False, 'stimulus_type': 'go'}"
1709,2d601f0f-51d8-455d-a094-c45d5c3b3e23,09612f6d-c842-45f6-bac5-f6f5c117131c,2026-03-13T14:59:43.936+00:00,gonogo,user_action,"{'rt_ms': None, 'trial': 59, 'correct': False, 'responded': False, 'stimulus_type': 'go'}"
1712,f76ac4ef-b198-4c18-83aa-229c28801d0b,09612f6d-c842-45f6-bac5-f6f5c117131c,2026-03-13T14:59:57.362+00:00,dialogue,run_start,{'n_scenarios': 12}
2006,7f2db3cc-9624-4c6c-87a8-1363162b30c0,b581cb58-728d-4c35-ab17-24e896fc6c5d,2026-03-13T18:37:33.573+00:00,triage,stimulus_shown,"{'turn': 2, 'item_id': 'r5', 'is_critical': False}"
2011,7f2db3cc-9624-4c6c-87a8-1363162b30c0,b581cb58-728d-4c35-ab17-24e896fc6c5d,2026-03-13T18:37:45.586+00:00,triage,feedback_shown,"{'turn': 3, 'outcome': 'loss', 'score_delta': 0}"
2015,7f2db3cc-9624-4c6c-87a8-1363162b30c0,b581cb58-728d-4c35-ab17-24e896fc6c5d,2026-03-13T18:37:52.511+00:00,triage,stimulus_shown,"{'turn': 5, 'item_id': 'r2', 'is_critical': False}"
2020,7f2db3cc-9624-4c6c-87a8-1363162b30c0,b581cb58-728d-4c35-ab17-24e896fc6c5d,2026-03-13T18:38:06.945+00:00,triage,feedback_shown,"{'turn': 6, 'outcome': 'win', 'score_delta': 1}"
2025,7f2db3cc-9624-4c6c-87a8-1363162b30c0,b581cb58-728d-4c35-ab17-24e896fc6c5d,2026-03-13T18:38:30.181+00:00,triage,user_action,"{'turn': 8, 'rt_ms': 4105, 'correct': True, 'item_id': 'r8', 'option_id': 'today'}"
2029,dc61f9db-ce0a-45b6-ba05-24ec6bcca77b,b581cb58-728d-4c35-ab17-24e896fc6c5d,2026-03-13T18:38:59.09+00:00,gonogo,user_action,"{'rt_ms': None, 'trial': 1, 'correct': False, 'responded': False, 'stimulus_type': 'go'}"
2034,dc61f9db-ce0a-45b6-ba05-24ec6bcca77b,b581cb58-728d-4c35-ab17-24e896fc6c5d,2026-03-13T18:39:05.842+00:00,gonogo,user_action,"{'rt_ms': None, 'trial': 6, 'correct': True, 'responded': False, 'stimulus_type': 'nogo'}"
2039,dc61f9db-ce0a-45b6-ba05-24ec6bcca77b,b581cb58-728d-4c35-ab17-24e896fc6c5d,2026-03-13T18:39:12.497+00:00,gonogo,user_action,"{'rt_ms': None, 'trial': 11, 'correct': False, 'responded': False, 'stimulus_type': 'go'}"
2044,dc61f9db-ce0a-45b6-ba05-24ec6bcca77b,b581cb58-728d-4c35-ab17-24e896fc6c5d,2026-03-13T18:39:18.794+00:00,gonogo,user_action,"{'rt_ms': None, 'trial': 16, 'correct': False, 'responded': False, 'stimulus_type': 'go'}"
2049,dc61f9db-ce0a-45b6-ba05-24ec6bcca77b,b581cb58-728d-4c35-ab17-24e896fc6c5d,2026-03-13T18:39:25.854+00:00,gonogo,user_action,"{'rt_ms': None, 'trial': 21, 'correct': False, 'responded': False, 'stimulus_type': 'go'}"
2054,dc61f9db-ce0a-45b6-ba05-24ec6bcca77b,b581cb58-728d-4c35-ab17-24e896fc6c5d,2026-03-13T18:39:32.98+00:00,gonogo,user_action,"{'rt_ms': None, 'trial': 26, 'correct': False, 'responded': False, 'stimulus_type': 'go'}"
2059,dc61f9db-ce0a-45b6-ba05-24ec6bcca77b,b581cb58-728d-4c35-ab17-24e896fc6c5d,2026-03-13T18:39:39.369+00:00,gonogo,user_action,"{'rt_ms': None, 'trial': 31, 'correct': False, 'responded': False, 'stimulus_type': 'go'}"
2068,dc61f9db-ce0a-45b6-ba05-24ec6bcca77b,b581cb58-728d-4c35-ab17-24e896fc6c5d,2026-03-13T18:39:51.14+00:00,gonogo,user_action,"{'rt_ms': None, 'trial': 40, 'correct': False, 'responded': False, 'stimulus_type': 'go'}"
2076,dc61f9db-ce0a-45b6-ba05-24ec6bcca77b,b581cb58-728d-4c35-ab17-24e896fc6c5d,2026-03-13T18:40:01.636+00:00,gonogo,user_action,"{'rt_ms': 90, 'trial': 48, 'correct': True, 'responded': True, 'stimulus_type': 'go'}"
2081,dc61f9db-ce0a-45b6-ba05-24ec6bcca77b,b581cb58-728d-4c35-ab17-24e896fc6c5d,2026-03-13T18:40:08.139+00:00,gonogo,user_action,"{'rt_ms': None, 'trial': 53, 'correct': False, 'responded': False, 'stimulus_type': 'go'}"
2086,dc61f9db-ce0a-45b6-ba05-24ec6bcca77b,b581cb58-728d-4c35-ab17-24e896fc6c5d,2026-03-13T18:40:14.334+00:00,gonogo,user_action,"{'rt_ms': None, 'trial': 58, 'correct': True, 'responded': False, 'stimulus_type': 'nogo'}"
2370,49a37eea-1c06-4130-8ef6-800f21d39a09,b701c83a-8878-4490-a5c0-0bf097d5abf6,2026-03-13T23:43:11.944+00:00,dialogue,user_action,"{'turn': 8, 'rt_ms': 38191, 'option_id': 'C', 'scenario_id': 'S8'}"
2373,49a37eea-1c06-4130-8ef6-800f21d39a09,b701c83a-8878-4490-a5c0-0bf097d5abf6,2026-03-13T23:43:39.702+00:00,dialogue,stimulus_shown,"{'turn': 10, 'scenario_id': 'S10'}"
2790,12eb9bcf-a522-4faf-afb4-a5eb4aeec4f2,4412d3e8-0fd6-44ac-b0fd-2d4fc55f8dcd,2026-03-16T15:38:21.485+00:00,triage,stimulus_shown,"{'turn': 1, 'item_id': 's5', 'is_critical': False}"
2795,12eb9bcf-a522-4faf-afb4-a5eb4aeec4f2,4412d3e8-0fd6-44ac-b0fd-2d4fc55f8dcd,2026-03-16T15:38:39.414+00:00,triage,feedback_shown,"{'turn': 2, 'outcome': 'win', 'score_delta': 1}"
2800,12eb9bcf-a522-4faf-afb4-a5eb4aeec4f2,4412d3e8-0fd6-44ac-b0fd-2d4fc55f8dcd,2026-03-16T15:39:00.418+00:00,triage,user_action,"{'turn': 4, 'rt_ms': 11469, 'correct': False, 'item_id': 's7', 'option_id': 'today'}"
2805,12eb9bcf-a522-4faf-afb4-a5eb4aeec4f2,4412d3e8-0fd6-44ac-b0fd-2d4fc55f8dcd,2026-03-16T15:39:04.649+00:00,triage,stimulus_shown,"{'turn': 6, 'item_id': 's6', 'is_critical': False}"
2810,12eb9bcf-a522-4faf-afb4-a5eb4aeec4f2,4412d3e8-0fd6-44ac-b0fd-2d4fc55f8dcd,2026-03-16T15:39:20.916+00:00,triage,feedback_shown,"{'turn': 7, 'outcome': 'win', 'score_delta': 1}"
2818,45db58cb-fad0-4640-baef-ad10c275ae87,4412d3e8-0fd6-44ac-b0fd-2d4fc55f8dcd,2026-03-16T15:39:59.328+00:00,gonogo,user_action,"{'rt_ms': None, 'trial': 3, 'correct': False, 'responded': False, 'stimulus_type': 'go'}"
2823,45db58cb-fad0-4640-baef-ad10c275ae87,4412d3e8-0fd6-44ac-b0fd-2d4fc55f8dcd,2026-03-16T15:40:05.432+00:00,gonogo,user_action,"{'rt_ms': None, 'trial': 8, 'correct': False, 'responded': False, 'stimulus_type': 'go'}"
2828,45db58cb-fad0-4640-baef-ad10c275ae87,4412d3e8-0fd6-44ac-b0fd-2d4fc55f8dcd,2026-03-16T15:40:11.512+00:00,gonogo,user_action,"{'rt_ms': None, 'trial': 13, 'correct': False, 'responded': False, 'stimulus_type': 'go'}"
2986,2c327abe-f101-4fa8-aa66-c19509b2ea74,e5a89d72-ecd6-4cec-b55e-ceb2f1e81ef3,2026-03-16T16:20:21.902+00:00,triage,stimulus_shown,"{'turn': 1, 'item_id': 'r1', 'is_critical': True}"
2991,2c327abe-f101-4fa8-aa66-c19509b2ea74,e5a89d72-ecd6-4cec-b55e-ceb2f1e81ef3,2026-03-16T16:20:46.406+00:00,triage,feedback_shown,"{'turn': 2, 'outcome': 'win', 'score_delta': 1}"
3001,2c327abe-f101-4fa8-aa66-c19509b2ea74,e5a89d72-ecd6-4cec-b55e-ceb2f1e81ef3,2026-03-16T16:21:30.499+00:00,triage,stimulus_shown,"{'turn': 6, 'item_id': 'r7', 'is_critical': True}"
3005,2c327abe-f101-4fa8-aa66-c19509b2ea74,e5a89d72-ecd6-4cec-b55e-ceb2f1e81ef3,2026-03-16T16:21:45.6+00:00,triage,user_action,"{'turn': 7, 'rt_ms': 5360, 'correct': True, 'item_id': 'r3', 'option_id': 'week'}"
3008,2c327abe-f101-4fa8-aa66-c19509b2ea74,e5a89d72-ecd6-4cec-b55e-ceb2f1e81ef3,2026-03-16T16:21:54.828+00:00,triage,user_action,"{'turn': 8, 'rt_ms': 9049, 'correct': False, 'item_id': 'r5', 'option_id': 'week'}"
3013,ea99d7ab-a355-4952-8a53-e68dae5a88b2,e5a89d72-ecd6-4cec-b55e-ceb2f1e81ef3,2026-03-16T16:22:12.136+00:00,gonogo,user_action,"{'rt_ms': None, 'trial': 2, 'correct': False, 'responded': False, 'stimulus_type': 'go'}"
7396,2e31a368-5361-49db-9eab-a77818297cb1,8c35a76c-2545-4794-82e1-958d44734e08,2026-03-19T15:44:52.036+00:00,gonogo,run_start,{'n_trials': 60}
425,203eb2cf-18f4-4e99-b21d-94c5f93395df,3ac6508f-b936-44ad-8f8d-eeaf0e6848ee,2026-03-12T13:00:11.411+00:00,gonogo,user_action,"{'rt_ms': None, 'trial': 7, 'correct': False, 'responded': False, 'stimulus_type': 'go'}"
432,203eb2cf-18f4-4e99-b21d-94c5f93395df,3ac6508f-b936-44ad-8f8d-eeaf0e6848ee,2026-03-12T13:00:18.534+00:00,gonogo,user_action,"{'rt_ms': None, 'trial': 12, 'correct': True, 'responded': False, 'stimulus_type': 'nogo'}"
439,203eb2cf-18f4-4e99-b21d-94c5f93395df,3ac6508f-b936-44ad-8f8d-eeaf0e6848ee,2026-03-12T13:00:27.949+00:00,gonogo,user_action,"{'rt_ms': None, 'trial': 19, 'correct': True, 'responded': False, 'stimulus_type': 'nogo'}"
446,203eb2cf-18f4-4e99-b21d-94c5f93395df,3ac6508f-b936-44ad-8f8d-eeaf0e6848ee,2026-03-12T13:00:38.653+00:00,gonogo,user_action,"{'rt_ms': None, 'trial': 26, 'correct': False, 'responded': False, 'stimulus_type': 'go'}"
453,203eb2cf-18f4-4e99-b21d-94c5f93395df,3ac6508f-b936-44ad-8f8d-eeaf0e6848ee,2026-03-12T13:00:45.78+00:00,gonogo,user_action,"{'rt_ms': None, 'trial': 31, 'correct': False, 'responded': False, 'stimulus_type': 'go'}"
460,203eb2cf-18f4-4e99-b21d-94c5f93395df,3ac6508f-b936-44ad-8f8d-eeaf0e6848ee,2026-03-12T13:00:53.385+00:00,gonogo,user_action,"{'rt_ms': None, 'trial': 36, 'correct': False, 'responded': False, 'stimulus_type': 'go'}"
1695,2d601f0f-51d8-455d-a094-c45d5c3b3e23,09612f6d-c842-45f6-bac5-f6f5c117131c,2026-03-13T14:59:25.68+00:00,gonogo,user_action,"{'rt_ms': None, 'trial': 45, 'correct': True, 'responded': False, 'stimulus_type': 'nogo'}"
1700,2d601f0f-51d8-455d-a094-c45d5c3b3e23,09612f6d-c842-45f6-bac5-f6f5c117131c,2026-03-13T14:59:32.405+00:00,gonogo,user_action,"{'rt_ms': 275, 'trial': 50, 'correct': True, 'responded': True, 'stimulus_type': 'go'}"
1705,2d601f0f-51d8-455d-a094-c45d5c3b3e23,09612f6d-c842-45f6-bac5-f6f5c117131c,2026-03-13T14:59:39.014+00:00,gonogo,user_action,"{'rt_ms': None, 'trial': 55, 'correct': False, 'responded': False, 'stimulus_type': 'go'}"
1710,2d601f0f-51d8-455d-a094-c45d5c3b3e23,09612f6d-c842-45f6-bac5-f6f5c117131c,2026-03-13T14:59:45.418+00:00,gonogo,user_action,"{'rt_ms': 288, 'trial': 60, 'correct': True, 'responded': True, 'stimulus_type': 'go'}"
1713,f76ac4ef-b198-4c18-83aa-229c28801d0b,09612f6d-c842-45f6-bac5-f6f5c117131c,2026-03-13T14:59:57.457+00:00,dialogue,stimulus_shown,"{'turn': 1, 'scenario_id': 'S1'}"
2007,7f2db3cc-9624-4c6c-87a8-1363162b30c0,b581cb58-728d-4c35-ab17-24e896fc6c5d,2026-03-13T18:37:39.329+00:00,triage,user_action,"{'turn': 2, 'rt_ms': 5757, 'correct': False, 'item_id': 'r5', 'option_id': 'urgent'}"
2012,7f2db3cc-9624-4c6c-87a8-1363162b30c0,b581cb58-728d-4c35-ab17-24e896fc6c5d,2026-03-13T18:37:45.694+00:00,triage,stimulus_shown,"{'turn': 4, 'item_id': 'r7', 'is_critical': True}"
2016,7f2db3cc-9624-4c6c-87a8-1363162b30c0,b581cb58-728d-4c35-ab17-24e896fc6c5d,2026-03-13T18:38:00.145+00:00,triage,user_action,"{'turn': 5, 'rt_ms': 7634, 'correct': True, 'item_id': 'r2', 'option_id': 'today'}"
2021,7f2db3cc-9624-4c6c-87a8-1363162b30c0,b581cb58-728d-4c35-ab17-24e896fc6c5d,2026-03-13T18:38:07.042+00:00,triage,stimulus_shown,"{'turn': 7, 'item_id': 'r1', 'is_critical': True}"
2026,7f2db3cc-9624-4c6c-87a8-1363162b30c0,b581cb58-728d-4c35-ab17-24e896fc6c5d,2026-03-13T18:38:30.307+00:00,triage,feedback_shown,"{'turn': 8, 'outcome': 'win', 'score_delta': 1}"
2030,dc61f9db-ce0a-45b6-ba05-24ec6bcca77b,b581cb58-728d-4c35-ab17-24e896fc6c5d,2026-03-13T18:39:00.402+00:00,gonogo,user_action,"{'rt_ms': None, 'trial': 2, 'correct': False, 'responded': False, 'stimulus_type': 'go'}"
2035,dc61f9db-ce0a-45b6-ba05-24ec6bcca77b,b581cb58-728d-4c35-ab17-24e896fc6c5d,2026-03-13T18:39:07.257+00:00,gonogo,user_action,"{'rt_ms': None, 'trial': 7, 'correct': False, 'responded': False, 'stimulus_type': 'go'}"
2040,dc61f9db-ce0a-45b6-ba05-24ec6bcca77b,b581cb58-728d-4c35-ab17-24e896fc6c5d,2026-03-13T18:39:13.648+00:00,gonogo,user_action,"{'rt_ms': None, 'trial': 12, 'correct': False, 'responded': False, 'stimulus_type': 'go'}"
2045,dc61f9db-ce0a-45b6-ba05-24ec6bcca77b,b581cb58-728d-4c35-ab17-24e896fc6c5d,2026-03-13T18:39:20.247+00:00,gonogo,user_action,"{'rt_ms': None, 'trial': 17, 'correct': False, 'responded': False, 'stimulus_type': 'go'}"
2050,dc61f9db-ce0a-45b6-ba05-24ec6bcca77b,b581cb58-728d-4c35-ab17-24e896fc6c5d,2026-03-13T18:39:27.381+00:00,gonogo,user_action,"{'rt_ms': None, 'trial': 22, 'correct': True, 'responded': False, 'stimulus_type': 'nogo'}"
2055,dc61f9db-ce0a-45b6-ba05-24ec6bcca77b,b581cb58-728d-4c35-ab17-24e896fc6c5d,2026-03-13T18:39:34.248+00:00,gonogo,user_action,"{'rt_ms': None, 'trial': 27, 'correct': False, 'responded': False, 'stimulus_type': 'go'}"
2060,dc61f9db-ce0a-45b6-ba05-24ec6bcca77b,b581cb58-728d-4c35-ab17-24e896fc6c5d,2026-03-13T18:39:40.9+00:00,gonogo,user_action,"{'rt_ms': None, 'trial': 32, 'correct': True, 'responded': False, 'stimulus_type': 'nogo'}"
2064,dc61f9db-ce0a-45b6-ba05-24ec6bcca77b,b581cb58-728d-4c35-ab17-24e896fc6c5d,2026-03-13T18:39:46.025+00:00,gonogo,user_action,"{'rt_ms': None, 'trial': 36, 'correct': False, 'responded': False, 'stimulus_type': 'go'}"
2069,dc61f9db-ce0a-45b6-ba05-24ec6bcca77b,b581cb58-728d-4c35-ab17-24e896fc6c5d,2026-03-13T18:39:52.546+00:00,gonogo,user_action,"{'rt_ms': None, 'trial': 41, 'correct': True, 'responded': False, 'stimulus_type': 'nogo'}"
2077,dc61f9db-ce0a-45b6-ba05-24ec6bcca77b,b581cb58-728d-4c35-ab17-24e896fc6c5d,2026-03-13T18:40:02.723+00:00,gonogo,user_action,"{'rt_ms': 68, 'trial': 49, 'correct': False, 'responded': True, 'stimulus_type': 'nogo'}"
2082,dc61f9db-ce0a-45b6-ba05-24ec6bcca77b,b581cb58-728d-4c35-ab17-24e896fc6c5d,2026-03-13T18:40:09.296+00:00,gonogo,user_action,"{'rt_ms': None, 'trial': 54, 'correct': False, 'responded': False, 'stimulus_type': 'go'}"
2087,dc61f9db-ce0a-45b6-ba05-24ec6bcca77b,b581cb58-728d-4c35-ab17-24e896fc6c5d,2026-03-13T18:40:15.689+00:00,gonogo,user_action,"{'rt_ms': None, 'trial': 59, 'correct': False, 'responded': False, 'stimulus_type': 'go'}"
2090,70244288-d781-43c4-ba40-f57c0efd294f,b581cb58-728d-4c35-ab17-24e896fc6c5d,2026-03-13T18:40:31.412+00:00,dialogue,run_start,{'n_scenarios': 12}
2371,49a37eea-1c06-4130-8ef6-800f21d39a09,b701c83a-8878-4490-a5c0-0bf097d5abf6,2026-03-13T23:43:12.101+00:00,dialogue,stimulus_shown,"{'turn': 9, 'scenario_id': 'S9'}"
2791,12eb9bcf-a522-4faf-afb4-a5eb4aeec4f2,4412d3e8-0fd6-44ac-b0fd-2d4fc55f8dcd,2026-03-16T15:38:33.524+00:00,triage,user_action,"{'turn': 1, 'rt_ms': 12038, 'correct': False, 'item_id': 's5', 'option_id': 'urgent'}"
2796,12eb9bcf-a522-4faf-afb4-a5eb4aeec4f2,4412d3e8-0fd6-44ac-b0fd-2d4fc55f8dcd,2026-03-16T15:38:39.488+00:00,triage,stimulus_shown,"{'turn': 3, 'item_id': 's2', 'is_critical': False}"
2801,12eb9bcf-a522-4faf-afb4-a5eb4aeec4f2,4412d3e8-0fd6-44ac-b0fd-2d4fc55f8dcd,2026-03-16T15:39:00.507+00:00,triage,feedback_shown,"{'turn': 4, 'outcome': 'loss', 'score_delta': 0}"
2806,12eb9bcf-a522-4faf-afb4-a5eb4aeec4f2,4412d3e8-0fd6-44ac-b0fd-2d4fc55f8dcd,2026-03-16T15:39:14.225+00:00,triage,user_action,"{'turn': 6, 'rt_ms': 9576, 'correct': True, 'item_id': 's6', 'option_id': 'week'}"
2811,12eb9bcf-a522-4faf-afb4-a5eb4aeec4f2,4412d3e8-0fd6-44ac-b0fd-2d4fc55f8dcd,2026-03-16T15:39:21.006+00:00,triage,stimulus_shown,"{'turn': 8, 'item_id': 's8', 'is_critical': False}"
2819,45db58cb-fad0-4640-baef-ad10c275ae87,4412d3e8-0fd6-44ac-b0fd-2d4fc55f8dcd,2026-03-16T15:40:00.512+00:00,gonogo,user_action,"{'rt_ms': None, 'trial': 4, 'correct': False, 'responded': False, 'stimulus_type': 'go'}"
2824,45db58cb-fad0-4640-baef-ad10c275ae87,4412d3e8-0fd6-44ac-b0fd-2d4fc55f8dcd,2026-03-16T15:40:06.625+00:00,gonogo,user_action,"{'rt_ms': 259, 'trial': 9, 'correct': False, 'responded': True, 'stimulus_type': 'nogo'}"
2829,45db58cb-fad0-4640-baef-ad10c275ae87,4412d3e8-0fd6-44ac-b0fd-2d4fc55f8dcd,2026-03-16T15:40:12.712+00:00,gonogo,user_action,"{'rt_ms': None, 'trial': 14, 'correct': True, 'responded': False, 'stimulus_type': 'nogo'}"
2987,2c327abe-f101-4fa8-aa66-c19509b2ea74,e5a89d72-ecd6-4cec-b55e-ceb2f1e81ef3,2026-03-16T16:20:36.728+00:00,triage,user_action,"{'turn': 1, 'rt_ms': 14825, 'correct': True, 'item_id': 'r1', 'option_id': 'urgent'}"
2992,2c327abe-f101-4fa8-aa66-c19509b2ea74,e5a89d72-ecd6-4cec-b55e-ceb2f1e81ef3,2026-03-16T16:20:46.482+00:00,triage,stimulus_shown,"{'turn': 3, 'item_id': 'r4', 'is_critical': True}"
2998,2c327abe-f101-4fa8-aa66-c19509b2ea74,e5a89d72-ecd6-4cec-b55e-ceb2f1e81ef3,2026-03-16T16:21:06.219+00:00,triage,stimulus_shown,"{'turn': 5, 'item_id': 'r2', 'is_critical': False}"
3133,eed0401c-d208-46e7-bcab-df289a710b43,4983dc33-eb5d-46e1-92d4-2fa383334b78,2026-03-16T16:26:14.829+00:00,gonogo,user_action,"{'rt_ms': None, 'trial': 10, 'correct': False, 'responded': False, 'stimulus_type': 'go'}"
3138,8e0651c0-7093-4efb-8133-4d447b9ad18d,e5a89d72-ecd6-4cec-b55e-ceb2f1e81ef3,2026-03-16T16:26:17.689+00:00,dialogue,user_action,"{'turn': 11, 'rt_ms': 1345, 'option_id': 'C', 'scenario_id': 'S11'}"
426,203eb2cf-18f4-4e99-b21d-94c5f93395df,3ac6508f-b936-44ad-8f8d-eeaf0e6848ee,2026-03-12T13:00:12.834+00:00,gonogo,user_action,"{'rt_ms': None, 'trial': 8, 'correct': False, 'responded': False, 'stimulus_type': 'go'}"
433,203eb2cf-18f4-4e99-b21d-94c5f93395df,3ac6508f-b936-44ad-8f8d-eeaf0e6848ee,2026-03-12T13:00:19.95+00:00,gonogo,user_action,"{'rt_ms': None, 'trial': 13, 'correct': False, 'responded': False, 'stimulus_type': 'go'}"
440,203eb2cf-18f4-4e99-b21d-94c5f93395df,3ac6508f-b936-44ad-8f8d-eeaf0e6848ee,2026-03-12T13:00:29.622+00:00,gonogo,user_action,"{'rt_ms': None, 'trial': 20, 'correct': True, 'responded': False, 'stimulus_type': 'nogo'}"
447,203eb2cf-18f4-4e99-b21d-94c5f93395df,3ac6508f-b936-44ad-8f8d-eeaf0e6848ee,2026-03-12T13:00:39.958+00:00,gonogo,user_action,"{'rt_ms': None, 'trial': 27, 'correct': False, 'responded': False, 'stimulus_type': 'go'}"
454,e316ec20-f844-4b3c-8b90-35067a58d7b1,3eafff1d-e7a2-4e47-9a9d-e99388ee041b,2026-03-12T13:00:46.61+00:00,dialogue,user_action,"{'turn': 8, 'rt_ms': 5819, 'option_id': 'C', 'scenario_id': 'S8'}"
461,203eb2cf-18f4-4e99-b21d-94c5f93395df,3ac6508f-b936-44ad-8f8d-eeaf0e6848ee,2026-03-12T13:00:54.862+00:00,gonogo,user_action,"{'rt_ms': None, 'trial': 37, 'correct': True, 'responded': False, 'stimulus_type': 'nogo'}"
464,203eb2cf-18f4-4e99-b21d-94c5f93395df,3ac6508f-b936-44ad-8f8d-eeaf0e6848ee,2026-03-12T13:00:59.769+00:00,gonogo,user_action,"{'rt_ms': None, 'trial': 40, 'correct': True, 'responded': False, 'stimulus_type': 'nogo'}"
465,203eb2cf-18f4-4e99-b21d-94c5f93395df,3ac6508f-b936-44ad-8f8d-eeaf0e6848ee,2026-03-12T13:01:01.216+00:00,gonogo,user_action,"{'rt_ms': None, 'trial': 41, 'correct': False, 'responded': False, 'stimulus_type': 'go'}"
466,e316ec20-f844-4b3c-8b90-35067a58d7b1,3eafff1d-e7a2-4e47-9a9d-e99388ee041b,2026-03-12T13:01:01.651+00:00,dialogue,user_action,"{'turn': 9, 'rt_ms': 14902, 'option_id': 'C', 'scenario_id': 'S9'}"
467,e316ec20-f844-4b3c-8b90-35067a58d7b1,3eafff1d-e7a2-4e47-9a9d-e99388ee041b,2026-03-12T13:01:01.915+00:00,dialogue,stimulus_shown,"{'turn': 10, 'scenario_id': 'S10'}"
468,203eb2cf-18f4-4e99-b21d-94c5f93395df,3ac6508f-b936-44ad-8f8d-eeaf0e6848ee,2026-03-12T13:01:02.761+00:00,gonogo,user_action,"{'rt_ms': None, 'trial': 42, 'correct': False, 'responded': False, 'stimulus_type': 'go'}"
469,203eb2cf-18f4-4e99-b21d-94c5f93395df,3ac6508f-b936-44ad-8f8d-eeaf0e6848ee,2026-03-12T13:01:04.125+00:00,gonogo,user_action,"{'rt_ms': None, 'trial': 43, 'correct': False, 'responded': False, 'stimulus_type': 'go'}"
470,203eb2cf-18f4-4e99-b21d-94c5f93395df,3ac6508f-b936-44ad-8f8d-eeaf0e6848ee,2026-03-12T13:01:05.641+00:00,gonogo,user_action,"{'rt_ms': None, 'trial': 44, 'correct': False, 'responded': False, 'stimulus_type': 'go'}"
471,203eb2cf-18f4-4e99-b21d-94c5f93395df,3ac6508f-b936-44ad-8f8d-eeaf0e6848ee,2026-03-12T13:01:06.96+00:00,gonogo,user_action,"{'rt_ms': None, 'trial': 45, 'correct': False, 'responded': False, 'stimulus_type': 'go'}"
472,203eb2cf-18f4-4e99-b21d-94c5f93395df,3ac6508f-b936-44ad-8f8d-eeaf0e6848ee,2026-03-12T13:01:08.386+00:00,gonogo,user_action,"{'rt_ms': None, 'trial': 46, 'correct': False, 'responded': False, 'stimulus_type': 'go'}"
473,e316ec20-f844-4b3c-8b90-35067a58d7b1,3eafff1d-e7a2-4e47-9a9d-e99388ee041b,2026-03-12T13:01:09.144+00:00,dialogue,user_action,"{'turn': 10, 'rt_ms': 7229, 'option_id': 'C', 'scenario_id': 'S10'}"
474,e316ec20-f844-4b3c-8b90-35067a58d7b1,3eafff1d-e7a2-4e47-9a9d-e99388ee041b,2026-03-12T13:01:09.35+00:00,dialogue,stimulus_shown,"{'turn': 11, 'scenario_id': 'S11'}"
475,203eb2cf-18f4-4e99-b21d-94c5f93395df,3ac6508f-b936-44ad-8f8d-eeaf0e6848ee,2026-03-12T13:01:09.762+00:00,gonogo,user_action,"{'rt_ms': None, 'trial': 47, 'correct': False, 'responded': False, 'stimulus_type': 'go'}"
476,203eb2cf-18f4-4e99-b21d-94c5f93395df,3ac6508f-b936-44ad-8f8d-eeaf0e6848ee,2026-03-12T13:01:11.391+00:00,gonogo,user_action,"{'rt_ms': None, 'trial': 48, 'correct': False, 'responded': False, 'stimulus_type': 'go'}"
477,203eb2cf-18f4-4e99-b21d-94c5f93395df,3ac6508f-b936-44ad-8f8d-eeaf0e6848ee,2026-03-12T13:01:12.982+00:00,gonogo,user_action,"{'rt_ms': None, 'trial': 49, 'correct': False, 'responded': False, 'stimulus_type': 'go'}"
478,203eb2cf-18f4-4e99-b21d-94c5f93395df,3ac6508f-b936-44ad-8f8d-eeaf0e6848ee,2026-03-12T13:01:14.254+00:00,gonogo,user_action,"{'rt_ms': None, 'trial': 50, 'correct': False, 'responded': False, 'stimulus_type': 'go'}"
479,203eb2cf-18f4-4e99-b21d-94c5f93395df,3ac6508f-b936-44ad-8f8d-eeaf0e6848ee,2026-03-12T13:01:15.818+00:00,gonogo,user_action,"{'rt_ms': None, 'trial': 51, 'correct': False, 'responded': False, 'stimulus_type': 'go'}"
480,203eb2cf-18f4-4e99-b21d-94c5f93395df,3ac6508f-b936-44ad-8f8d-eeaf0e6848ee,2026-03-12T13:01:17.375+00:00,gonogo,user_action,"{'rt_ms': None, 'trial': 52, 'correct': False, 'responded': False, 'stimulus_type': 'go'}"
481,e316ec20-f844-4b3c-8b90-35067a58d7b1,3eafff1d-e7a2-4e47-9a9d-e99388ee041b,2026-03-12T13:01:18.65+00:00,dialogue,user_action,"{'turn': 11, 'rt_ms': 9300, 'option_id': 'C', 'scenario_id': 'S11'}"
482,e316ec20-f844-4b3c-8b90-35067a58d7b1,3eafff1d-e7a2-4e47-9a9d-e99388ee041b,2026-03-12T13:01:18.837+00:00,dialogue,stimulus_shown,"{'turn': 12, 'scenario_id': 'S12'}"
483,203eb2cf-18f4-4e99-b21d-94c5f93395df,3ac6508f-b936-44ad-8f8d-eeaf0e6848ee,2026-03-12T13:01:18.663+00:00,gonogo,user_action,"{'rt_ms': None, 'trial': 53, 'correct': False, 'responded': False, 'stimulus_type': 'go'}"
484,203eb2cf-18f4-4e99-b21d-94c5f93395df,3ac6508f-b936-44ad-8f8d-eeaf0e6848ee,2026-03-12T13:01:20.144+00:00,gonogo,user_action,"{'rt_ms': None, 'trial': 54, 'correct': False, 'responded': False, 'stimulus_type': 'go'}"
485,203eb2cf-18f4-4e99-b21d-94c5f93395df,3ac6508f-b936-44ad-8f8d-eeaf0e6848ee,2026-03-12T13:01:21.449+00:00,gonogo,user_action,"{'rt_ms': None, 'trial': 55, 'correct': False, 'responded': False, 'stimulus_type': 'go'}"
486,203eb2cf-18f4-4e99-b21d-94c5f93395df,3ac6508f-b936-44ad-8f8d-eeaf0e6848ee,2026-03-12T13:01:22.643+00:00,gonogo,user_action,"{'rt_ms': None, 'trial': 56, 'correct': False, 'responded': False, 'stimulus_type': 'go'}"
487,203eb2cf-18f4-4e99-b21d-94c5f93395df,3ac6508f-b936-44ad-8f8d-eeaf0e6848ee,2026-03-12T13:01:23.842+00:00,gonogo,user_action,"{'rt_ms': None, 'trial': 57, 'correct': False, 'responded': False, 'stimulus_type': 'go'}"
488,203eb2cf-18f4-4e99-b21d-94c5f93395df,3ac6508f-b936-44ad-8f8d-eeaf0e6848ee,2026-03-12T13:01:25.278+00:00,gonogo,user_action,"{'rt_ms': None, 'trial': 58, 'correct': True, 'responded': False, 'stimulus_type': 'nogo'}"
489,203eb2cf-18f4-4e99-b21d-94c5f93395df,3ac6508f-b936-44ad-8f8d-eeaf0e6848ee,2026-03-12T13:01:26.825+00:00,gonogo,user_action,"{'rt_ms': None, 'trial': 59, 'correct': True, 'responded': False, 'stimulus_type': 'nogo'}"
490,203eb2cf-18f4-4e99-b21d-94c5f93395df,3ac6508f-b936-44ad-8f8d-eeaf0e6848ee,2026-03-12T13:01:28.086+00:00,gonogo,user_action,"{'rt_ms': None, 'trial': 60, 'correct': False, 'responded': False, 'stimulus_type': 'go'}"
491,203eb2cf-18f4-4e99-b21d-94c5f93395df,3ac6508f-b936-44ad-8f8d-eeaf0e6848ee,2026-03-12T13:01:28.927+00:00,gonogo,run_end,"{'status': 'completed', 'n_trials': 60}"
492,e316ec20-f844-4b3c-8b90-35067a58d7b1,3eafff1d-e7a2-4e47-9a9d-e99388ee041b,2026-03-12T13:01:30.667+00:00,dialogue,user_action,"{'turn': 12, 'rt_ms': 11830, 'option_id': 'C', 'scenario_id': 'S12'}"
493,e316ec20-f844-4b3c-8b90-35067a58d7b1,3eafff1d-e7a2-4e47-9a9d-e99388ee041b,2026-03-12T13:01:30.926+00:00,dialogue,run_end,"{'status': 'completed', 'n_scenarios': 12}"
494,b1056a66-15c2-4e4a-87c7-010592bdfce8,3ac6508f-b936-44ad-8f8d-eeaf0e6848ee,2026-03-12T13:01:37.406+00:00,dialogue,run_start,{'n_scenarios': 12}
495,b1056a66-15c2-4e4a-87c7-010592bdfce8,3ac6508f-b936-44ad-8f8d-eeaf0e6848ee,2026-03-12T13:01:37.583+00:00,dialogue,stimulus_shown,"{'turn': 1, 'scenario_id': 'S1'}"
496,b1056a66-15c2-4e4a-87c7-010592bdfce8,3ac6508f-b936-44ad-8f8d-eeaf0e6848ee,2026-03-12T13:02:31.818+00:00,dialogue,user_action,"{'turn': 1, 'rt_ms': 54236, 'option_id': 'B', 'scenario_id': 'S1'}"
497,b1056a66-15c2-4e4a-87c7-010592bdfce8,3ac6508f-b936-44ad-8f8d-eeaf0e6848ee,2026-03-12T13:02:32.338+00:00,dialogue,stimulus_shown,"{'turn': 2, 'scenario_id': 'S2'}"
498,b1056a66-15c2-4e4a-87c7-010592bdfce8,3ac6508f-b936-44ad-8f8d-eeaf0e6848ee,2026-03-12T13:02:50.244+00:00,dialogue,user_action,"{'turn': 2, 'rt_ms': 17906, 'option_id': 'C', 'scenario_id': 'S2'}"
499,b1056a66-15c2-4e4a-87c7-010592bdfce8,3ac6508f-b936-44ad-8f8d-eeaf0e6848ee,2026-03-12T13:02:50.722+00:00,dialogue,stimulus_shown,"{'turn': 3, 'scenario_id': 'S3'}"
500,b1056a66-15c2-4e4a-87c7-010592bdfce8,3ac6508f-b936-44ad-8f8d-eeaf0e6848ee,2026-03-12T13:03:05.123+00:00,dialogue,user_action,"{'turn': 3, 'rt_ms': 14402, 'option_id': 'C', 'scenario_id': 'S3'}"
501,b1056a66-15c2-4e4a-87c7-010592bdfce8,3ac6508f-b936-44ad-8f8d-eeaf0e6848ee,2026-03-12T13:03:05.635+00:00,dialogue,stimulus_shown,"{'turn': 4, 'scenario_id': 'S4'}"
502,b1056a66-15c2-4e4a-87c7-010592bdfce8,3ac6508f-b936-44ad-8f8d-eeaf0e6848ee,2026-03-12T13:03:18.82+00:00,dialogue,user_action,"{'turn': 4, 'rt_ms': 13185, 'option_id': 'C', 'scenario_id': 'S4'}"
503,b1056a66-15c2-4e4a-87c7-010592bdfce8,3ac6508f-b936-44ad-8f8d-eeaf0e6848ee,2026-03-12T13:03:19.374+00:00,dialogue,stimulus_shown,"{'turn': 5, 'scenario_id': 'S5'}"
504,b1056a66-15c2-4e4a-87c7-010592bdfce8,3ac6508f-b936-44ad-8f8d-eeaf0e6848ee,2026-03-12T13:03:32.583+00:00,dialogue,user_action,"{'turn': 5, 'rt_ms': 13210, 'option_id': 'C', 'scenario_id': 'S5'}"
505,b1056a66-15c2-4e4a-87c7-010592bdfce8,3ac6508f-b936-44ad-8f8d-eeaf0e6848ee,2026-03-12T13:03:32.739+00:00,dialogue,stimulus_shown,"{'turn': 6, 'scenario_id': 'S6'}"
506,b1056a66-15c2-4e4a-87c7-010592bdfce8,3ac6508f-b936-44ad-8f8d-eeaf0e6848ee,2026-03-12T13:03:50.385+00:00,dialogue,user_action,"{'turn': 6, 'rt_ms': 17646, 'option_id': 'C', 'scenario_id': 'S6'}"
507,b1056a66-15c2-4e4a-87c7-010592bdfce8,3ac6508f-b936-44ad-8f8d-eeaf0e6848ee,2026-03-12T13:03:51.119+00:00,dialogue,stimulus_shown,"{'turn': 7, 'scenario_id': 'S7'}"
508,b1056a66-15c2-4e4a-87c7-010592bdfce8,3ac6508f-b936-44ad-8f8d-eeaf0e6848ee,2026-03-12T13:03:59.86+00:00,dialogue,user_action,"{'turn': 7, 'rt_ms': 8741, 'option_id': 'B', 'scenario_id': 'S7'}"
509,b1056a66-15c2-4e4a-87c7-010592bdfce8,3ac6508f-b936-44ad-8f8d-eeaf0e6848ee,2026-03-12T13:04:00.042+00:00,dialogue,stimulus_shown,"{'turn': 8, 'scenario_id': 'S8'}"
510,b1056a66-15c2-4e4a-87c7-010592bdfce8,3ac6508f-b936-44ad-8f8d-eeaf0e6848ee,2026-03-12T13:04:12.982+00:00,dialogue,user_action,"{'turn': 8, 'rt_ms': 12941, 'option_id': 'B', 'scenario_id': 'S8'}"
511,b1056a66-15c2-4e4a-87c7-010592bdfce8,3ac6508f-b936-44ad-8f8d-eeaf0e6848ee,2026-03-12T13:04:13.15+00:00,dialogue,stimulus_shown,"{'turn': 9, 'scenario_id': 'S9'}"
512,b1056a66-15c2-4e4a-87c7-010592bdfce8,3ac6508f-b936-44ad-8f8d-eeaf0e6848ee,2026-03-12T13:04:22.819+00:00,dialogue,user_action,"{'turn': 9, 'rt_ms': 9669, 'option_id': 'C', 'scenario_id': 'S9'}"
513,b1056a66-15c2-4e4a-87c7-010592bdfce8,3ac6508f-b936-44ad-8f8d-eeaf0e6848ee,2026-03-12T13:04:22.98+00:00,dialogue,stimulus_shown,"{'turn': 10, 'scenario_id': 'S10'}"
514,b1056a66-15c2-4e4a-87c7-010592bdfce8,3ac6508f-b936-44ad-8f8d-eeaf0e6848ee,2026-03-12T13:04:33.749+00:00,dialogue,user_action,"{'turn': 10, 'rt_ms': 10769, 'option_id': 'C', 'scenario_id': 'S10'}"
515,b1056a66-15c2-4e4a-87c7-010592bdfce8,3ac6508f-b936-44ad-8f8d-eeaf0e6848ee,2026-03-12T13:04:34.241+00:00,dialogue,stimulus_shown,"{'turn': 11, 'scenario_id': 'S11'}"
516,b1056a66-15c2-4e4a-87c7-010592bdfce8,3ac6508f-b936-44ad-8f8d-eeaf0e6848ee,2026-03-12T13:04:42.98+00:00,dialogue,user_action,"{'turn': 11, 'rt_ms': 8739, 'option_id': 'B', 'scenario_id': 'S11'}"
517,b1056a66-15c2-4e4a-87c7-010592bdfce8,3ac6508f-b936-44ad-8f8d-eeaf0e6848ee,2026-03-12T13:04:43.138+00:00,dialogue,stimulus_shown,"{'turn': 12, 'scenario_id': 'S12'}"
518,b1056a66-15c2-4e4a-87c7-010592bdfce8,3ac6508f-b936-44ad-8f8d-eeaf0e6848ee,2026-03-12T13:04:52.591+00:00,dialogue,user_action,"{'turn': 12, 'rt_ms': 9453, 'option_id': 'C', 'scenario_id': 'S12'}"
519,b1056a66-15c2-4e4a-87c7-010592bdfce8,3ac6508f-b936-44ad-8f8d-eeaf0e6848ee,2026-03-12T13:04:52.811+00:00,dialogue,run_end,"{'status': 'completed', 'n_scenarios': 12}"
520,b0e87965-a793-4f16-899d-4e14e37cc9a7,867d1f34-4148-42e9-865b-15889571ad89,2026-03-12T13:36:02.352+00:00,triage,run_start,"{'n_items': 8, 'role_context': 'sales_ops'}"
521,b0e87965-a793-4f16-899d-4e14e37cc9a7,867d1f34-4148-42e9-865b-15889571ad89,2026-03-12T13:36:02.597+00:00,triage,stimulus_shown,"{'turn': 1, 'item_id': 's2', 'is_critical': False}"
522,b0e87965-a793-4f16-899d-4e14e37cc9a7,867d1f34-4148-42e9-865b-15889571ad89,2026-03-12T13:36:29.741+00:00,triage,user_action,"{'turn': 1, 'rt_ms': 27144, 'correct': True, 'item_id': 's2', 'option_id': 'today'}"
523,b0e87965-a793-4f16-899d-4e14e37cc9a7,867d1f34-4148-42e9-865b-15889571ad89,2026-03-12T13:36:30.203+00:00,triage,feedback_shown,"{'turn': 1, 'outcome': 'win', 'score_delta': 1}"
524,b0e87965-a793-4f16-899d-4e14e37cc9a7,867d1f34-4148-42e9-865b-15889571ad89,2026-03-12T13:36:30.405+00:00,triage,stimulus_shown,"{'turn': 2, 'item_id': 's4', 'is_critical': True}"
525,b0e87965-a793-4f16-899d-4e14e37cc9a7,867d1f34-4148-42e9-865b-15889571ad89,2026-03-12T13:36:46.014+00:00,triage,user_action,"{'turn': 2, 'rt_ms': 15609, 'correct': False, 'item_id': 's4', 'option_id': 'today'}"
526,b0e87965-a793-4f16-899d-4e14e37cc9a7,867d1f34-4148-42e9-865b-15889571ad89,2026-03-12T13:36:46.385+00:00,triage,feedback_shown,"{'turn': 2, 'outcome': 'loss', 'score_delta': 0}"
527,b0e87965-a793-4f16-899d-4e14e37cc9a7,867d1f34-4148-42e9-865b-15889571ad89,2026-03-12T13:36:46.545+00:00,triage,stimulus_shown,"{'turn': 3, 'item_id': 's7', 'is_critical': True}"
528,b0e87965-a793-4f16-899d-4e14e37cc9a7,867d1f34-4148-42e9-865b-15889571ad89,2026-03-12T13:36:51.469+00:00,triage,user_action,"{'turn': 3, 'rt_ms': 4924, 'correct': True, 'item_id': 's7', 'option_id': 'urgent'}"
529,b0e87965-a793-4f16-899d-4e14e37cc9a7,867d1f34-4148-42e9-865b-15889571ad89,2026-03-12T13:36:51.655+00:00,triage,feedback_shown,"{'turn': 3, 'outcome': 'win', 'score_delta': 1}"
530,b0e87965-a793-4f16-899d-4e14e37cc9a7,867d1f34-4148-42e9-865b-15889571ad89,2026-03-12T13:36:51.799+00:00,triage,stimulus_shown,"{'turn': 4, 'item_id': 's3', 'is_critical': False}"
531,b0e87965-a793-4f16-899d-4e14e37cc9a7,867d1f34-4148-42e9-865b-15889571ad89,2026-03-12T13:36:57.658+00:00,triage,user_action,"{'turn': 4, 'rt_ms': 5859, 'correct': True, 'item_id': 's3', 'option_id': 'week'}"
532,b0e87965-a793-4f16-899d-4e14e37cc9a7,867d1f34-4148-42e9-865b-15889571ad89,2026-03-12T13:36:57.835+00:00,triage,feedback_shown,"{'turn': 4, 'outcome': 'win', 'score_delta': 1}"
533,b0e87965-a793-4f16-899d-4e14e37cc9a7,867d1f34-4148-42e9-865b-15889571ad89,2026-03-12T13:36:57.954+00:00,triage,stimulus_shown,"{'turn': 5, 'item_id': 's8', 'is_critical': False}"
534,b0e87965-a793-4f16-899d-4e14e37cc9a7,867d1f34-4148-42e9-865b-15889571ad89,2026-03-12T13:37:03.541+00:00,triage,user_action,"{'turn': 5, 'rt_ms': 5587, 'correct': False, 'item_id': 's8', 'option_id': 'week'}"
535,b0e87965-a793-4f16-899d-4e14e37cc9a7,867d1f34-4148-42e9-865b-15889571ad89,2026-03-12T13:37:03.715+00:00,triage,feedback_shown,"{'turn': 5, 'outcome': 'loss', 'score_delta': 0}"
536,b0e87965-a793-4f16-899d-4e14e37cc9a7,867d1f34-4148-42e9-865b-15889571ad89,2026-03-12T13:37:03.876+00:00,triage,stimulus_shown,"{'turn': 6, 'item_id': 's5', 'is_critical': False}"
537,b0e87965-a793-4f16-899d-4e14e37cc9a7,867d1f34-4148-42e9-865b-15889571ad89,2026-03-12T13:37:10.985+00:00,triage,user_action,"{'turn': 6, 'rt_ms': 7108, 'correct': False, 'item_id': 's5', 'option_id': 'week'}"
538,b0e87965-a793-4f16-899d-4e14e37cc9a7,867d1f34-4148-42e9-865b-15889571ad89,2026-03-12T13:37:11.394+00:00,triage,feedback_shown,"{'turn': 6, 'outcome': 'loss', 'score_delta': 0}"
539,b0e87965-a793-4f16-899d-4e14e37cc9a7,867d1f34-4148-42e9-865b-15889571ad89,2026-03-12T13:37:11.538+00:00,triage,stimulus_shown,"{'turn': 7, 'item_id': 's6', 'is_critical': False}"
540,b0e87965-a793-4f16-899d-4e14e37cc9a7,867d1f34-4148-42e9-865b-15889571ad89,2026-03-12T13:37:22.976+00:00,triage,user_action,"{'turn': 7, 'rt_ms': 11438, 'correct': True, 'item_id': 's6', 'option_id': 'week'}"
541,b0e87965-a793-4f16-899d-4e14e37cc9a7,867d1f34-4148-42e9-865b-15889571ad89,2026-03-12T13:37:23.272+00:00,triage,feedback_shown,"{'turn': 7, 'outcome': 'win', 'score_delta': 1}"
542,b0e87965-a793-4f16-899d-4e14e37cc9a7,867d1f34-4148-42e9-865b-15889571ad89,2026-03-12T13:37:23.383+00:00,triage,stimulus_shown,"{'turn': 8, 'item_id': 's1', 'is_critical': True}"
543,b0e87965-a793-4f16-899d-4e14e37cc9a7,867d1f34-4148-42e9-865b-15889571ad89,2026-03-12T13:37:27.295+00:00,triage,user_action,"{'turn': 8, 'rt_ms': 3912, 'correct': False, 'item_id': 's1', 'option_id': 'today'}"
544,b0e87965-a793-4f16-899d-4e14e37cc9a7,867d1f34-4148-42e9-865b-15889571ad89,2026-03-12T13:37:27.455+00:00,triage,feedback_shown,"{'turn': 8, 'outcome': 'loss', 'score_delta': 0}"
545,b0e87965-a793-4f16-899d-4e14e37cc9a7,867d1f34-4148-42e9-865b-15889571ad89,2026-03-12T13:37:27.575+00:00,triage,run_end,"{'status': 'completed', 'role_context': 'sales_ops', 'score_total_client': 4, 'critical_miss_client': 2}"
546,64a8fc33-4a1f-4d1b-9f2a-836bcb41b8b8,867d1f34-4148-42e9-865b-15889571ad89,2026-03-12T13:37:53.938+00:00,gonogo,run_start,{'n_trials': 60}
547,64a8fc33-4a1f-4d1b-9f2a-836bcb41b8b8,867d1f34-4148-42e9-865b-15889571ad89,2026-03-12T13:37:54.612+00:00,gonogo,user_action,"{'rt_ms': None, 'trial': 1, 'correct': False, 'responded': False, 'stimulus_type': 'go'}"
980,b037b465-579d-4aaf-b784-7547462cd203,1f9327a4-93a4-48d3-9e43-0aa6f57306b0,2026-03-12T16:41:07.641+00:00,dialogue,run_start,{'n_scenarios': 12}
548,64a8fc33-4a1f-4d1b-9f2a-836bcb41b8b8,867d1f34-4148-42e9-865b-15889571ad89,2026-03-12T13:37:56.092+00:00,gonogo,user_action,"{'rt_ms': None, 'trial': 2, 'correct': False, 'responded': False, 'stimulus_type': 'go'}"
555,64a8fc33-4a1f-4d1b-9f2a-836bcb41b8b8,867d1f34-4148-42e9-865b-15889571ad89,2026-03-12T13:38:04.349+00:00,gonogo,user_action,"{'rt_ms': 273, 'trial': 9, 'correct': True, 'responded': True, 'stimulus_type': 'go'}"
562,64a8fc33-4a1f-4d1b-9f2a-836bcb41b8b8,867d1f34-4148-42e9-865b-15889571ad89,2026-03-12T13:38:14.144+00:00,gonogo,user_action,"{'rt_ms': None, 'trial': 16, 'correct': False, 'responded': False, 'stimulus_type': 'go'}"
569,64a8fc33-4a1f-4d1b-9f2a-836bcb41b8b8,867d1f34-4148-42e9-865b-15889571ad89,2026-03-12T13:38:23.934+00:00,gonogo,user_action,"{'rt_ms': None, 'trial': 23, 'correct': False, 'responded': False, 'stimulus_type': 'go'}"
576,64a8fc33-4a1f-4d1b-9f2a-836bcb41b8b8,867d1f34-4148-42e9-865b-15889571ad89,2026-03-12T13:38:33.054+00:00,gonogo,user_action,"{'rt_ms': None, 'trial': 30, 'correct': False, 'responded': False, 'stimulus_type': 'go'}"
583,64a8fc33-4a1f-4d1b-9f2a-836bcb41b8b8,867d1f34-4148-42e9-865b-15889571ad89,2026-03-12T13:38:42.698+00:00,gonogo,user_action,"{'rt_ms': None, 'trial': 37, 'correct': False, 'responded': False, 'stimulus_type': 'go'}"
590,64a8fc33-4a1f-4d1b-9f2a-836bcb41b8b8,867d1f34-4148-42e9-865b-15889571ad89,2026-03-12T13:38:51.889+00:00,gonogo,user_action,"{'rt_ms': None, 'trial': 44, 'correct': True, 'responded': False, 'stimulus_type': 'nogo'}"
597,64a8fc33-4a1f-4d1b-9f2a-836bcb41b8b8,867d1f34-4148-42e9-865b-15889571ad89,2026-03-12T13:39:01.844+00:00,gonogo,user_action,"{'rt_ms': None, 'trial': 51, 'correct': False, 'responded': False, 'stimulus_type': 'go'}"
604,64a8fc33-4a1f-4d1b-9f2a-836bcb41b8b8,867d1f34-4148-42e9-865b-15889571ad89,2026-03-12T13:39:11.516+00:00,gonogo,user_action,"{'rt_ms': None, 'trial': 58, 'correct': False, 'responded': False, 'stimulus_type': 'go'}"
1696,2d601f0f-51d8-455d-a094-c45d5c3b3e23,09612f6d-c842-45f6-bac5-f6f5c117131c,2026-03-13T14:59:27.046+00:00,gonogo,user_action,"{'rt_ms': None, 'trial': 46, 'correct': False, 'responded': False, 'stimulus_type': 'go'}"
1701,2d601f0f-51d8-455d-a094-c45d5c3b3e23,09612f6d-c842-45f6-bac5-f6f5c117131c,2026-03-13T14:59:33.7+00:00,gonogo,user_action,"{'rt_ms': None, 'trial': 51, 'correct': True, 'responded': False, 'stimulus_type': 'nogo'}"
1706,2d601f0f-51d8-455d-a094-c45d5c3b3e23,09612f6d-c842-45f6-bac5-f6f5c117131c,2026-03-13T14:59:40.16+00:00,gonogo,user_action,"{'rt_ms': None, 'trial': 56, 'correct': False, 'responded': False, 'stimulus_type': 'go'}"
1711,2d601f0f-51d8-455d-a094-c45d5c3b3e23,09612f6d-c842-45f6-bac5-f6f5c117131c,2026-03-13T14:59:45.984+00:00,gonogo,run_end,"{'status': 'completed', 'n_trials': 60}"
2008,7f2db3cc-9624-4c6c-87a8-1363162b30c0,b581cb58-728d-4c35-ab17-24e896fc6c5d,2026-03-13T18:37:39.487+00:00,triage,feedback_shown,"{'turn': 2, 'outcome': 'loss', 'score_delta': 0}"
2017,7f2db3cc-9624-4c6c-87a8-1363162b30c0,b581cb58-728d-4c35-ab17-24e896fc6c5d,2026-03-13T18:38:00.518+00:00,triage,feedback_shown,"{'turn': 5, 'outcome': 'win', 'score_delta': 1}"
2022,7f2db3cc-9624-4c6c-87a8-1363162b30c0,b581cb58-728d-4c35-ab17-24e896fc6c5d,2026-03-13T18:38:25.633+00:00,triage,user_action,"{'turn': 7, 'rt_ms': 18591, 'correct': True, 'item_id': 'r1', 'option_id': 'urgent'}"
2027,7f2db3cc-9624-4c6c-87a8-1363162b30c0,b581cb58-728d-4c35-ab17-24e896fc6c5d,2026-03-13T18:38:30.417+00:00,triage,run_end,"{'status': 'completed', 'role_context': 'receptionist', 'score_total_client': 6, 'critical_miss_client': 0}"
2031,dc61f9db-ce0a-45b6-ba05-24ec6bcca77b,b581cb58-728d-4c35-ab17-24e896fc6c5d,2026-03-13T18:39:01.881+00:00,gonogo,user_action,"{'rt_ms': None, 'trial': 3, 'correct': False, 'responded': False, 'stimulus_type': 'go'}"
2036,dc61f9db-ce0a-45b6-ba05-24ec6bcca77b,b581cb58-728d-4c35-ab17-24e896fc6c5d,2026-03-13T18:39:08.553+00:00,gonogo,user_action,"{'rt_ms': None, 'trial': 8, 'correct': False, 'responded': False, 'stimulus_type': 'go'}"
2041,dc61f9db-ce0a-45b6-ba05-24ec6bcca77b,b581cb58-728d-4c35-ab17-24e896fc6c5d,2026-03-13T18:39:15.017+00:00,gonogo,user_action,"{'rt_ms': None, 'trial': 13, 'correct': True, 'responded': False, 'stimulus_type': 'nogo'}"
2046,dc61f9db-ce0a-45b6-ba05-24ec6bcca77b,b581cb58-728d-4c35-ab17-24e896fc6c5d,2026-03-13T18:39:21.43+00:00,gonogo,user_action,"{'rt_ms': None, 'trial': 18, 'correct': True, 'responded': False, 'stimulus_type': 'nogo'}"
2051,dc61f9db-ce0a-45b6-ba05-24ec6bcca77b,b581cb58-728d-4c35-ab17-24e896fc6c5d,2026-03-13T18:39:28.619+00:00,gonogo,user_action,"{'rt_ms': None, 'trial': 23, 'correct': False, 'responded': False, 'stimulus_type': 'go'}"
2056,dc61f9db-ce0a-45b6-ba05-24ec6bcca77b,b581cb58-728d-4c35-ab17-24e896fc6c5d,2026-03-13T18:39:35.726+00:00,gonogo,user_action,"{'rt_ms': None, 'trial': 28, 'correct': False, 'responded': False, 'stimulus_type': 'go'}"
2061,dc61f9db-ce0a-45b6-ba05-24ec6bcca77b,b581cb58-728d-4c35-ab17-24e896fc6c5d,2026-03-13T18:39:41.959+00:00,gonogo,user_action,"{'rt_ms': 47, 'trial': 33, 'correct': True, 'responded': True, 'stimulus_type': 'go'}"
2065,dc61f9db-ce0a-45b6-ba05-24ec6bcca77b,b581cb58-728d-4c35-ab17-24e896fc6c5d,2026-03-13T18:39:47.32+00:00,gonogo,user_action,"{'rt_ms': None, 'trial': 37, 'correct': False, 'responded': False, 'stimulus_type': 'go'}"
2070,dc61f9db-ce0a-45b6-ba05-24ec6bcca77b,b581cb58-728d-4c35-ab17-24e896fc6c5d,2026-03-13T18:39:53.769+00:00,gonogo,user_action,"{'rt_ms': None, 'trial': 42, 'correct': False, 'responded': False, 'stimulus_type': 'go'}"
2073,dc61f9db-ce0a-45b6-ba05-24ec6bcca77b,b581cb58-728d-4c35-ab17-24e896fc6c5d,2026-03-13T18:39:57.708+00:00,gonogo,user_action,"{'rt_ms': None, 'trial': 45, 'correct': False, 'responded': False, 'stimulus_type': 'go'}"
2078,dc61f9db-ce0a-45b6-ba05-24ec6bcca77b,b581cb58-728d-4c35-ab17-24e896fc6c5d,2026-03-13T18:40:04.031+00:00,gonogo,user_action,"{'rt_ms': None, 'trial': 50, 'correct': False, 'responded': False, 'stimulus_type': 'go'}"
2083,dc61f9db-ce0a-45b6-ba05-24ec6bcca77b,b581cb58-728d-4c35-ab17-24e896fc6c5d,2026-03-13T18:40:10.547+00:00,gonogo,user_action,"{'rt_ms': None, 'trial': 55, 'correct': False, 'responded': False, 'stimulus_type': 'go'}"
2088,dc61f9db-ce0a-45b6-ba05-24ec6bcca77b,b581cb58-728d-4c35-ab17-24e896fc6c5d,2026-03-13T18:40:17.183+00:00,gonogo,user_action,"{'rt_ms': None, 'trial': 60, 'correct': False, 'responded': False, 'stimulus_type': 'go'}"
2091,70244288-d781-43c4-ba40-f57c0efd294f,b581cb58-728d-4c35-ab17-24e896fc6c5d,2026-03-13T18:40:31.54+00:00,dialogue,stimulus_shown,"{'turn': 1, 'scenario_id': 'S1'}"
2372,49a37eea-1c06-4130-8ef6-800f21d39a09,b701c83a-8878-4490-a5c0-0bf097d5abf6,2026-03-13T23:43:39.569+00:00,dialogue,user_action,"{'turn': 9, 'rt_ms': 27467, 'option_id': 'C', 'scenario_id': 'S9'}"
2375,49a37eea-1c06-4130-8ef6-800f21d39a09,b701c83a-8878-4490-a5c0-0bf097d5abf6,2026-03-13T23:43:56.291+00:00,dialogue,stimulus_shown,"{'turn': 11, 'scenario_id': 'S11'}"
2378,49a37eea-1c06-4130-8ef6-800f21d39a09,b701c83a-8878-4490-a5c0-0bf097d5abf6,2026-03-13T23:44:17.416+00:00,dialogue,user_action,"{'turn': 12, 'rt_ms': 7220, 'option_id': 'C', 'scenario_id': 'S12'}"
2792,12eb9bcf-a522-4faf-afb4-a5eb4aeec4f2,4412d3e8-0fd6-44ac-b0fd-2d4fc55f8dcd,2026-03-16T15:38:33.628+00:00,triage,feedback_shown,"{'turn': 1, 'outcome': 'loss', 'score_delta': 0}"
2797,12eb9bcf-a522-4faf-afb4-a5eb4aeec4f2,4412d3e8-0fd6-44ac-b0fd-2d4fc55f8dcd,2026-03-16T15:38:48.775+00:00,triage,user_action,"{'turn': 3, 'rt_ms': 9288, 'correct': False, 'item_id': 's2', 'option_id': 'urgent'}"
2802,12eb9bcf-a522-4faf-afb4-a5eb4aeec4f2,4412d3e8-0fd6-44ac-b0fd-2d4fc55f8dcd,2026-03-16T15:39:00.579+00:00,triage,stimulus_shown,"{'turn': 5, 'item_id': 's4', 'is_critical': True}"
2807,12eb9bcf-a522-4faf-afb4-a5eb4aeec4f2,4412d3e8-0fd6-44ac-b0fd-2d4fc55f8dcd,2026-03-16T15:39:14.335+00:00,triage,feedback_shown,"{'turn': 6, 'outcome': 'win', 'score_delta': 1}"
2988,2c327abe-f101-4fa8-aa66-c19509b2ea74,e5a89d72-ecd6-4cec-b55e-ceb2f1e81ef3,2026-03-16T16:20:36.814+00:00,triage,feedback_shown,"{'turn': 1, 'outcome': 'win', 'score_delta': 1}"
2993,2c327abe-f101-4fa8-aa66-c19509b2ea74,e5a89d72-ecd6-4cec-b55e-ceb2f1e81ef3,2026-03-16T16:20:50.386+00:00,triage,user_action,"{'turn': 3, 'rt_ms': 3904, 'correct': True, 'item_id': 'r4', 'option_id': 'urgent'}"
3143,eed0401c-d208-46e7-bcab-df289a710b43,4983dc33-eb5d-46e1-92d4-2fa383334b78,2026-03-16T16:26:19.683+00:00,gonogo,user_action,"{'rt_ms': None, 'trial': 14, 'correct': False, 'responded': False, 'stimulus_type': 'go'}"
3149,eed0401c-d208-46e7-bcab-df289a710b43,4983dc33-eb5d-46e1-92d4-2fa383334b78,2026-03-16T16:26:27.692+00:00,gonogo,user_action,"{'rt_ms': None, 'trial': 20, 'correct': False, 'responded': False, 'stimulus_type': 'go'}"
3314,7b698a4c-d78c-458d-994d-9a0e503438c8,2793726b-3a52-4497-bb98-7ae0368d25e2,2026-03-16T16:57:08.171+00:00,dialogue,stimulus_shown,"{'turn': 4, 'scenario_id': 'S4'}"
549,64a8fc33-4a1f-4d1b-9f2a-836bcb41b8b8,867d1f34-4148-42e9-865b-15889571ad89,2026-03-12T13:37:57.326+00:00,gonogo,user_action,"{'rt_ms': 281, 'trial': 3, 'correct': True, 'responded': True, 'stimulus_type': 'go'}"
556,64a8fc33-4a1f-4d1b-9f2a-836bcb41b8b8,867d1f34-4148-42e9-865b-15889571ad89,2026-03-12T13:38:05.634+00:00,gonogo,user_action,"{'rt_ms': 273, 'trial': 10, 'correct': True, 'responded': True, 'stimulus_type': 'go'}"
563,64a8fc33-4a1f-4d1b-9f2a-836bcb41b8b8,867d1f34-4148-42e9-865b-15889571ad89,2026-03-12T13:38:15.662+00:00,gonogo,user_action,"{'rt_ms': None, 'trial': 17, 'correct': False, 'responded': False, 'stimulus_type': 'go'}"
570,64a8fc33-4a1f-4d1b-9f2a-836bcb41b8b8,867d1f34-4148-42e9-865b-15889571ad89,2026-03-12T13:38:25.253+00:00,gonogo,user_action,"{'rt_ms': None, 'trial': 24, 'correct': False, 'responded': False, 'stimulus_type': 'go'}"
577,64a8fc33-4a1f-4d1b-9f2a-836bcb41b8b8,867d1f34-4148-42e9-865b-15889571ad89,2026-03-12T13:38:34.328+00:00,gonogo,user_action,"{'rt_ms': None, 'trial': 31, 'correct': True, 'responded': False, 'stimulus_type': 'nogo'}"
584,64a8fc33-4a1f-4d1b-9f2a-836bcb41b8b8,867d1f34-4148-42e9-865b-15889571ad89,2026-03-12T13:38:44.066+00:00,gonogo,user_action,"{'rt_ms': None, 'trial': 38, 'correct': False, 'responded': False, 'stimulus_type': 'go'}"
591,64a8fc33-4a1f-4d1b-9f2a-836bcb41b8b8,867d1f34-4148-42e9-865b-15889571ad89,2026-03-12T13:38:53.371+00:00,gonogo,user_action,"{'rt_ms': None, 'trial': 45, 'correct': False, 'responded': False, 'stimulus_type': 'go'}"
598,64a8fc33-4a1f-4d1b-9f2a-836bcb41b8b8,867d1f34-4148-42e9-865b-15889571ad89,2026-03-12T13:39:03.075+00:00,gonogo,user_action,"{'rt_ms': None, 'trial': 52, 'correct': False, 'responded': False, 'stimulus_type': 'go'}"
605,64a8fc33-4a1f-4d1b-9f2a-836bcb41b8b8,867d1f34-4148-42e9-865b-15889571ad89,2026-03-12T13:39:12.993+00:00,gonogo,user_action,"{'rt_ms': None, 'trial': 59, 'correct': False, 'responded': False, 'stimulus_type': 'go'}"
1697,2d601f0f-51d8-455d-a094-c45d5c3b3e23,09612f6d-c842-45f6-bac5-f6f5c117131c,2026-03-13T14:59:28.355+00:00,gonogo,user_action,"{'rt_ms': 242, 'trial': 47, 'correct': True, 'responded': True, 'stimulus_type': 'go'}"
1702,2d601f0f-51d8-455d-a094-c45d5c3b3e23,09612f6d-c842-45f6-bac5-f6f5c117131c,2026-03-13T14:59:35.238+00:00,gonogo,user_action,"{'rt_ms': None, 'trial': 52, 'correct': False, 'responded': False, 'stimulus_type': 'go'}"
1707,2d601f0f-51d8-455d-a094-c45d5c3b3e23,09612f6d-c842-45f6-bac5-f6f5c117131c,2026-03-13T14:59:41.505+00:00,gonogo,user_action,"{'rt_ms': None, 'trial': 57, 'correct': True, 'responded': False, 'stimulus_type': 'nogo'}"
1714,f76ac4ef-b198-4c18-83aa-229c28801d0b,09612f6d-c842-45f6-bac5-f6f5c117131c,2026-03-13T15:00:15.901+00:00,dialogue,user_action,"{'turn': 1, 'rt_ms': 18444, 'option_id': 'C', 'scenario_id': 'S1'}"
1719,f76ac4ef-b198-4c18-83aa-229c28801d0b,09612f6d-c842-45f6-bac5-f6f5c117131c,2026-03-13T15:00:37.392+00:00,dialogue,stimulus_shown,"{'turn': 4, 'scenario_id': 'S4'}"
2092,70244288-d781-43c4-ba40-f57c0efd294f,b581cb58-728d-4c35-ab17-24e896fc6c5d,2026-03-13T18:41:03.327+00:00,dialogue,user_action,"{'turn': 1, 'rt_ms': 31787, 'option_id': 'C', 'scenario_id': 'S1'}"
2374,49a37eea-1c06-4130-8ef6-800f21d39a09,b701c83a-8878-4490-a5c0-0bf097d5abf6,2026-03-13T23:43:56.185+00:00,dialogue,user_action,"{'turn': 10, 'rt_ms': 16483, 'option_id': 'C', 'scenario_id': 'S10'}"
2377,49a37eea-1c06-4130-8ef6-800f21d39a09,b701c83a-8878-4490-a5c0-0bf097d5abf6,2026-03-13T23:44:10.195+00:00,dialogue,stimulus_shown,"{'turn': 12, 'scenario_id': 'S12'}"
2793,12eb9bcf-a522-4faf-afb4-a5eb4aeec4f2,4412d3e8-0fd6-44ac-b0fd-2d4fc55f8dcd,2026-03-16T15:38:33.722+00:00,triage,stimulus_shown,"{'turn': 2, 'item_id': 's3', 'is_critical': False}"
2798,12eb9bcf-a522-4faf-afb4-a5eb4aeec4f2,4412d3e8-0fd6-44ac-b0fd-2d4fc55f8dcd,2026-03-16T15:38:48.864+00:00,triage,feedback_shown,"{'turn': 3, 'outcome': 'loss', 'score_delta': 0}"
2803,12eb9bcf-a522-4faf-afb4-a5eb4aeec4f2,4412d3e8-0fd6-44ac-b0fd-2d4fc55f8dcd,2026-03-16T15:39:04.486+00:00,triage,user_action,"{'turn': 5, 'rt_ms': 3907, 'correct': True, 'item_id': 's4', 'option_id': 'urgent'}"
2808,12eb9bcf-a522-4faf-afb4-a5eb4aeec4f2,4412d3e8-0fd6-44ac-b0fd-2d4fc55f8dcd,2026-03-16T15:39:14.413+00:00,triage,stimulus_shown,"{'turn': 7, 'item_id': 's1', 'is_critical': True}"
2989,2c327abe-f101-4fa8-aa66-c19509b2ea74,e5a89d72-ecd6-4cec-b55e-ceb2f1e81ef3,2026-03-16T16:20:36.888+00:00,triage,stimulus_shown,"{'turn': 2, 'item_id': 'r8', 'is_critical': False}"
2994,2c327abe-f101-4fa8-aa66-c19509b2ea74,e5a89d72-ecd6-4cec-b55e-ceb2f1e81ef3,2026-03-16T16:20:50.46+00:00,triage,feedback_shown,"{'turn': 3, 'outcome': 'win', 'score_delta': 1}"
2996,2c327abe-f101-4fa8-aa66-c19509b2ea74,e5a89d72-ecd6-4cec-b55e-ceb2f1e81ef3,2026-03-16T16:21:06.046+00:00,triage,user_action,"{'turn': 4, 'rt_ms': 15501, 'correct': True, 'item_id': 'r6', 'option_id': 'week'}"
2999,2c327abe-f101-4fa8-aa66-c19509b2ea74,e5a89d72-ecd6-4cec-b55e-ceb2f1e81ef3,2026-03-16T16:21:29.81+00:00,triage,user_action,"{'turn': 5, 'rt_ms': 23590, 'correct': True, 'item_id': 'r2', 'option_id': 'today'}"
3004,2c327abe-f101-4fa8-aa66-c19509b2ea74,e5a89d72-ecd6-4cec-b55e-ceb2f1e81ef3,2026-03-16T16:21:40.239+00:00,triage,stimulus_shown,"{'turn': 7, 'item_id': 'r3', 'is_critical': False}"
3011,ea99d7ab-a355-4952-8a53-e68dae5a88b2,e5a89d72-ecd6-4cec-b55e-ceb2f1e81ef3,2026-03-16T16:22:10.215+00:00,gonogo,run_start,{'n_trials': 60}
3015,91b61234-1508-4d60-b0b6-b29c0510c65c,e5a89d72-ecd6-4cec-b55e-ceb2f1e81ef3,2026-03-16T16:22:26.561+00:00,gonogo,run_start,{'n_trials': 60}
3020,91b61234-1508-4d60-b0b6-b29c0510c65c,e5a89d72-ecd6-4cec-b55e-ceb2f1e81ef3,2026-03-16T16:22:32.656+00:00,gonogo,user_action,"{'rt_ms': 293, 'trial': 5, 'correct': True, 'responded': True, 'stimulus_type': 'go'}"
3025,91b61234-1508-4d60-b0b6-b29c0510c65c,e5a89d72-ecd6-4cec-b55e-ceb2f1e81ef3,2026-03-16T16:22:39.335+00:00,gonogo,user_action,"{'rt_ms': 305, 'trial': 10, 'correct': True, 'responded': True, 'stimulus_type': 'go'}"
3030,91b61234-1508-4d60-b0b6-b29c0510c65c,e5a89d72-ecd6-4cec-b55e-ceb2f1e81ef3,2026-03-16T16:22:45.343+00:00,gonogo,user_action,"{'rt_ms': 299, 'trial': 15, 'correct': True, 'responded': True, 'stimulus_type': 'go'}"
3034,91b61234-1508-4d60-b0b6-b29c0510c65c,e5a89d72-ecd6-4cec-b55e-ceb2f1e81ef3,2026-03-16T16:22:50.428+00:00,gonogo,user_action,"{'rt_ms': None, 'trial': 19, 'correct': False, 'responded': False, 'stimulus_type': 'go'}"
3039,91b61234-1508-4d60-b0b6-b29c0510c65c,e5a89d72-ecd6-4cec-b55e-ceb2f1e81ef3,2026-03-16T16:22:57.279+00:00,gonogo,user_action,"{'rt_ms': 301, 'trial': 24, 'correct': True, 'responded': True, 'stimulus_type': 'go'}"
3044,91b61234-1508-4d60-b0b6-b29c0510c65c,e5a89d72-ecd6-4cec-b55e-ceb2f1e81ef3,2026-03-16T16:23:03.542+00:00,gonogo,user_action,"{'rt_ms': None, 'trial': 29, 'correct': False, 'responded': False, 'stimulus_type': 'go'}"
3049,91b61234-1508-4d60-b0b6-b29c0510c65c,e5a89d72-ecd6-4cec-b55e-ceb2f1e81ef3,2026-03-16T16:23:10.21+00:00,gonogo,user_action,"{'rt_ms': None, 'trial': 34, 'correct': True, 'responded': False, 'stimulus_type': 'nogo'}"
3054,91b61234-1508-4d60-b0b6-b29c0510c65c,e5a89d72-ecd6-4cec-b55e-ceb2f1e81ef3,2026-03-16T16:23:16.376+00:00,gonogo,user_action,"{'rt_ms': None, 'trial': 39, 'correct': True, 'responded': False, 'stimulus_type': 'nogo'}"
3059,91b61234-1508-4d60-b0b6-b29c0510c65c,e5a89d72-ecd6-4cec-b55e-ceb2f1e81ef3,2026-03-16T16:23:23.64+00:00,gonogo,user_action,"{'rt_ms': 310, 'trial': 44, 'correct': True, 'responded': True, 'stimulus_type': 'go'}"
3064,91b61234-1508-4d60-b0b6-b29c0510c65c,e5a89d72-ecd6-4cec-b55e-ceb2f1e81ef3,2026-03-16T16:23:30.376+00:00,gonogo,user_action,"{'rt_ms': None, 'trial': 49, 'correct': True, 'responded': False, 'stimulus_type': 'nogo'}"
3069,91b61234-1508-4d60-b0b6-b29c0510c65c,e5a89d72-ecd6-4cec-b55e-ceb2f1e81ef3,2026-03-16T16:23:36.993+00:00,gonogo,user_action,"{'rt_ms': None, 'trial': 54, 'correct': True, 'responded': False, 'stimulus_type': 'nogo'}"
3073,91b61234-1508-4d60-b0b6-b29c0510c65c,e5a89d72-ecd6-4cec-b55e-ceb2f1e81ef3,2026-03-16T16:23:42.127+00:00,gonogo,user_action,"{'rt_ms': 298, 'trial': 58, 'correct': True, 'responded': True, 'stimulus_type': 'go'}"
3154,eed0401c-d208-46e7-bcab-df289a710b43,4983dc33-eb5d-46e1-92d4-2fa383334b78,2026-03-16T16:26:34.429+00:00,gonogo,user_action,"{'rt_ms': None, 'trial': 25, 'correct': True, 'responded': False, 'stimulus_type': 'nogo'}"
3159,eed0401c-d208-46e7-bcab-df289a710b43,4983dc33-eb5d-46e1-92d4-2fa383334b78,2026-03-16T16:26:41.001+00:00,gonogo,user_action,"{'rt_ms': None, 'trial': 30, 'correct': True, 'responded': False, 'stimulus_type': 'nogo'}"
3164,eed0401c-d208-46e7-bcab-df289a710b43,4983dc33-eb5d-46e1-92d4-2fa383334b78,2026-03-16T16:26:47.407+00:00,gonogo,user_action,"{'rt_ms': None, 'trial': 35, 'correct': False, 'responded': False, 'stimulus_type': 'go'}"
550,64a8fc33-4a1f-4d1b-9f2a-836bcb41b8b8,867d1f34-4148-42e9-865b-15889571ad89,2026-03-12T13:37:58.511+00:00,gonogo,user_action,"{'rt_ms': 293, 'trial': 4, 'correct': True, 'responded': True, 'stimulus_type': 'go'}"
557,64a8fc33-4a1f-4d1b-9f2a-836bcb41b8b8,867d1f34-4148-42e9-865b-15889571ad89,2026-03-12T13:38:06.901+00:00,gonogo,user_action,"{'rt_ms': 280, 'trial': 11, 'correct': True, 'responded': True, 'stimulus_type': 'go'}"
564,64a8fc33-4a1f-4d1b-9f2a-836bcb41b8b8,867d1f34-4148-42e9-865b-15889571ad89,2026-03-12T13:38:17.119+00:00,gonogo,user_action,"{'rt_ms': None, 'trial': 18, 'correct': False, 'responded': False, 'stimulus_type': 'go'}"
571,64a8fc33-4a1f-4d1b-9f2a-836bcb41b8b8,867d1f34-4148-42e9-865b-15889571ad89,2026-03-12T13:38:26.649+00:00,gonogo,user_action,"{'rt_ms': 279, 'trial': 25, 'correct': True, 'responded': True, 'stimulus_type': 'go'}"
578,64a8fc33-4a1f-4d1b-9f2a-836bcb41b8b8,867d1f34-4148-42e9-865b-15889571ad89,2026-03-12T13:38:35.871+00:00,gonogo,user_action,"{'rt_ms': None, 'trial': 32, 'correct': False, 'responded': False, 'stimulus_type': 'go'}"
585,64a8fc33-4a1f-4d1b-9f2a-836bcb41b8b8,867d1f34-4148-42e9-865b-15889571ad89,2026-03-12T13:38:45.439+00:00,gonogo,user_action,"{'rt_ms': None, 'trial': 39, 'correct': False, 'responded': False, 'stimulus_type': 'go'}"
592,64a8fc33-4a1f-4d1b-9f2a-836bcb41b8b8,867d1f34-4148-42e9-865b-15889571ad89,2026-03-12T13:38:54.817+00:00,gonogo,user_action,"{'rt_ms': None, 'trial': 46, 'correct': True, 'responded': False, 'stimulus_type': 'nogo'}"
599,64a8fc33-4a1f-4d1b-9f2a-836bcb41b8b8,867d1f34-4148-42e9-865b-15889571ad89,2026-03-12T13:39:04.497+00:00,gonogo,user_action,"{'rt_ms': None, 'trial': 53, 'correct': False, 'responded': False, 'stimulus_type': 'go'}"
606,64a8fc33-4a1f-4d1b-9f2a-836bcb41b8b8,867d1f34-4148-42e9-865b-15889571ad89,2026-03-12T13:39:14.438+00:00,gonogo,user_action,"{'rt_ms': None, 'trial': 60, 'correct': False, 'responded': False, 'stimulus_type': 'go'}"
608,cac2c0d2-13cf-41ce-8825-4fed4b5b6545,867d1f34-4148-42e9-865b-15889571ad89,2026-03-12T13:39:45.689+00:00,dialogue,run_start,{'n_scenarios': 12}
1716,f76ac4ef-b198-4c18-83aa-229c28801d0b,09612f6d-c842-45f6-bac5-f6f5c117131c,2026-03-13T15:00:34.916+00:00,dialogue,user_action,"{'turn': 2, 'rt_ms': 18713, 'option_id': 'C', 'scenario_id': 'S2'}"
1721,f76ac4ef-b198-4c18-83aa-229c28801d0b,09612f6d-c842-45f6-bac5-f6f5c117131c,2026-03-13T15:00:54.777+00:00,dialogue,stimulus_shown,"{'turn': 5, 'scenario_id': 'S5'}"
2093,70244288-d781-43c4-ba40-f57c0efd294f,b581cb58-728d-4c35-ab17-24e896fc6c5d,2026-03-13T18:41:04.158+00:00,dialogue,stimulus_shown,"{'turn': 2, 'scenario_id': 'S2'}"
2376,49a37eea-1c06-4130-8ef6-800f21d39a09,b701c83a-8878-4490-a5c0-0bf097d5abf6,2026-03-13T23:44:10.085+00:00,dialogue,user_action,"{'turn': 11, 'rt_ms': 13794, 'option_id': 'C', 'scenario_id': 'S11'}"
2379,49a37eea-1c06-4130-8ef6-800f21d39a09,b701c83a-8878-4490-a5c0-0bf097d5abf6,2026-03-13T23:44:17.504+00:00,dialogue,run_end,"{'status': 'completed', 'n_scenarios': 12}"
2812,12eb9bcf-a522-4faf-afb4-a5eb4aeec4f2,4412d3e8-0fd6-44ac-b0fd-2d4fc55f8dcd,2026-03-16T15:39:44.836+00:00,triage,user_action,"{'turn': 8, 'rt_ms': 23830, 'correct': False, 'item_id': 's8', 'option_id': 'week'}"
2815,45db58cb-fad0-4640-baef-ad10c275ae87,4412d3e8-0fd6-44ac-b0fd-2d4fc55f8dcd,2026-03-16T15:39:56.05+00:00,gonogo,run_start,{'n_trials': 60}
2820,45db58cb-fad0-4640-baef-ad10c275ae87,4412d3e8-0fd6-44ac-b0fd-2d4fc55f8dcd,2026-03-16T15:40:01.679+00:00,gonogo,user_action,"{'rt_ms': None, 'trial': 5, 'correct': False, 'responded': False, 'stimulus_type': 'go'}"
2825,45db58cb-fad0-4640-baef-ad10c275ae87,4412d3e8-0fd6-44ac-b0fd-2d4fc55f8dcd,2026-03-16T15:40:07.808+00:00,gonogo,user_action,"{'rt_ms': None, 'trial': 10, 'correct': True, 'responded': False, 'stimulus_type': 'nogo'}"
2830,45db58cb-fad0-4640-baef-ad10c275ae87,4412d3e8-0fd6-44ac-b0fd-2d4fc55f8dcd,2026-03-16T15:40:13.961+00:00,gonogo,user_action,"{'rt_ms': None, 'trial': 15, 'correct': True, 'responded': False, 'stimulus_type': 'nogo'}"
2997,2c327abe-f101-4fa8-aa66-c19509b2ea74,e5a89d72-ecd6-4cec-b55e-ceb2f1e81ef3,2026-03-16T16:21:06.131+00:00,triage,feedback_shown,"{'turn': 4, 'outcome': 'win', 'score_delta': 1}"
3000,2c327abe-f101-4fa8-aa66-c19509b2ea74,e5a89d72-ecd6-4cec-b55e-ceb2f1e81ef3,2026-03-16T16:21:30.239+00:00,triage,feedback_shown,"{'turn': 5, 'outcome': 'win', 'score_delta': 1}"
3012,ea99d7ab-a355-4952-8a53-e68dae5a88b2,e5a89d72-ecd6-4cec-b55e-ceb2f1e81ef3,2026-03-16T16:22:10.878+00:00,gonogo,user_action,"{'rt_ms': None, 'trial': 1, 'correct': False, 'responded': False, 'stimulus_type': 'go'}"
3016,91b61234-1508-4d60-b0b6-b29c0510c65c,e5a89d72-ecd6-4cec-b55e-ceb2f1e81ef3,2026-03-16T16:22:27.211+00:00,gonogo,user_action,"{'rt_ms': None, 'trial': 1, 'correct': False, 'responded': False, 'stimulus_type': 'go'}"
3021,91b61234-1508-4d60-b0b6-b29c0510c65c,e5a89d72-ecd6-4cec-b55e-ceb2f1e81ef3,2026-03-16T16:22:33.912+00:00,gonogo,user_action,"{'rt_ms': 267, 'trial': 6, 'correct': True, 'responded': True, 'stimulus_type': 'go'}"
3026,91b61234-1508-4d60-b0b6-b29c0510c65c,e5a89d72-ecd6-4cec-b55e-ceb2f1e81ef3,2026-03-16T16:22:40.595+00:00,gonogo,user_action,"{'rt_ms': None, 'trial': 11, 'correct': True, 'responded': False, 'stimulus_type': 'nogo'}"
3031,91b61234-1508-4d60-b0b6-b29c0510c65c,e5a89d72-ecd6-4cec-b55e-ceb2f1e81ef3,2026-03-16T16:22:46.368+00:00,gonogo,user_action,"{'rt_ms': 287, 'trial': 16, 'correct': True, 'responded': True, 'stimulus_type': 'go'}"
3035,91b61234-1508-4d60-b0b6-b29c0510c65c,e5a89d72-ecd6-4cec-b55e-ceb2f1e81ef3,2026-03-16T16:22:51.928+00:00,gonogo,user_action,"{'rt_ms': None, 'trial': 20, 'correct': True, 'responded': False, 'stimulus_type': 'nogo'}"
3040,91b61234-1508-4d60-b0b6-b29c0510c65c,e5a89d72-ecd6-4cec-b55e-ceb2f1e81ef3,2026-03-16T16:22:58.456+00:00,gonogo,user_action,"{'rt_ms': 310, 'trial': 25, 'correct': True, 'responded': True, 'stimulus_type': 'go'}"
3045,91b61234-1508-4d60-b0b6-b29c0510c65c,e5a89d72-ecd6-4cec-b55e-ceb2f1e81ef3,2026-03-16T16:23:04.984+00:00,gonogo,user_action,"{'rt_ms': 270, 'trial': 30, 'correct': True, 'responded': True, 'stimulus_type': 'go'}"
3050,91b61234-1508-4d60-b0b6-b29c0510c65c,e5a89d72-ecd6-4cec-b55e-ceb2f1e81ef3,2026-03-16T16:23:11.327+00:00,gonogo,user_action,"{'rt_ms': None, 'trial': 35, 'correct': False, 'responded': False, 'stimulus_type': 'go'}"
3055,91b61234-1508-4d60-b0b6-b29c0510c65c,e5a89d72-ecd6-4cec-b55e-ceb2f1e81ef3,2026-03-16T16:23:17.794+00:00,gonogo,user_action,"{'rt_ms': None, 'trial': 40, 'correct': False, 'responded': False, 'stimulus_type': 'go'}"
3060,91b61234-1508-4d60-b0b6-b29c0510c65c,e5a89d72-ecd6-4cec-b55e-ceb2f1e81ef3,2026-03-16T16:23:24.976+00:00,gonogo,user_action,"{'rt_ms': 296, 'trial': 45, 'correct': True, 'responded': True, 'stimulus_type': 'go'}"
3065,91b61234-1508-4d60-b0b6-b29c0510c65c,e5a89d72-ecd6-4cec-b55e-ceb2f1e81ef3,2026-03-16T16:23:31.81+00:00,gonogo,user_action,"{'rt_ms': None, 'trial': 50, 'correct': False, 'responded': False, 'stimulus_type': 'go'}"
3070,91b61234-1508-4d60-b0b6-b29c0510c65c,e5a89d72-ecd6-4cec-b55e-ceb2f1e81ef3,2026-03-16T16:23:38.231+00:00,gonogo,user_action,"{'rt_ms': 301, 'trial': 55, 'correct': True, 'responded': True, 'stimulus_type': 'go'}"
3074,91b61234-1508-4d60-b0b6-b29c0510c65c,e5a89d72-ecd6-4cec-b55e-ceb2f1e81ef3,2026-03-16T16:23:43.423+00:00,gonogo,user_action,"{'rt_ms': 278, 'trial': 59, 'correct': True, 'responded': True, 'stimulus_type': 'go'}"
3077,8e0651c0-7093-4efb-8133-4d447b9ad18d,e5a89d72-ecd6-4cec-b55e-ceb2f1e81ef3,2026-03-16T16:23:55.47+00:00,dialogue,run_start,{'n_scenarios': 12}
3169,eed0401c-d208-46e7-bcab-df289a710b43,4983dc33-eb5d-46e1-92d4-2fa383334b78,2026-03-16T16:26:53.648+00:00,gonogo,user_action,"{'rt_ms': None, 'trial': 40, 'correct': False, 'responded': False, 'stimulus_type': 'go'}"
3174,eed0401c-d208-46e7-bcab-df289a710b43,4983dc33-eb5d-46e1-92d4-2fa383334b78,2026-03-16T16:27:00.104+00:00,gonogo,user_action,"{'rt_ms': None, 'trial': 45, 'correct': False, 'responded': False, 'stimulus_type': 'go'}"
3179,eed0401c-d208-46e7-bcab-df289a710b43,4983dc33-eb5d-46e1-92d4-2fa383334b78,2026-03-16T16:27:06.307+00:00,gonogo,user_action,"{'rt_ms': None, 'trial': 50, 'correct': False, 'responded': False, 'stimulus_type': 'go'}"
3184,eed0401c-d208-46e7-bcab-df289a710b43,4983dc33-eb5d-46e1-92d4-2fa383334b78,2026-03-16T16:27:12.845+00:00,gonogo,user_action,"{'rt_ms': None, 'trial': 55, 'correct': False, 'responded': False, 'stimulus_type': 'go'}"
3189,eed0401c-d208-46e7-bcab-df289a710b43,4983dc33-eb5d-46e1-92d4-2fa383334b78,2026-03-16T16:27:19.36+00:00,gonogo,user_action,"{'rt_ms': None, 'trial': 60, 'correct': False, 'responded': False, 'stimulus_type': 'go'}"
3192,7d8c82ef-34a5-4717-9587-d9754e368e0e,4983dc33-eb5d-46e1-92d4-2fa383334b78,2026-03-16T16:27:33.379+00:00,dialogue,stimulus_shown,"{'turn': 1, 'scenario_id': 'S1'}"
551,64a8fc33-4a1f-4d1b-9f2a-836bcb41b8b8,867d1f34-4148-42e9-865b-15889571ad89,2026-03-12T13:37:59.511+00:00,gonogo,user_action,"{'rt_ms': 280, 'trial': 5, 'correct': False, 'responded': True, 'stimulus_type': 'nogo'}"
558,64a8fc33-4a1f-4d1b-9f2a-836bcb41b8b8,867d1f34-4148-42e9-865b-15889571ad89,2026-03-12T13:38:08.268+00:00,gonogo,user_action,"{'rt_ms': 243, 'trial': 12, 'correct': False, 'responded': True, 'stimulus_type': 'nogo'}"
565,64a8fc33-4a1f-4d1b-9f2a-836bcb41b8b8,867d1f34-4148-42e9-865b-15889571ad89,2026-03-12T13:38:18.565+00:00,gonogo,user_action,"{'rt_ms': None, 'trial': 19, 'correct': False, 'responded': False, 'stimulus_type': 'go'}"
572,64a8fc33-4a1f-4d1b-9f2a-836bcb41b8b8,867d1f34-4148-42e9-865b-15889571ad89,2026-03-12T13:38:27.859+00:00,gonogo,user_action,"{'rt_ms': None, 'trial': 26, 'correct': True, 'responded': False, 'stimulus_type': 'nogo'}"
579,64a8fc33-4a1f-4d1b-9f2a-836bcb41b8b8,867d1f34-4148-42e9-865b-15889571ad89,2026-03-12T13:38:37.197+00:00,gonogo,user_action,"{'rt_ms': None, 'trial': 33, 'correct': True, 'responded': False, 'stimulus_type': 'nogo'}"
586,64a8fc33-4a1f-4d1b-9f2a-836bcb41b8b8,867d1f34-4148-42e9-865b-15889571ad89,2026-03-12T13:38:46.876+00:00,gonogo,user_action,"{'rt_ms': None, 'trial': 40, 'correct': False, 'responded': False, 'stimulus_type': 'go'}"
593,64a8fc33-4a1f-4d1b-9f2a-836bcb41b8b8,867d1f34-4148-42e9-865b-15889571ad89,2026-03-12T13:38:56.203+00:00,gonogo,user_action,"{'rt_ms': None, 'trial': 47, 'correct': False, 'responded': False, 'stimulus_type': 'go'}"
600,64a8fc33-4a1f-4d1b-9f2a-836bcb41b8b8,867d1f34-4148-42e9-865b-15889571ad89,2026-03-12T13:39:05.848+00:00,gonogo,user_action,"{'rt_ms': None, 'trial': 54, 'correct': False, 'responded': False, 'stimulus_type': 'go'}"
607,64a8fc33-4a1f-4d1b-9f2a-836bcb41b8b8,867d1f34-4148-42e9-865b-15889571ad89,2026-03-12T13:39:15.364+00:00,gonogo,run_end,"{'status': 'completed', 'n_trials': 60}"
609,cac2c0d2-13cf-41ce-8825-4fed4b5b6545,867d1f34-4148-42e9-865b-15889571ad89,2026-03-12T13:39:45.834+00:00,dialogue,stimulus_shown,"{'turn': 1, 'scenario_id': 'S1'}"
1717,f76ac4ef-b198-4c18-83aa-229c28801d0b,09612f6d-c842-45f6-bac5-f6f5c117131c,2026-03-13T15:00:35.231+00:00,dialogue,stimulus_shown,"{'turn': 3, 'scenario_id': 'S3'}"
2094,70244288-d781-43c4-ba40-f57c0efd294f,b581cb58-728d-4c35-ab17-24e896fc6c5d,2026-03-13T18:41:22.497+00:00,dialogue,user_action,"{'turn': 2, 'rt_ms': 18340, 'option_id': 'C', 'scenario_id': 'S2'}"
2380,fabebd54-833d-46b5-978a-66598fd8f48d,1ac56240-ef90-4360-a0d1-585b60886757,2026-03-14T12:05:57.998+00:00,triage,run_start,"{'n_items': 8, 'role_context': 'sales_ops'}"
2385,fabebd54-833d-46b5-978a-66598fd8f48d,1ac56240-ef90-4360-a0d1-585b60886757,2026-03-14T12:06:09.179+00:00,triage,user_action,"{'turn': 2, 'rt_ms': 3822, 'correct': False, 'item_id': 's2', 'option_id': 'urgent'}"
2390,fabebd54-833d-46b5-978a-66598fd8f48d,1ac56240-ef90-4360-a0d1-585b60886757,2026-03-14T12:06:17.346+00:00,triage,stimulus_shown,"{'turn': 4, 'item_id': 's1', 'is_critical': True}"
2395,fabebd54-833d-46b5-978a-66598fd8f48d,1ac56240-ef90-4360-a0d1-585b60886757,2026-03-14T12:06:24.024+00:00,triage,feedback_shown,"{'turn': 5, 'outcome': 'loss', 'score_delta': 0}"
2400,fabebd54-833d-46b5-978a-66598fd8f48d,1ac56240-ef90-4360-a0d1-585b60886757,2026-03-14T12:06:34.888+00:00,triage,user_action,"{'turn': 7, 'rt_ms': 2709, 'correct': True, 'item_id': 's7', 'option_id': 'urgent'}"
2405,fabebd54-833d-46b5-978a-66598fd8f48d,1ac56240-ef90-4360-a0d1-585b60886757,2026-03-14T12:06:37.662+00:00,triage,run_end,"{'status': 'completed', 'role_context': 'sales_ops', 'score_total_client': 5, 'critical_miss_client': 0}"
2410,65f3379f-1c3c-4e9c-a37a-0dea5b5cdde5,1ac56240-ef90-4360-a0d1-585b60886757,2026-03-14T12:06:48.397+00:00,gonogo,user_action,"{'rt_ms': None, 'trial': 4, 'correct': False, 'responded': False, 'stimulus_type': 'go'}"
2415,65f3379f-1c3c-4e9c-a37a-0dea5b5cdde5,1ac56240-ef90-4360-a0d1-585b60886757,2026-03-14T12:06:54.632+00:00,gonogo,user_action,"{'rt_ms': None, 'trial': 9, 'correct': False, 'responded': False, 'stimulus_type': 'go'}"
2420,65f3379f-1c3c-4e9c-a37a-0dea5b5cdde5,1ac56240-ef90-4360-a0d1-585b60886757,2026-03-14T12:07:01.894+00:00,gonogo,user_action,"{'rt_ms': None, 'trial': 14, 'correct': False, 'responded': False, 'stimulus_type': 'go'}"
2425,65f3379f-1c3c-4e9c-a37a-0dea5b5cdde5,1ac56240-ef90-4360-a0d1-585b60886757,2026-03-14T12:07:08.387+00:00,gonogo,user_action,"{'rt_ms': None, 'trial': 19, 'correct': True, 'responded': False, 'stimulus_type': 'nogo'}"
2430,65f3379f-1c3c-4e9c-a37a-0dea5b5cdde5,1ac56240-ef90-4360-a0d1-585b60886757,2026-03-14T12:07:15.638+00:00,gonogo,user_action,"{'rt_ms': None, 'trial': 24, 'correct': True, 'responded': False, 'stimulus_type': 'nogo'}"
2435,65f3379f-1c3c-4e9c-a37a-0dea5b5cdde5,1ac56240-ef90-4360-a0d1-585b60886757,2026-03-14T12:07:22.8+00:00,gonogo,user_action,"{'rt_ms': None, 'trial': 29, 'correct': False, 'responded': False, 'stimulus_type': 'go'}"
2440,65f3379f-1c3c-4e9c-a37a-0dea5b5cdde5,1ac56240-ef90-4360-a0d1-585b60886757,2026-03-14T12:07:29.297+00:00,gonogo,user_action,"{'rt_ms': None, 'trial': 34, 'correct': False, 'responded': False, 'stimulus_type': 'go'}"
2445,65f3379f-1c3c-4e9c-a37a-0dea5b5cdde5,1ac56240-ef90-4360-a0d1-585b60886757,2026-03-14T12:07:36.261+00:00,gonogo,user_action,"{'rt_ms': None, 'trial': 39, 'correct': False, 'responded': False, 'stimulus_type': 'go'}"
2450,65f3379f-1c3c-4e9c-a37a-0dea5b5cdde5,1ac56240-ef90-4360-a0d1-585b60886757,2026-03-14T12:07:43.265+00:00,gonogo,user_action,"{'rt_ms': None, 'trial': 44, 'correct': False, 'responded': False, 'stimulus_type': 'go'}"
2455,65f3379f-1c3c-4e9c-a37a-0dea5b5cdde5,1ac56240-ef90-4360-a0d1-585b60886757,2026-03-14T12:07:52.366+00:00,gonogo,user_action,"{'rt_ms': None, 'trial': 49, 'correct': False, 'responded': False, 'stimulus_type': 'go'}"
2460,65f3379f-1c3c-4e9c-a37a-0dea5b5cdde5,1ac56240-ef90-4360-a0d1-585b60886757,2026-03-14T12:07:59.347+00:00,gonogo,user_action,"{'rt_ms': None, 'trial': 54, 'correct': False, 'responded': False, 'stimulus_type': 'go'}"
2465,65f3379f-1c3c-4e9c-a37a-0dea5b5cdde5,1ac56240-ef90-4360-a0d1-585b60886757,2026-03-14T12:08:06.44+00:00,gonogo,user_action,"{'rt_ms': None, 'trial': 59, 'correct': False, 'responded': False, 'stimulus_type': 'go'}"
2468,0d340c65-5515-4db9-a385-049367c041bf,1ac56240-ef90-4360-a0d1-585b60886757,2026-03-14T12:08:15.331+00:00,dialogue,run_start,{'n_scenarios': 12}
2473,0d340c65-5515-4db9-a385-049367c041bf,1ac56240-ef90-4360-a0d1-585b60886757,2026-03-14T12:08:20.518+00:00,dialogue,stimulus_shown,"{'turn': 3, 'scenario_id': 'S3'}"
2478,0d340c65-5515-4db9-a385-049367c041bf,1ac56240-ef90-4360-a0d1-585b60886757,2026-03-14T12:08:26.752+00:00,dialogue,user_action,"{'turn': 5, 'rt_ms': 1335, 'option_id': 'C', 'scenario_id': 'S5'}"
2483,0d340c65-5515-4db9-a385-049367c041bf,1ac56240-ef90-4360-a0d1-585b60886757,2026-03-14T12:08:28.58+00:00,dialogue,stimulus_shown,"{'turn': 8, 'scenario_id': 'S8'}"
2488,0d340c65-5515-4db9-a385-049367c041bf,1ac56240-ef90-4360-a0d1-585b60886757,2026-03-14T12:08:31.194+00:00,dialogue,user_action,"{'turn': 10, 'rt_ms': 638, 'option_id': 'C', 'scenario_id': 'S10'}"
2493,0d340c65-5515-4db9-a385-049367c041bf,1ac56240-ef90-4360-a0d1-585b60886757,2026-03-14T12:08:32.844+00:00,dialogue,run_end,"{'status': 'completed', 'n_scenarios': 12}"
2813,12eb9bcf-a522-4faf-afb4-a5eb4aeec4f2,4412d3e8-0fd6-44ac-b0fd-2d4fc55f8dcd,2026-03-16T15:39:44.952+00:00,triage,feedback_shown,"{'turn': 8, 'outcome': 'loss', 'score_delta': 0}"
2816,45db58cb-fad0-4640-baef-ad10c275ae87,4412d3e8-0fd6-44ac-b0fd-2d4fc55f8dcd,2026-03-16T15:39:56.694+00:00,gonogo,user_action,"{'rt_ms': None, 'trial': 1, 'correct': False, 'responded': False, 'stimulus_type': 'go'}"
2821,45db58cb-fad0-4640-baef-ad10c275ae87,4412d3e8-0fd6-44ac-b0fd-2d4fc55f8dcd,2026-03-16T15:40:03.063+00:00,gonogo,user_action,"{'rt_ms': None, 'trial': 6, 'correct': True, 'responded': False, 'stimulus_type': 'nogo'}"
2826,45db58cb-fad0-4640-baef-ad10c275ae87,4412d3e8-0fd6-44ac-b0fd-2d4fc55f8dcd,2026-03-16T15:40:09.134+00:00,gonogo,user_action,"{'rt_ms': None, 'trial': 11, 'correct': False, 'responded': False, 'stimulus_type': 'go'}"
3002,2c327abe-f101-4fa8-aa66-c19509b2ea74,e5a89d72-ecd6-4cec-b55e-ceb2f1e81ef3,2026-03-16T16:21:39.848+00:00,triage,user_action,"{'turn': 6, 'rt_ms': 9349, 'correct': False, 'item_id': 'r7', 'option_id': 'today'}"
3006,2c327abe-f101-4fa8-aa66-c19509b2ea74,e5a89d72-ecd6-4cec-b55e-ceb2f1e81ef3,2026-03-16T16:21:45.693+00:00,triage,feedback_shown,"{'turn': 7, 'outcome': 'win', 'score_delta': 1}"
3009,2c327abe-f101-4fa8-aa66-c19509b2ea74,e5a89d72-ecd6-4cec-b55e-ceb2f1e81ef3,2026-03-16T16:21:54.924+00:00,triage,feedback_shown,"{'turn': 8, 'outcome': 'loss', 'score_delta': 0}"
3014,ea99d7ab-a355-4952-8a53-e68dae5a88b2,e5a89d72-ecd6-4cec-b55e-ceb2f1e81ef3,2026-03-16T16:22:13.454+00:00,gonogo,user_action,"{'rt_ms': None, 'trial': 3, 'correct': False, 'responded': False, 'stimulus_type': 'go'}"
552,64a8fc33-4a1f-4d1b-9f2a-836bcb41b8b8,867d1f34-4148-42e9-865b-15889571ad89,2026-03-12T13:38:00.512+00:00,gonogo,user_action,"{'rt_ms': 267, 'trial': 6, 'correct': False, 'responded': True, 'stimulus_type': 'nogo'}"
559,64a8fc33-4a1f-4d1b-9f2a-836bcb41b8b8,867d1f34-4148-42e9-865b-15889571ad89,2026-03-12T13:38:09.732+00:00,gonogo,user_action,"{'rt_ms': None, 'trial': 13, 'correct': False, 'responded': False, 'stimulus_type': 'go'}"
566,64a8fc33-4a1f-4d1b-9f2a-836bcb41b8b8,867d1f34-4148-42e9-865b-15889571ad89,2026-03-12T13:38:19.904+00:00,gonogo,user_action,"{'rt_ms': None, 'trial': 20, 'correct': False, 'responded': False, 'stimulus_type': 'go'}"
573,64a8fc33-4a1f-4d1b-9f2a-836bcb41b8b8,867d1f34-4148-42e9-865b-15889571ad89,2026-03-12T13:38:29.05+00:00,gonogo,user_action,"{'rt_ms': None, 'trial': 27, 'correct': True, 'responded': False, 'stimulus_type': 'nogo'}"
580,64a8fc33-4a1f-4d1b-9f2a-836bcb41b8b8,867d1f34-4148-42e9-865b-15889571ad89,2026-03-12T13:38:38.623+00:00,gonogo,user_action,"{'rt_ms': None, 'trial': 34, 'correct': False, 'responded': False, 'stimulus_type': 'go'}"
587,64a8fc33-4a1f-4d1b-9f2a-836bcb41b8b8,867d1f34-4148-42e9-865b-15889571ad89,2026-03-12T13:38:48.162+00:00,gonogo,user_action,"{'rt_ms': None, 'trial': 41, 'correct': False, 'responded': False, 'stimulus_type': 'go'}"
594,64a8fc33-4a1f-4d1b-9f2a-836bcb41b8b8,867d1f34-4148-42e9-865b-15889571ad89,2026-03-12T13:38:57.496+00:00,gonogo,user_action,"{'rt_ms': None, 'trial': 48, 'correct': False, 'responded': False, 'stimulus_type': 'go'}"
601,64a8fc33-4a1f-4d1b-9f2a-836bcb41b8b8,867d1f34-4148-42e9-865b-15889571ad89,2026-03-12T13:39:07.179+00:00,gonogo,user_action,"{'rt_ms': None, 'trial': 55, 'correct': False, 'responded': False, 'stimulus_type': 'go'}"
1718,f76ac4ef-b198-4c18-83aa-229c28801d0b,09612f6d-c842-45f6-bac5-f6f5c117131c,2026-03-13T15:00:37.183+00:00,dialogue,user_action,"{'turn': 3, 'rt_ms': 1952, 'option_id': 'C', 'scenario_id': 'S3'}"
1723,f76ac4ef-b198-4c18-83aa-229c28801d0b,09612f6d-c842-45f6-bac5-f6f5c117131c,2026-03-13T15:01:06.34+00:00,dialogue,stimulus_shown,"{'turn': 6, 'scenario_id': 'S6'}"
2095,70244288-d781-43c4-ba40-f57c0efd294f,b581cb58-728d-4c35-ab17-24e896fc6c5d,2026-03-13T18:41:22.815+00:00,dialogue,stimulus_shown,"{'turn': 3, 'scenario_id': 'S3'}"
2381,fabebd54-833d-46b5-978a-66598fd8f48d,1ac56240-ef90-4360-a0d1-585b60886757,2026-03-14T12:05:58.303+00:00,triage,stimulus_shown,"{'turn': 1, 'item_id': 's4', 'is_critical': True}"
2386,fabebd54-833d-46b5-978a-66598fd8f48d,1ac56240-ef90-4360-a0d1-585b60886757,2026-03-14T12:06:09.315+00:00,triage,feedback_shown,"{'turn': 2, 'outcome': 'loss', 'score_delta': 0}"
2391,fabebd54-833d-46b5-978a-66598fd8f48d,1ac56240-ef90-4360-a0d1-585b60886757,2026-03-14T12:06:21.364+00:00,triage,user_action,"{'turn': 4, 'rt_ms': 4017, 'correct': True, 'item_id': 's1', 'option_id': 'urgent'}"
2396,fabebd54-833d-46b5-978a-66598fd8f48d,1ac56240-ef90-4360-a0d1-585b60886757,2026-03-14T12:06:24.142+00:00,triage,stimulus_shown,"{'turn': 6, 'item_id': 's8', 'is_critical': False}"
2401,fabebd54-833d-46b5-978a-66598fd8f48d,1ac56240-ef90-4360-a0d1-585b60886757,2026-03-14T12:06:35.052+00:00,triage,feedback_shown,"{'turn': 7, 'outcome': 'win', 'score_delta': 1}"
2406,65f3379f-1c3c-4e9c-a37a-0dea5b5cdde5,1ac56240-ef90-4360-a0d1-585b60886757,2026-03-14T12:06:43.974+00:00,gonogo,run_start,{'n_trials': 60}
2411,65f3379f-1c3c-4e9c-a37a-0dea5b5cdde5,1ac56240-ef90-4360-a0d1-585b60886757,2026-03-14T12:06:49.659+00:00,gonogo,user_action,"{'rt_ms': None, 'trial': 5, 'correct': False, 'responded': False, 'stimulus_type': 'go'}"
2416,65f3379f-1c3c-4e9c-a37a-0dea5b5cdde5,1ac56240-ef90-4360-a0d1-585b60886757,2026-03-14T12:06:55.89+00:00,gonogo,user_action,"{'rt_ms': None, 'trial': 10, 'correct': False, 'responded': False, 'stimulus_type': 'go'}"
2421,65f3379f-1c3c-4e9c-a37a-0dea5b5cdde5,1ac56240-ef90-4360-a0d1-585b60886757,2026-03-14T12:07:03.093+00:00,gonogo,user_action,"{'rt_ms': None, 'trial': 15, 'correct': False, 'responded': False, 'stimulus_type': 'go'}"
2426,65f3379f-1c3c-4e9c-a37a-0dea5b5cdde5,1ac56240-ef90-4360-a0d1-585b60886757,2026-03-14T12:07:09.872+00:00,gonogo,user_action,"{'rt_ms': None, 'trial': 20, 'correct': False, 'responded': False, 'stimulus_type': 'go'}"
2431,65f3379f-1c3c-4e9c-a37a-0dea5b5cdde5,1ac56240-ef90-4360-a0d1-585b60886757,2026-03-14T12:07:17.102+00:00,gonogo,user_action,"{'rt_ms': None, 'trial': 25, 'correct': False, 'responded': False, 'stimulus_type': 'go'}"
2436,65f3379f-1c3c-4e9c-a37a-0dea5b5cdde5,1ac56240-ef90-4360-a0d1-585b60886757,2026-03-14T12:07:24.225+00:00,gonogo,user_action,"{'rt_ms': 299, 'trial': 30, 'correct': False, 'responded': True, 'stimulus_type': 'nogo'}"
2441,65f3379f-1c3c-4e9c-a37a-0dea5b5cdde5,1ac56240-ef90-4360-a0d1-585b60886757,2026-03-14T12:07:30.624+00:00,gonogo,user_action,"{'rt_ms': None, 'trial': 35, 'correct': False, 'responded': False, 'stimulus_type': 'go'}"
2446,65f3379f-1c3c-4e9c-a37a-0dea5b5cdde5,1ac56240-ef90-4360-a0d1-585b60886757,2026-03-14T12:07:37.753+00:00,gonogo,user_action,"{'rt_ms': None, 'trial': 40, 'correct': True, 'responded': False, 'stimulus_type': 'nogo'}"
2451,65f3379f-1c3c-4e9c-a37a-0dea5b5cdde5,1ac56240-ef90-4360-a0d1-585b60886757,2026-03-14T12:07:46.81+00:00,gonogo,user_action,"{'rt_ms': 207, 'trial': 45, 'correct': True, 'responded': True, 'stimulus_type': 'go'}"
2456,65f3379f-1c3c-4e9c-a37a-0dea5b5cdde5,1ac56240-ef90-4360-a0d1-585b60886757,2026-03-14T12:07:53.785+00:00,gonogo,user_action,"{'rt_ms': None, 'trial': 50, 'correct': True, 'responded': False, 'stimulus_type': 'nogo'}"
2461,65f3379f-1c3c-4e9c-a37a-0dea5b5cdde5,1ac56240-ef90-4360-a0d1-585b60886757,2026-03-14T12:08:00.552+00:00,gonogo,user_action,"{'rt_ms': None, 'trial': 55, 'correct': False, 'responded': False, 'stimulus_type': 'go'}"
2466,65f3379f-1c3c-4e9c-a37a-0dea5b5cdde5,1ac56240-ef90-4360-a0d1-585b60886757,2026-03-14T12:08:07.959+00:00,gonogo,user_action,"{'rt_ms': None, 'trial': 60, 'correct': False, 'responded': False, 'stimulus_type': 'go'}"
2469,0d340c65-5515-4db9-a385-049367c041bf,1ac56240-ef90-4360-a0d1-585b60886757,2026-03-14T12:08:15.474+00:00,dialogue,stimulus_shown,"{'turn': 1, 'scenario_id': 'S1'}"
2474,0d340c65-5515-4db9-a385-049367c041bf,1ac56240-ef90-4360-a0d1-585b60886757,2026-03-14T12:08:22.929+00:00,dialogue,user_action,"{'turn': 3, 'rt_ms': 2411, 'option_id': 'C', 'scenario_id': 'S3'}"
2479,0d340c65-5515-4db9-a385-049367c041bf,1ac56240-ef90-4360-a0d1-585b60886757,2026-03-14T12:08:26.889+00:00,dialogue,stimulus_shown,"{'turn': 6, 'scenario_id': 'S6'}"
2484,0d340c65-5515-4db9-a385-049367c041bf,1ac56240-ef90-4360-a0d1-585b60886757,2026-03-14T12:08:29.465+00:00,dialogue,user_action,"{'turn': 8, 'rt_ms': 884, 'option_id': 'C', 'scenario_id': 'S8'}"
2489,0d340c65-5515-4db9-a385-049367c041bf,1ac56240-ef90-4360-a0d1-585b60886757,2026-03-14T12:08:31.328+00:00,dialogue,stimulus_shown,"{'turn': 11, 'scenario_id': 'S11'}"
2831,5395ae17-f787-4751-a3cc-4c0b78acdb25,4412d3e8-0fd6-44ac-b0fd-2d4fc55f8dcd,2026-03-16T15:40:50.242+00:00,gonogo,run_start,{'n_trials': 60}
2836,5395ae17-f787-4751-a3cc-4c0b78acdb25,4412d3e8-0fd6-44ac-b0fd-2d4fc55f8dcd,2026-03-16T15:40:55.999+00:00,gonogo,user_action,"{'rt_ms': 304, 'trial': 5, 'correct': True, 'responded': True, 'stimulus_type': 'go'}"
2841,5395ae17-f787-4751-a3cc-4c0b78acdb25,4412d3e8-0fd6-44ac-b0fd-2d4fc55f8dcd,2026-03-16T15:41:02.142+00:00,gonogo,user_action,"{'rt_ms': None, 'trial': 10, 'correct': False, 'responded': False, 'stimulus_type': 'go'}"
2846,5395ae17-f787-4751-a3cc-4c0b78acdb25,4412d3e8-0fd6-44ac-b0fd-2d4fc55f8dcd,2026-03-16T15:41:09.095+00:00,gonogo,user_action,"{'rt_ms': None, 'trial': 15, 'correct': False, 'responded': False, 'stimulus_type': 'go'}"
2851,5395ae17-f787-4751-a3cc-4c0b78acdb25,4412d3e8-0fd6-44ac-b0fd-2d4fc55f8dcd,2026-03-16T15:41:15.812+00:00,gonogo,user_action,"{'rt_ms': None, 'trial': 20, 'correct': True, 'responded': False, 'stimulus_type': 'nogo'}"
2856,5395ae17-f787-4751-a3cc-4c0b78acdb25,4412d3e8-0fd6-44ac-b0fd-2d4fc55f8dcd,2026-03-16T15:41:22.727+00:00,gonogo,user_action,"{'rt_ms': None, 'trial': 25, 'correct': False, 'responded': False, 'stimulus_type': 'go'}"
2861,5395ae17-f787-4751-a3cc-4c0b78acdb25,4412d3e8-0fd6-44ac-b0fd-2d4fc55f8dcd,2026-03-16T15:41:29.494+00:00,gonogo,user_action,"{'rt_ms': None, 'trial': 30, 'correct': True, 'responded': False, 'stimulus_type': 'nogo'}"
2866,5395ae17-f787-4751-a3cc-4c0b78acdb25,4412d3e8-0fd6-44ac-b0fd-2d4fc55f8dcd,2026-03-16T15:41:36.24+00:00,gonogo,user_action,"{'rt_ms': 243, 'trial': 35, 'correct': True, 'responded': True, 'stimulus_type': 'go'}"
2871,5395ae17-f787-4751-a3cc-4c0b78acdb25,4412d3e8-0fd6-44ac-b0fd-2d4fc55f8dcd,2026-03-16T15:41:42.415+00:00,gonogo,user_action,"{'rt_ms': 285, 'trial': 40, 'correct': True, 'responded': True, 'stimulus_type': 'go'}"
2876,5395ae17-f787-4751-a3cc-4c0b78acdb25,4412d3e8-0fd6-44ac-b0fd-2d4fc55f8dcd,2026-03-16T15:41:48.736+00:00,gonogo,user_action,"{'rt_ms': 288, 'trial': 45, 'correct': True, 'responded': True, 'stimulus_type': 'go'}"
553,64a8fc33-4a1f-4d1b-9f2a-836bcb41b8b8,867d1f34-4148-42e9-865b-15889571ad89,2026-03-12T13:38:01.78+00:00,gonogo,user_action,"{'rt_ms': 271, 'trial': 7, 'correct': True, 'responded': True, 'stimulus_type': 'go'}"
560,64a8fc33-4a1f-4d1b-9f2a-836bcb41b8b8,867d1f34-4148-42e9-865b-15889571ad89,2026-03-12T13:38:11.277+00:00,gonogo,user_action,"{'rt_ms': None, 'trial': 14, 'correct': True, 'responded': False, 'stimulus_type': 'nogo'}"
567,64a8fc33-4a1f-4d1b-9f2a-836bcb41b8b8,867d1f34-4148-42e9-865b-15889571ad89,2026-03-12T13:38:21.115+00:00,gonogo,user_action,"{'rt_ms': None, 'trial': 21, 'correct': False, 'responded': False, 'stimulus_type': 'go'}"
574,64a8fc33-4a1f-4d1b-9f2a-836bcb41b8b8,867d1f34-4148-42e9-865b-15889571ad89,2026-03-12T13:38:30.245+00:00,gonogo,user_action,"{'rt_ms': None, 'trial': 28, 'correct': False, 'responded': False, 'stimulus_type': 'go'}"
581,64a8fc33-4a1f-4d1b-9f2a-836bcb41b8b8,867d1f34-4148-42e9-865b-15889571ad89,2026-03-12T13:38:40.065+00:00,gonogo,user_action,"{'rt_ms': None, 'trial': 35, 'correct': True, 'responded': False, 'stimulus_type': 'nogo'}"
588,64a8fc33-4a1f-4d1b-9f2a-836bcb41b8b8,867d1f34-4148-42e9-865b-15889571ad89,2026-03-12T13:38:49.389+00:00,gonogo,user_action,"{'rt_ms': None, 'trial': 42, 'correct': False, 'responded': False, 'stimulus_type': 'go'}"
595,64a8fc33-4a1f-4d1b-9f2a-836bcb41b8b8,867d1f34-4148-42e9-865b-15889571ad89,2026-03-12T13:38:58.855+00:00,gonogo,user_action,"{'rt_ms': None, 'trial': 49, 'correct': False, 'responded': False, 'stimulus_type': 'go'}"
602,64a8fc33-4a1f-4d1b-9f2a-836bcb41b8b8,867d1f34-4148-42e9-865b-15889571ad89,2026-03-12T13:39:08.58+00:00,gonogo,user_action,"{'rt_ms': None, 'trial': 56, 'correct': True, 'responded': False, 'stimulus_type': 'nogo'}"
1720,f76ac4ef-b198-4c18-83aa-229c28801d0b,09612f6d-c842-45f6-bac5-f6f5c117131c,2026-03-13T15:00:54.503+00:00,dialogue,user_action,"{'turn': 4, 'rt_ms': 17111, 'option_id': 'A', 'scenario_id': 'S4'}"
2096,70244288-d781-43c4-ba40-f57c0efd294f,b581cb58-728d-4c35-ab17-24e896fc6c5d,2026-03-13T18:41:40.383+00:00,dialogue,user_action,"{'turn': 3, 'rt_ms': 17569, 'option_id': 'C', 'scenario_id': 'S3'}"
2382,fabebd54-833d-46b5-978a-66598fd8f48d,1ac56240-ef90-4360-a0d1-585b60886757,2026-03-14T12:06:04.926+00:00,triage,user_action,"{'turn': 1, 'rt_ms': 6623, 'correct': True, 'item_id': 's4', 'option_id': 'urgent'}"
2387,fabebd54-833d-46b5-978a-66598fd8f48d,1ac56240-ef90-4360-a0d1-585b60886757,2026-03-14T12:06:09.446+00:00,triage,stimulus_shown,"{'turn': 3, 'item_id': 's3', 'is_critical': False}"
2392,fabebd54-833d-46b5-978a-66598fd8f48d,1ac56240-ef90-4360-a0d1-585b60886757,2026-03-14T12:06:21.524+00:00,triage,feedback_shown,"{'turn': 4, 'outcome': 'win', 'score_delta': 1}"
2397,fabebd54-833d-46b5-978a-66598fd8f48d,1ac56240-ef90-4360-a0d1-585b60886757,2026-03-14T12:06:31.734+00:00,triage,user_action,"{'turn': 6, 'rt_ms': 7592, 'correct': True, 'item_id': 's8', 'option_id': 'today'}"
2402,fabebd54-833d-46b5-978a-66598fd8f48d,1ac56240-ef90-4360-a0d1-585b60886757,2026-03-14T12:06:35.296+00:00,triage,stimulus_shown,"{'turn': 8, 'item_id': 's5', 'is_critical': False}"
2407,65f3379f-1c3c-4e9c-a37a-0dea5b5cdde5,1ac56240-ef90-4360-a0d1-585b60886757,2026-03-14T12:06:44.659+00:00,gonogo,user_action,"{'rt_ms': None, 'trial': 1, 'correct': False, 'responded': False, 'stimulus_type': 'go'}"
2412,65f3379f-1c3c-4e9c-a37a-0dea5b5cdde5,1ac56240-ef90-4360-a0d1-585b60886757,2026-03-14T12:06:50.871+00:00,gonogo,user_action,"{'rt_ms': 213, 'trial': 6, 'correct': True, 'responded': True, 'stimulus_type': 'go'}"
2417,65f3379f-1c3c-4e9c-a37a-0dea5b5cdde5,1ac56240-ef90-4360-a0d1-585b60886757,2026-03-14T12:06:57.39+00:00,gonogo,user_action,"{'rt_ms': None, 'trial': 11, 'correct': True, 'responded': False, 'stimulus_type': 'nogo'}"
2422,65f3379f-1c3c-4e9c-a37a-0dea5b5cdde5,1ac56240-ef90-4360-a0d1-585b60886757,2026-03-14T12:07:04.324+00:00,gonogo,user_action,"{'rt_ms': None, 'trial': 16, 'correct': False, 'responded': False, 'stimulus_type': 'go'}"
2427,65f3379f-1c3c-4e9c-a37a-0dea5b5cdde5,1ac56240-ef90-4360-a0d1-585b60886757,2026-03-14T12:07:11.322+00:00,gonogo,user_action,"{'rt_ms': None, 'trial': 21, 'correct': False, 'responded': False, 'stimulus_type': 'go'}"
2432,65f3379f-1c3c-4e9c-a37a-0dea5b5cdde5,1ac56240-ef90-4360-a0d1-585b60886757,2026-03-14T12:07:18.494+00:00,gonogo,user_action,"{'rt_ms': None, 'trial': 26, 'correct': False, 'responded': False, 'stimulus_type': 'go'}"
2437,65f3379f-1c3c-4e9c-a37a-0dea5b5cdde5,1ac56240-ef90-4360-a0d1-585b60886757,2026-03-14T12:07:25.261+00:00,gonogo,user_action,"{'rt_ms': None, 'trial': 31, 'correct': False, 'responded': False, 'stimulus_type': 'go'}"
2442,65f3379f-1c3c-4e9c-a37a-0dea5b5cdde5,1ac56240-ef90-4360-a0d1-585b60886757,2026-03-14T12:07:32.086+00:00,gonogo,user_action,"{'rt_ms': None, 'trial': 36, 'correct': True, 'responded': False, 'stimulus_type': 'nogo'}"
2447,65f3379f-1c3c-4e9c-a37a-0dea5b5cdde5,1ac56240-ef90-4360-a0d1-585b60886757,2026-03-14T12:07:39.027+00:00,gonogo,user_action,"{'rt_ms': None, 'trial': 41, 'correct': False, 'responded': False, 'stimulus_type': 'go'}"
2452,65f3379f-1c3c-4e9c-a37a-0dea5b5cdde5,1ac56240-ef90-4360-a0d1-585b60886757,2026-03-14T12:07:48.022+00:00,gonogo,user_action,"{'rt_ms': 100, 'trial': 46, 'correct': True, 'responded': True, 'stimulus_type': 'go'}"
2457,65f3379f-1c3c-4e9c-a37a-0dea5b5cdde5,1ac56240-ef90-4360-a0d1-585b60886757,2026-03-14T12:07:55.32+00:00,gonogo,user_action,"{'rt_ms': None, 'trial': 51, 'correct': False, 'responded': False, 'stimulus_type': 'go'}"
2462,65f3379f-1c3c-4e9c-a37a-0dea5b5cdde5,1ac56240-ef90-4360-a0d1-585b60886757,2026-03-14T12:08:02.11+00:00,gonogo,user_action,"{'rt_ms': None, 'trial': 56, 'correct': False, 'responded': False, 'stimulus_type': 'go'}"
2467,65f3379f-1c3c-4e9c-a37a-0dea5b5cdde5,1ac56240-ef90-4360-a0d1-585b60886757,2026-03-14T12:08:08.866+00:00,gonogo,run_end,"{'status': 'completed', 'n_trials': 60}"
2470,0d340c65-5515-4db9-a385-049367c041bf,1ac56240-ef90-4360-a0d1-585b60886757,2026-03-14T12:08:19.017+00:00,dialogue,user_action,"{'turn': 1, 'rt_ms': 3543, 'option_id': 'C', 'scenario_id': 'S1'}"
2475,0d340c65-5515-4db9-a385-049367c041bf,1ac56240-ef90-4360-a0d1-585b60886757,2026-03-14T12:08:23.072+00:00,dialogue,stimulus_shown,"{'turn': 4, 'scenario_id': 'S4'}"
2480,0d340c65-5515-4db9-a385-049367c041bf,1ac56240-ef90-4360-a0d1-585b60886757,2026-03-14T12:08:27.76+00:00,dialogue,user_action,"{'turn': 6, 'rt_ms': 870, 'option_id': 'C', 'scenario_id': 'S6'}"
2485,0d340c65-5515-4db9-a385-049367c041bf,1ac56240-ef90-4360-a0d1-585b60886757,2026-03-14T12:08:29.597+00:00,dialogue,stimulus_shown,"{'turn': 9, 'scenario_id': 'S9'}"
2490,0d340c65-5515-4db9-a385-049367c041bf,1ac56240-ef90-4360-a0d1-585b60886757,2026-03-14T12:08:31.669+00:00,dialogue,user_action,"{'turn': 11, 'rt_ms': 342, 'option_id': 'C', 'scenario_id': 'S11'}"
2832,5395ae17-f787-4751-a3cc-4c0b78acdb25,4412d3e8-0fd6-44ac-b0fd-2d4fc55f8dcd,2026-03-16T15:40:50.899+00:00,gonogo,user_action,"{'rt_ms': None, 'trial': 1, 'correct': False, 'responded': False, 'stimulus_type': 'go'}"
2837,5395ae17-f787-4751-a3cc-4c0b78acdb25,4412d3e8-0fd6-44ac-b0fd-2d4fc55f8dcd,2026-03-16T15:40:56.984+00:00,gonogo,user_action,"{'rt_ms': 253, 'trial': 6, 'correct': True, 'responded': True, 'stimulus_type': 'go'}"
2842,5395ae17-f787-4751-a3cc-4c0b78acdb25,4412d3e8-0fd6-44ac-b0fd-2d4fc55f8dcd,2026-03-16T15:41:03.626+00:00,gonogo,user_action,"{'rt_ms': None, 'trial': 11, 'correct': False, 'responded': False, 'stimulus_type': 'go'}"
2847,5395ae17-f787-4751-a3cc-4c0b78acdb25,4412d3e8-0fd6-44ac-b0fd-2d4fc55f8dcd,2026-03-16T15:41:10.608+00:00,gonogo,user_action,"{'rt_ms': 310, 'trial': 16, 'correct': True, 'responded': True, 'stimulus_type': 'go'}"
2852,5395ae17-f787-4751-a3cc-4c0b78acdb25,4412d3e8-0fd6-44ac-b0fd-2d4fc55f8dcd,2026-03-16T15:41:17.145+00:00,gonogo,user_action,"{'rt_ms': None, 'trial': 21, 'correct': False, 'responded': False, 'stimulus_type': 'go'}"
2857,5395ae17-f787-4751-a3cc-4c0b78acdb25,4412d3e8-0fd6-44ac-b0fd-2d4fc55f8dcd,2026-03-16T15:41:24.243+00:00,gonogo,user_action,"{'rt_ms': None, 'trial': 26, 'correct': True, 'responded': False, 'stimulus_type': 'nogo'}"
2862,5395ae17-f787-4751-a3cc-4c0b78acdb25,4412d3e8-0fd6-44ac-b0fd-2d4fc55f8dcd,2026-03-16T15:41:30.828+00:00,gonogo,user_action,"{'rt_ms': None, 'trial': 31, 'correct': True, 'responded': False, 'stimulus_type': 'nogo'}"
2867,5395ae17-f787-4751-a3cc-4c0b78acdb25,4412d3e8-0fd6-44ac-b0fd-2d4fc55f8dcd,2026-03-16T15:41:37.344+00:00,gonogo,user_action,"{'rt_ms': 262, 'trial': 36, 'correct': True, 'responded': True, 'stimulus_type': 'go'}"
2872,5395ae17-f787-4751-a3cc-4c0b78acdb25,4412d3e8-0fd6-44ac-b0fd-2d4fc55f8dcd,2026-03-16T15:41:43.703+00:00,gonogo,user_action,"{'rt_ms': 257, 'trial': 41, 'correct': True, 'responded': True, 'stimulus_type': 'go'}"
8940,2d013224-5fe0-4509-a63e-52ed5829c15d,ea64ca73-3be8-44d5-b6a4-f3e64aca8dc1,2026-03-22T13:33:19.158+00:00,gonogo,run_start,{'n_trials': 60}
554,64a8fc33-4a1f-4d1b-9f2a-836bcb41b8b8,867d1f34-4148-42e9-865b-15889571ad89,2026-03-12T13:38:03.182+00:00,gonogo,user_action,"{'rt_ms': 283, 'trial': 8, 'correct': True, 'responded': True, 'stimulus_type': 'go'}"
561,64a8fc33-4a1f-4d1b-9f2a-836bcb41b8b8,867d1f34-4148-42e9-865b-15889571ad89,2026-03-12T13:38:12.635+00:00,gonogo,user_action,"{'rt_ms': None, 'trial': 15, 'correct': False, 'responded': False, 'stimulus_type': 'go'}"
568,64a8fc33-4a1f-4d1b-9f2a-836bcb41b8b8,867d1f34-4148-42e9-865b-15889571ad89,2026-03-12T13:38:22.544+00:00,gonogo,user_action,"{'rt_ms': None, 'trial': 22, 'correct': False, 'responded': False, 'stimulus_type': 'go'}"
575,64a8fc33-4a1f-4d1b-9f2a-836bcb41b8b8,867d1f34-4148-42e9-865b-15889571ad89,2026-03-12T13:38:31.577+00:00,gonogo,user_action,"{'rt_ms': None, 'trial': 29, 'correct': True, 'responded': False, 'stimulus_type': 'nogo'}"
582,64a8fc33-4a1f-4d1b-9f2a-836bcb41b8b8,867d1f34-4148-42e9-865b-15889571ad89,2026-03-12T13:38:41.381+00:00,gonogo,user_action,"{'rt_ms': None, 'trial': 36, 'correct': False, 'responded': False, 'stimulus_type': 'go'}"
589,64a8fc33-4a1f-4d1b-9f2a-836bcb41b8b8,867d1f34-4148-42e9-865b-15889571ad89,2026-03-12T13:38:50.67+00:00,gonogo,user_action,"{'rt_ms': None, 'trial': 43, 'correct': True, 'responded': False, 'stimulus_type': 'nogo'}"
596,64a8fc33-4a1f-4d1b-9f2a-836bcb41b8b8,867d1f34-4148-42e9-865b-15889571ad89,2026-03-12T13:39:00.338+00:00,gonogo,user_action,"{'rt_ms': None, 'trial': 50, 'correct': False, 'responded': False, 'stimulus_type': 'go'}"
603,64a8fc33-4a1f-4d1b-9f2a-836bcb41b8b8,867d1f34-4148-42e9-865b-15889571ad89,2026-03-12T13:39:10.085+00:00,gonogo,user_action,"{'rt_ms': None, 'trial': 57, 'correct': True, 'responded': False, 'stimulus_type': 'nogo'}"
610,cac2c0d2-13cf-41ce-8825-4fed4b5b6545,867d1f34-4148-42e9-865b-15889571ad89,2026-03-12T13:40:08.218+00:00,dialogue,user_action,"{'turn': 1, 'rt_ms': 22383, 'option_id': 'B', 'scenario_id': 'S1'}"
611,cac2c0d2-13cf-41ce-8825-4fed4b5b6545,867d1f34-4148-42e9-865b-15889571ad89,2026-03-12T13:40:08.559+00:00,dialogue,stimulus_shown,"{'turn': 2, 'scenario_id': 'S2'}"
612,cac2c0d2-13cf-41ce-8825-4fed4b5b6545,867d1f34-4148-42e9-865b-15889571ad89,2026-03-12T13:40:19.583+00:00,dialogue,user_action,"{'turn': 2, 'rt_ms': 11023, 'option_id': 'C', 'scenario_id': 'S2'}"
613,cac2c0d2-13cf-41ce-8825-4fed4b5b6545,867d1f34-4148-42e9-865b-15889571ad89,2026-03-12T13:40:19.904+00:00,dialogue,stimulus_shown,"{'turn': 3, 'scenario_id': 'S3'}"
614,cac2c0d2-13cf-41ce-8825-4fed4b5b6545,867d1f34-4148-42e9-865b-15889571ad89,2026-03-12T13:40:30.492+00:00,dialogue,user_action,"{'turn': 3, 'rt_ms': 10589, 'option_id': 'C', 'scenario_id': 'S3'}"
615,cac2c0d2-13cf-41ce-8825-4fed4b5b6545,867d1f34-4148-42e9-865b-15889571ad89,2026-03-12T13:40:30.881+00:00,dialogue,stimulus_shown,"{'turn': 4, 'scenario_id': 'S4'}"
616,cac2c0d2-13cf-41ce-8825-4fed4b5b6545,867d1f34-4148-42e9-865b-15889571ad89,2026-03-12T13:40:46.992+00:00,dialogue,user_action,"{'turn': 4, 'rt_ms': 16110, 'option_id': 'C', 'scenario_id': 'S4'}"
617,cac2c0d2-13cf-41ce-8825-4fed4b5b6545,867d1f34-4148-42e9-865b-15889571ad89,2026-03-12T13:40:47.231+00:00,dialogue,stimulus_shown,"{'turn': 5, 'scenario_id': 'S5'}"
618,cac2c0d2-13cf-41ce-8825-4fed4b5b6545,867d1f34-4148-42e9-865b-15889571ad89,2026-03-12T13:41:19.674+00:00,dialogue,user_action,"{'turn': 5, 'rt_ms': 32444, 'option_id': 'C', 'scenario_id': 'S5'}"
619,cac2c0d2-13cf-41ce-8825-4fed4b5b6545,867d1f34-4148-42e9-865b-15889571ad89,2026-03-12T13:41:20.218+00:00,dialogue,stimulus_shown,"{'turn': 6, 'scenario_id': 'S6'}"
620,cac2c0d2-13cf-41ce-8825-4fed4b5b6545,867d1f34-4148-42e9-865b-15889571ad89,2026-03-12T13:41:28.611+00:00,dialogue,user_action,"{'turn': 6, 'rt_ms': 8394, 'option_id': 'C', 'scenario_id': 'S6'}"
621,cac2c0d2-13cf-41ce-8825-4fed4b5b6545,867d1f34-4148-42e9-865b-15889571ad89,2026-03-12T13:41:29.15+00:00,dialogue,stimulus_shown,"{'turn': 7, 'scenario_id': 'S7'}"
622,cac2c0d2-13cf-41ce-8825-4fed4b5b6545,867d1f34-4148-42e9-865b-15889571ad89,2026-03-12T13:41:38.116+00:00,dialogue,user_action,"{'turn': 7, 'rt_ms': 8966, 'option_id': 'C', 'scenario_id': 'S7'}"
623,cac2c0d2-13cf-41ce-8825-4fed4b5b6545,867d1f34-4148-42e9-865b-15889571ad89,2026-03-12T13:41:38.51+00:00,dialogue,stimulus_shown,"{'turn': 8, 'scenario_id': 'S8'}"
624,cac2c0d2-13cf-41ce-8825-4fed4b5b6545,867d1f34-4148-42e9-865b-15889571ad89,2026-03-12T13:41:46.539+00:00,dialogue,user_action,"{'turn': 8, 'rt_ms': 8028, 'option_id': 'C', 'scenario_id': 'S8'}"
625,cac2c0d2-13cf-41ce-8825-4fed4b5b6545,867d1f34-4148-42e9-865b-15889571ad89,2026-03-12T13:41:46.969+00:00,dialogue,stimulus_shown,"{'turn': 9, 'scenario_id': 'S9'}"
626,cac2c0d2-13cf-41ce-8825-4fed4b5b6545,867d1f34-4148-42e9-865b-15889571ad89,2026-03-12T13:41:53.108+00:00,dialogue,user_action,"{'turn': 9, 'rt_ms': 6139, 'option_id': 'C', 'scenario_id': 'S9'}"
627,cac2c0d2-13cf-41ce-8825-4fed4b5b6545,867d1f34-4148-42e9-865b-15889571ad89,2026-03-12T13:41:53.429+00:00,dialogue,stimulus_shown,"{'turn': 10, 'scenario_id': 'S10'}"
628,cac2c0d2-13cf-41ce-8825-4fed4b5b6545,867d1f34-4148-42e9-865b-15889571ad89,2026-03-12T13:42:34.7+00:00,dialogue,user_action,"{'turn': 10, 'rt_ms': 41271, 'option_id': 'C', 'scenario_id': 'S10'}"
629,cac2c0d2-13cf-41ce-8825-4fed4b5b6545,867d1f34-4148-42e9-865b-15889571ad89,2026-03-12T13:42:34.903+00:00,dialogue,stimulus_shown,"{'turn': 11, 'scenario_id': 'S11'}"
630,cac2c0d2-13cf-41ce-8825-4fed4b5b6545,867d1f34-4148-42e9-865b-15889571ad89,2026-03-12T13:42:48.662+00:00,dialogue,user_action,"{'turn': 11, 'rt_ms': 13759, 'option_id': 'C', 'scenario_id': 'S11'}"
631,cac2c0d2-13cf-41ce-8825-4fed4b5b6545,867d1f34-4148-42e9-865b-15889571ad89,2026-03-12T13:42:49.118+00:00,dialogue,stimulus_shown,"{'turn': 12, 'scenario_id': 'S12'}"
632,cac2c0d2-13cf-41ce-8825-4fed4b5b6545,867d1f34-4148-42e9-865b-15889571ad89,2026-03-12T13:43:12.189+00:00,dialogue,user_action,"{'turn': 12, 'rt_ms': 23071, 'option_id': 'C', 'scenario_id': 'S12'}"
633,cac2c0d2-13cf-41ce-8825-4fed4b5b6545,867d1f34-4148-42e9-865b-15889571ad89,2026-03-12T13:43:12.573+00:00,dialogue,run_end,"{'status': 'completed', 'n_scenarios': 12}"
634,50baa54e-8f30-460d-ac58-866dd6016697,10a6e06d-839c-46e1-bcf2-fc948adff31d,2026-03-12T14:14:36.949+00:00,triage,run_start,"{'n_items': 8, 'role_context': 'developer'}"
635,50baa54e-8f30-460d-ac58-866dd6016697,10a6e06d-839c-46e1-bcf2-fc948adff31d,2026-03-12T14:14:37.076+00:00,triage,stimulus_shown,"{'turn': 1, 'item_id': 'd6', 'is_critical': False}"
636,50baa54e-8f30-460d-ac58-866dd6016697,10a6e06d-839c-46e1-bcf2-fc948adff31d,2026-03-12T14:14:53.573+00:00,triage,user_action,"{'turn': 1, 'rt_ms': 16497, 'correct': True, 'item_id': 'd6', 'option_id': 'week'}"
637,50baa54e-8f30-460d-ac58-866dd6016697,10a6e06d-839c-46e1-bcf2-fc948adff31d,2026-03-12T14:14:53.673+00:00,triage,feedback_shown,"{'turn': 1, 'outcome': 'win', 'score_delta': 1}"
