id,profile_id,step,responses,created_at,updated_at,instrument_version,completion_seconds
74acce09-0ea7-495d-a079-1eb8e21d5a59,4bda9438-aff0-4838-b96d-88ac7af1ab0f,profilo,"{'gender': 'donna', 'age_group': '35-44', 'field_of_study': 'Commercio ', 'education_level': 'diploma'}",2026-03-12T12:18:30.121642+00:00,2026-03-12T12:18:30.016+00:00,v1,
77945a1f-b921-4433-aecd-98b8bb1e8a30,4bda9438-aff0-4838-b96d-88ac7af1ab0f,competenze,"{'sector': 'Commercio ', 'role_type': 'commerciale', 'years_experience': '10+'}",2026-03-12T12:18:56.744875+00:00,2026-03-12T12:18:56.485+00:00,v1,
ed242c3e-64ca-41b1-a900-8f01fb2512cc,4bda9438-aff0-4838-b96d-88ac7af1ab0f,preferenze,"{'work_mode': 'presenza', 'target_role': 'receptionist', 'company_size': 'grande_impresa', 'main_motivation': 'crescita', 'job_satisfaction': '3', 'desired_seniority': 'senior'}",2026-03-12T12:19:30.113779+00:00,2026-03-12T12:19:30.018+00:00,v1,
e8e143fb-7991-4e01-9a30-125937a38e9c,3ac6508f-b936-44ad-8f8d-eeaf0e6848ee,profilo,"{'gender': 'donna', 'age_group': '25-34', 'field_of_study': 'Scenze della formazione', 'education_level': 'diploma'}",2026-03-12T12:53:37.760526+00:00,2026-03-12T12:53:37.485+00:00,v1,
582fd27e-83dd-4a3d-a8af-1e5f5967e002,3eafff1d-e7a2-4e47-9a9d-e99388ee041b,profilo,"{'gender': 'donna', 'age_group': '18-24', 'field_of_study': 'Informatica', 'education_level': 'diploma'}",2026-03-12T12:53:43.481493+00:00,2026-03-12T12:53:43.236+00:00,v1,
1aef919f-b43c-45e7-bfc7-527ae08ed84a,3eafff1d-e7a2-4e47-9a9d-e99388ee041b,competenze,"{'sector': 'Vendite', 'role_type': 'commerciale', 'years_experience': '3-5'}",2026-03-12T12:53:58.849133+00:00,2026-03-12T12:53:58.357+00:00,v1,
0964e131-0164-4c31-98fc-7724f0bbb728,3ac6508f-b936-44ad-8f8d-eeaf0e6848ee,competenze,"{'sector': 'Vendite', 'role_type': 'commerciale', 'years_experience': '10+'}",2026-03-12T12:54:06.568176+00:00,2026-03-12T12:54:06.466+00:00,v1,
190d8ee2-d04d-4c29-ad5f-1643abbff550,3ac6508f-b936-44ad-8f8d-eeaf0e6848ee,preferenze,"{'work_mode': 'presenza', 'target_role': 'sales_ops', 'company_size': 'grande_impresa', 'main_motivation': 'stabilita', 'job_satisfaction': '3', 'desired_seniority': 'junior'}",2026-03-12T12:54:44.278477+00:00,2026-03-12T12:54:43.906+00:00,v1,
d8bdbeee-574f-4f13-9ad1-2208cf42b390,3eafff1d-e7a2-4e47-9a9d-e99388ee041b,preferenze,"{'work_mode': 'presenza', 'target_role': 'sales_ops', 'company_size': 'grande_impresa', 'main_motivation': 'crescita', 'job_satisfaction': '5', 'desired_seniority': 'junior'}",2026-03-12T12:54:53.422432+00:00,2026-03-12T12:54:53.322+00:00,v1,
cc12806a-d1a3-40be-b17f-87abf3330605,d6f6775b-9d20-47e0-9489-e3b813b4342b,profilo,"{'gender': 'donna', 'age_group': '25-34', 'field_of_study': 'Artistico', 'education_level': 'diploma'}",2026-03-12T13:17:35.390831+00:00,2026-03-12T13:17:34.994+00:00,v1,
b482bdfa-0f0b-4fc3-b61f-bbffdece7712,867d1f34-4148-42e9-865b-15889571ad89,profilo,"{'gender': 'uomo', 'age_group': '35-44', 'field_of_study': 'Ragioniere programmatore', 'education_level': 'diploma'}",2026-03-12T13:26:51.196434+00:00,2026-03-12T13:26:50.857+00:00,v1,
6534be62-c60e-4c8f-96be-baab1b9c54d0,867d1f34-4148-42e9-865b-15889571ad89,competenze,"{'sector': 'Retail vendite ', 'role_type': 'organizzativo', 'years_experience': '10+'}",2026-03-12T13:27:31.764095+00:00,2026-03-12T13:27:31.627+00:00,v1,
9f902234-81b8-4de8-a3a0-c0c5ca8a9455,867d1f34-4148-42e9-865b-15889571ad89,preferenze,"{'work_mode': 'presenza', 'target_role': 'sales_ops', 'company_size': 'grande_impresa', 'main_motivation': 'crescita', 'job_satisfaction': '4', 'desired_seniority': 'senior'}",2026-03-12T13:28:28.783515+00:00,2026-03-12T13:28:28.531+00:00,v1,
825f4fcc-98b3-4ae2-989e-82d5a356d779,10a6e06d-839c-46e1-bcf2-fc948adff31d,profilo,"{'gender': 'uomo', 'age_group': '35-44', 'field_of_study': 'Informatica', 'education_level': 'dottorato'}",2026-03-12T14:07:55.342915+00:00,2026-03-12T14:07:55.082+00:00,v1,
5621929f-5b6c-4aa3-b73b-d9da8c67cbf0,10a6e06d-839c-46e1-bcf2-fc948adff31d,competenze,"{'sector': 'Tecnologia', 'role_type': 'tecnico', 'years_experience': '6-10'}",2026-03-12T14:08:57.653509+00:00,2026-03-12T14:08:57.502+00:00,v1,
548b1187-6c6a-45cb-afef-acf28e4c3f49,10a6e06d-839c-46e1-bcf2-fc948adff31d,preferenze,"{'work_mode': 'ibrido', 'target_role': 'developer', 'company_size': 'grande_impresa', 'main_motivation': 'stabilita', 'job_satisfaction': '4', 'desired_seniority': 'senior'}",2026-03-12T14:09:33.143095+00:00,2026-03-12T14:09:32.877+00:00,v1,
d0e3d355-938a-43b8-aa69-34e97f7e6282,c71a5702-5635-4d8f-a85a-31fed6afc1c8,profilo,"{'gender': 'donna', 'age_group': '25-34', 'field_of_study': 'Tecnico - Servizi Sociali', 'education_level': 'diploma'}",2026-03-12T14:38:50.046078+00:00,2026-03-12T14:38:49.678+00:00,v1,
5b596cdc-8961-492a-ac00-38b44e50ce19,c71a5702-5635-4d8f-a85a-31fed6afc1c8,competenze,"{'sector': 'Telefonia', 'role_type': 'commerciale', 'years_experience': '6-10'}",2026-03-12T14:39:11.054957+00:00,2026-03-12T14:39:10.945+00:00,v1,
f15bcff9-2536-428c-b5cb-303dfb040541,c71a5702-5635-4d8f-a85a-31fed6afc1c8,preferenze,"{'work_mode': 'presenza', 'target_role': 'sales_ops', 'company_size': 'grande_impresa', 'main_motivation': 'guadagno', 'job_satisfaction': '3', 'desired_seniority': 'mid'}",2026-03-12T14:39:59.818223+00:00,2026-03-12T14:39:59.505+00:00,v1,
c8210a32-c882-40aa-9ec7-16864501038e,d7479702-1f11-424a-83c8-fb66e5db1097,profilo,"{'gender': 'donna', 'age_group': '25-34', 'field_of_study': 'Linguistico ', 'education_level': 'diploma'}",2026-03-12T14:53:38.290882+00:00,2026-03-12T14:53:38.154+00:00,v1,
4ab8e5f0-b52d-4589-958c-af2526645f5e,d7479702-1f11-424a-83c8-fb66e5db1097,competenze,"{'sector': 'Bellezza', 'role_type': 'commerciale', 'years_experience': '6-10'}",2026-03-12T14:53:53.033234+00:00,2026-03-12T14:53:52.925+00:00,v1,
daef52ce-5bba-4887-9015-4c185135dc2a,d7479702-1f11-424a-83c8-fb66e5db1097,preferenze,"{'work_mode': 'presenza', 'target_role': 'sales_ops', 'company_size': 'grande_impresa', 'main_motivation': 'guadagno', 'job_satisfaction': '2', 'desired_seniority': 'senior'}",2026-03-12T14:54:25.081264+00:00,2026-03-12T14:54:24.924+00:00,v1,
9375f206-dd75-473c-83d3-2b9d64723356,3f8c7b86-b961-4e10-8b7c-2ed4b806d6f7,profilo,"{'gender': 'uomo', 'age_group': '18-24', 'field_of_study': 'Informatica', 'education_level': 'diploma'}",2026-03-12T16:06:59.309969+00:00,2026-03-12T16:06:59.039+00:00,v1,
ce7622d0-6277-4faa-a4ab-3d99aeb75c6e,3f8c7b86-b961-4e10-8b7c-2ed4b806d6f7,competenze,"{'sector': 'Consulenza Informatica', 'role_type': 'tecnico', 'years_experience': '3-5'}",2026-03-12T16:07:16.309912+00:00,2026-03-12T16:07:16.029+00:00,v1,
cd7c14e0-e4ab-4963-bee9-69a4d4f3ddac,3f8c7b86-b961-4e10-8b7c-2ed4b806d6f7,preferenze,"{'work_mode': 'remoto', 'target_role': 'developer', 'company_size': 'grande_impresa', 'main_motivation': 'stabilita', 'job_satisfaction': '4', 'desired_seniority': 'mid'}",2026-03-12T16:07:48.64872+00:00,2026-03-12T16:07:48.35+00:00,v1,
a284ffb2-43c1-4f46-ab82-d6ceb5fec8da,1f9327a4-93a4-48d3-9e43-0aa6f57306b0,profilo,"{'gender': 'uomo', 'age_group': '18-24', 'field_of_study': 'Informatica', 'education_level': 'laurea_triennale'}",2026-03-12T16:27:27.999185+00:00,2026-03-12T16:27:27.708+00:00,v1,
aaad9259-ea26-4f0b-8165-d80558dc3a09,1f9327a4-93a4-48d3-9e43-0aa6f57306b0,competenze,"{'sector': 'Informatica ', 'role_type': 'tecnico', 'years_experience': '3-5'}",2026-03-12T16:27:43.017789+00:00,2026-03-12T16:27:42.729+00:00,v1,
60c099ee-6aa9-4929-bc0f-a4cffa19c184,1f9327a4-93a4-48d3-9e43-0aa6f57306b0,preferenze,"{'work_mode': 'ibrido', 'target_role': 'developer', 'company_size': 'grande_impresa', 'main_motivation': 'crescita', 'job_satisfaction': '4', 'desired_seniority': 'mid'}",2026-03-12T16:28:31.905563+00:00,2026-03-12T16:28:31.789+00:00,v1,
c8828c1c-0671-4ada-a13d-bef821d7a8a3,95f1f623-8606-4371-8947-ed804456aae0,profilo,"{'gender': 'uomo', 'age_group': '18-24', 'field_of_study': 'Informatica', 'education_level': 'diploma'}",2026-03-12T20:39:21.782616+00:00,2026-03-12T20:39:21.501+00:00,v1,
04263736-9f6a-4483-bcee-e185d3efd2ea,95f1f623-8606-4371-8947-ed804456aae0,competenze,"{'sector': 'Sistemi e reti', 'role_type': 'tecnico', 'years_experience': '3-5'}",2026-03-12T20:39:37.488732+00:00,2026-03-12T20:39:37.396+00:00,v1,
8307a86d-751d-402d-8d0c-96ef9b6bdae4,95f1f623-8606-4371-8947-ed804456aae0,preferenze,"{'work_mode': 'ibrido', 'target_role': 'developer', 'company_size': 'grande_impresa', 'main_motivation': 'impatto', 'job_satisfaction': '3', 'desired_seniority': 'mid'}",2026-03-12T20:40:06.80469+00:00,2026-03-12T20:40:06.528+00:00,v1,
f1e9f23b-7b23-41ed-9b37-93fc51a9d82f,21a0dc6c-3910-4e91-8888-46cc6e29a62e,profilo,"{'gender': 'donna', 'age_group': '18-24', 'field_of_study': 'Grafica e Comunicazione ', 'education_level': 'diploma'}",2026-03-13T11:22:35.901363+00:00,2026-03-13T11:22:35.634+00:00,v1,
edbe9573-1fa3-4cbe-989e-2d00d85e9acb,21a0dc6c-3910-4e91-8888-46cc6e29a62e,competenze,"{'sector': 'amministrazione ', 'role_type': 'organizzativo', 'years_experience': '1-2'}",2026-03-13T11:27:54.541345+00:00,2026-03-13T11:27:54.217+00:00,v1,
b6b0b520-4e1c-468f-baa8-d730947df996,21a0dc6c-3910-4e91-8888-46cc6e29a62e,preferenze,"{'work_mode': 'presenza', 'target_role': 'sales_ops', 'company_size': 'startup', 'main_motivation': 'guadagno', 'job_satisfaction': '2', 'desired_seniority': 'mid'}",2026-03-13T11:28:48.998+00:00,2026-03-13T11:28:48.746+00:00,v1,
b7a89b44-afd3-47c1-8355-810d11134206,9f3c485e-7fa6-498a-b7cc-5ab7ca1d3f0a,profilo,"{'gender': 'donna', 'age_group': '25-34', 'field_of_study': 'Lingue straniere ', 'education_level': 'diploma'}",2026-03-13T12:18:05.519585+00:00,2026-03-13T12:18:05.276+00:00,v1,
f170f302-325e-48dd-9d83-552fa0936a23,9f3c485e-7fa6-498a-b7cc-5ab7ca1d3f0a,competenze,"{'sector': 'Aviazione / servizi di assistenza a terra per voli privati/ consulente commerciale ', 'role_type': 'servizio_clienti', 'years_experience': '10+'}",2026-03-13T12:18:31.29578+00:00,2026-03-13T12:18:31.152+00:00,v1,
bdf0df57-cf96-4467-ad30-ecb48fbeaff5,9f3c485e-7fa6-498a-b7cc-5ab7ca1d3f0a,preferenze,"{'work_mode': 'presenza', 'target_role': 'receptionist', 'company_size': 'pmI', 'main_motivation': 'stabilita', 'job_satisfaction': '3', 'desired_seniority': 'mid'}",2026-03-13T12:19:06.306795+00:00,2026-03-13T12:19:06.053+00:00,v1,
f831e731-f9b2-4b0c-be9e-a63d8fcef3fd,d87cecce-e8cd-4a21-afeb-e6f544cfa6bf,profilo,"{'gender': 'uomo', 'age_group': '18-24', 'field_of_study': 'Socio sanitario', 'education_level': 'diploma'}",2026-03-13T12:24:51.383906+00:00,2026-03-13T12:24:51.28+00:00,v1,
35ec80c2-d3e0-424f-87f1-3c9fa05149fd,d87cecce-e8cd-4a21-afeb-e6f544cfa6bf,competenze,"{'sector': 'Addetto vendita', 'role_type': 'commerciale', 'years_experience': '1-2'}",2026-03-13T12:25:20.709507+00:00,2026-03-13T12:25:20.616+00:00,v1,
0b92119b-46ed-447b-9c15-4027bf46d534,d87cecce-e8cd-4a21-afeb-e6f544cfa6bf,preferenze,"{'work_mode': 'presenza', 'target_role': 'sales_ops', 'company_size': 'grande_impresa', 'main_motivation': 'guadagno', 'job_satisfaction': '4', 'desired_seniority': 'junior'}",2026-03-13T12:26:20.592982+00:00,2026-03-13T12:26:20.418+00:00,v1,
06fac040-d783-46d7-b531-a3c32b26ed5a,ecc9b49b-2192-453d-adbc-0d61675e9fda,profilo,"{'gender': 'donna', 'age_group': '25-34', 'field_of_study': 'Biotecnologie sanitarie ', 'education_level': 'diploma'}",2026-03-13T12:44:59.875036+00:00,2026-03-13T12:44:59.58+00:00,v1,
ac8e9c61-7712-475c-9e48-571675ba5e98,ecc9b49b-2192-453d-adbc-0d61675e9fda,competenze,"{'sector': 'Addetta alla vendita ', 'role_type': 'commerciale', 'years_experience': '10+'}",2026-03-13T12:45:20.642118+00:00,2026-03-13T12:45:20.549+00:00,v1,
33e674e2-53fa-47dc-b5cd-9de9eb7d402f,ecc9b49b-2192-453d-adbc-0d61675e9fda,preferenze,"{'work_mode': 'presenza', 'target_role': 'sales_ops', 'company_size': 'grande_impresa', 'main_motivation': 'stabilita', 'job_satisfaction': '4', 'desired_seniority': 'mid'}",2026-03-13T12:45:46.635854+00:00,2026-03-13T12:45:46.542+00:00,v1,
46222bb7-b61a-4d6b-a265-9a580f61d45c,5b4b3665-89c7-4dc4-aead-b05cdbf6531a,profilo,"{'gender': 'donna', 'age_group': '25-34', 'field_of_study': 'Elettronico', 'education_level': 'diploma'}",2026-03-13T12:55:32.684909+00:00,2026-03-13T12:55:32.567+00:00,v1,
a77bf7dc-e0b2-4553-9c62-3fe28cddbb8b,5b4b3665-89c7-4dc4-aead-b05cdbf6531a,competenze,"{'sector': 'Addetta vendite', 'role_type': 'commerciale', 'years_experience': '3-5'}",2026-03-13T12:56:14.11488+00:00,2026-03-13T12:56:13.991+00:00,v1,
fb739038-cb7e-4a3a-857d-49fc090b1005,81b86abc-d94a-48ef-9f0d-86364117876b,profilo,"{'gender': 'donna', 'age_group': '35-44', 'field_of_study': 'Servizi sociali ', 'education_level': 'diploma'}",2026-03-13T12:56:22.89359+00:00,2026-03-13T12:56:22.771+00:00,v1,
a9998f74-4857-437b-9892-df690957876a,81b86abc-d94a-48ef-9f0d-86364117876b,competenze,"{'sector': 'Vendita ', 'role_type': 'commerciale', 'years_experience': '10+'}",2026-03-13T12:57:08.213101+00:00,2026-03-13T12:57:08.11+00:00,v1,
db728c43-f5e3-43c2-9bb5-ae24ccd40c6f,81b86abc-d94a-48ef-9f0d-86364117876b,preferenze,"{'work_mode': 'presenza', 'target_role': 'sales_ops', 'company_size': 'pmI', 'main_motivation': 'stabilita', 'job_satisfaction': '3', 'desired_seniority': 'mid'}",2026-03-13T12:58:26.141924+00:00,2026-03-13T12:58:25.81+00:00,v1,
d54b44bd-9156-4aa1-a278-ba04d014559e,5b4b3665-89c7-4dc4-aead-b05cdbf6531a,preferenze,"{'work_mode': 'presenza', 'target_role': 'sales_ops', 'company_size': 'pmI', 'main_motivation': 'guadagno', 'job_satisfaction': '2', 'desired_seniority': 'mid'}",2026-03-13T12:58:29.138654+00:00,2026-03-13T12:58:29.07+00:00,v1,
b67da439-14f3-4e7f-8c65-a27c8c234156,bf56dfd7-83dc-4604-b320-04a33ad10b06,profilo,"{'gender': 'donna', 'age_group': '35-44', 'field_of_study': 'Materie umanistiche ', 'education_level': 'diploma'}",2026-03-13T13:08:35.472955+00:00,2026-03-13T13:08:35.379+00:00,v1,
abdcf0f0-47f8-4779-8a94-2678d8341490,bf56dfd7-83dc-4604-b320-04a33ad10b06,competenze,"{'sector': 'Vendite ', 'role_type': 'commerciale', 'years_experience': '10+'}",2026-03-13T13:08:57.642073+00:00,2026-03-13T13:08:57.398+00:00,v1,
9c32c354-3fa7-4009-abc0-276a8c8a9469,bf56dfd7-83dc-4604-b320-04a33ad10b06,preferenze,"{'work_mode': 'presenza', 'target_role': 'sales_ops', 'company_size': 'grande_impresa', 'main_motivation': 'stabilita', 'job_satisfaction': '5', 'desired_seniority': 'mid'}",2026-03-13T13:09:34.563048+00:00,2026-03-13T13:09:34.382+00:00,v1,
63fafbb2-f3db-4d59-9cd8-b7e920533f72,3bb1c395-d475-4149-9182-bef1ff47d15f,profilo,"{'gender': 'donna', 'age_group': '35-44', 'field_of_study': 'Lingue straniere', 'education_level': 'diploma'}",2026-03-13T14:10:45.196454+00:00,2026-03-13T14:10:44.95+00:00,v1,
54ce825e-b31a-493e-a0e0-bae91c47293b,3bb1c395-d475-4149-9182-bef1ff47d15f,competenze,"{'sector': 'Vendite', 'role_type': 'commerciale', 'years_experience': '10+'}",2026-03-13T14:11:04.409514+00:00,2026-03-13T14:11:04.145+00:00,v1,
dc3856b4-f098-4752-bdc5-6a686cfdcb85,3bb1c395-d475-4149-9182-bef1ff47d15f,preferenze,"{'work_mode': 'presenza', 'target_role': 'sales_ops', 'company_size': 'grande_impresa', 'main_motivation': 'crescita', 'job_satisfaction': '4', 'desired_seniority': 'senior'}",2026-03-13T14:11:42.527643+00:00,2026-03-13T14:11:42.16+00:00,v1,
3f957384-3260-4cab-824b-8db18ee4df77,1dbd3e82-0bcd-4485-a6ff-08a207b17d38,profilo,"{'gender': 'donna', 'age_group': '45+', 'field_of_study': 'Economia ', 'education_level': 'diploma'}",2026-03-13T14:18:32.024243+00:00,2026-03-13T14:18:31.73+00:00,v1,
14140585-ceec-4757-9de8-62322ab944ea,1dbd3e82-0bcd-4485-a6ff-08a207b17d38,competenze,"{'sector': 'Vendita ', 'role_type': 'organizzativo', 'years_experience': '10+'}",2026-03-13T14:18:52.650472+00:00,2026-03-13T14:18:52.556+00:00,v1,
5116687c-7186-4e32-a6c3-41e38be723c1,1dbd3e82-0bcd-4485-a6ff-08a207b17d38,preferenze,"{'work_mode': 'presenza', 'target_role': 'sales_ops', 'company_size': 'startup', 'main_motivation': 'crescita', 'job_satisfaction': '4', 'desired_seniority': 'senior'}",2026-03-13T14:19:42.963267+00:00,2026-03-13T14:19:42.511+00:00,v1,
40f84af0-f111-4382-8952-c56413dd106d,8812d715-2437-452f-9f08-89a9b7de6222,profilo,"{'gender': 'donna', 'age_group': '25-34', 'field_of_study': 'Marketing ', 'education_level': 'diploma'}",2026-03-13T11:51:08.053733+00:00,2026-03-13T14:43:00.363608+00:00,v1,
68816dc7-7aef-4b33-a259-e573bb46488b,8812d715-2437-452f-9f08-89a9b7de6222,competenze,"{'sector': 'Vendite ', 'role_type': 'commerciale', 'years_experience': '1-2'}",2026-03-13T14:43:20.032752+00:00,2026-03-13T14:43:19.93+00:00,v1,
12de8008-a4f2-4aa3-9d36-425404c19ea6,8812d715-2437-452f-9f08-89a9b7de6222,preferenze,"{'work_mode': 'presenza', 'target_role': 'sales_ops', 'company_size': 'grande_impresa', 'main_motivation': 'relazioni', 'job_satisfaction': '4', 'desired_seniority': 'senior'}",2026-03-13T14:43:48.885163+00:00,2026-03-13T14:43:48.599+00:00,v1,
6c1be4e5-49e1-44c3-8ac9-c420f2a6a7a0,09612f6d-c842-45f6-bac5-f6f5c117131c,profilo,"{'gender': 'donna', 'age_group': '35-44', 'field_of_study': 'Ristorazione ', 'education_level': 'diploma'}",2026-03-13T14:48:14.996047+00:00,2026-03-13T14:48:14.888+00:00,v1,
dbf05933-fec2-4ca7-b8e5-d7d69250cdd0,09612f6d-c842-45f6-bac5-f6f5c117131c,competenze,"{'sector': 'Vendita', 'role_type': 'commerciale', 'years_experience': '3-5'}",2026-03-13T14:48:30.46252+00:00,2026-03-13T14:48:30.374+00:00,v1,
450db62a-c0cf-435f-89aa-368782dc3c46,09612f6d-c842-45f6-bac5-f6f5c117131c,preferenze,"{'work_mode': 'presenza', 'target_role': 'sales_ops', 'company_size': 'grande_impresa', 'main_motivation': 'relazioni', 'job_satisfaction': '5', 'desired_seniority': 'mid'}",2026-03-13T14:49:07.719093+00:00,2026-03-13T14:49:07.603+00:00,v1,
2a58abc7-4411-454f-9b75-2d3e95140303,fd85e477-ddef-4b81-bb94-cbdda9912dd4,profilo,"{'gender': 'donna', 'age_group': '25-34', 'field_of_study': 'Ottica ', 'education_level': 'diploma'}",2026-03-13T14:57:31.346799+00:00,2026-03-13T14:57:31.256+00:00,v1,
0a6598ed-aff0-4b14-8d07-34ef7242e4e4,fd85e477-ddef-4b81-bb94-cbdda9912dd4,competenze,"{'sector': 'Vendite ', 'role_type': 'commerciale', 'years_experience': '6-10'}",2026-03-13T14:57:48.456464+00:00,2026-03-13T14:57:48.343+00:00,v1,
60acc1db-fdcb-4655-849c-91866b2421da,fd85e477-ddef-4b81-bb94-cbdda9912dd4,preferenze,"{'work_mode': 'presenza', 'target_role': 'sales_ops', 'company_size': 'grande_impresa', 'main_motivation': 'guadagno', 'job_satisfaction': '3', 'desired_seniority': 'mid'}",2026-03-13T14:58:21.475718+00:00,2026-03-13T14:58:21.374+00:00,v1,
9d0fe394-bcc9-4ffc-baaf-f58dc8abaa9e,fb5921ce-c739-48c0-9d76-abbbf4a9ccc1,profilo,"{'gender': 'donna', 'age_group': '45+', 'field_of_study': 'Professionale ', 'education_level': 'diploma'}",2026-03-13T16:06:50.620626+00:00,2026-03-13T16:06:50.272+00:00,v1,
47f73243-7568-470a-a2d9-40b2c09b765d,fb5921ce-c739-48c0-9d76-abbbf4a9ccc1,competenze,"{'sector': 'Vendita ', 'role_type': 'commerciale', 'years_experience': '6-10'}",2026-03-13T16:07:07.034558+00:00,2026-03-13T16:07:06.909+00:00,v1,
53112026-a9a8-4705-93a9-ed6c82ebb619,fb5921ce-c739-48c0-9d76-abbbf4a9ccc1,preferenze,"{'work_mode': 'presenza', 'target_role': 'sales_ops', 'company_size': 'startup', 'main_motivation': 'stabilita', 'job_satisfaction': '1', 'desired_seniority': 'mid'}",2026-03-13T16:07:57.322928+00:00,2026-03-13T16:07:57.013+00:00,v1,
849ed9b9-6908-42d9-8016-5c7b63bed891,b581cb58-728d-4c35-ab17-24e896fc6c5d,profilo,"{'gender': 'donna', 'age_group': '35-44', 'field_of_study': 'Lingue', 'education_level': 'laurea_magistrale'}",2026-03-13T18:30:23.269379+00:00,2026-03-13T18:30:22.939+00:00,v1,
55d6ba6c-f7e7-43fb-8a9e-3de4d97a1396,b581cb58-728d-4c35-ab17-24e896fc6c5d,competenze,"{'sector': 'Amministrazione ', 'role_type': 'servizio_clienti', 'years_experience': '10+'}",2026-03-13T18:31:00.950539+00:00,2026-03-13T18:31:00.537+00:00,v1,
bf72fe03-e5fc-4181-9475-46705297f66b,b581cb58-728d-4c35-ab17-24e896fc6c5d,preferenze,"{'work_mode': 'remoto', 'target_role': 'receptionist', 'company_size': 'grande_impresa', 'main_motivation': 'relazioni', 'job_satisfaction': '3', 'desired_seniority': 'senior'}",2026-03-13T18:32:08.503488+00:00,2026-03-13T18:32:07.319+00:00,v1,
55618035-27f8-4f64-9e04-fe892f2810cc,bd237615-1c4c-4717-9d37-7b9a52c06e47,profilo,"{'gender': 'donna', 'age_group': '35-44', 'field_of_study': 'Tecnico commerciale ', 'education_level': 'diploma'}",2026-03-13T18:35:29.916814+00:00,2026-03-13T18:35:29.834+00:00,v1,
1eead61a-136e-4913-bbd2-73f13734abd4,bd237615-1c4c-4717-9d37-7b9a52c06e47,competenze,"{'sector': 'Vendite', 'role_type': 'commerciale', 'years_experience': '10+'}",2026-03-13T18:35:53.174825+00:00,2026-03-13T18:35:53.042+00:00,v1,
2f99eae7-36ff-4514-8970-e5f7b9a6f9e9,bd237615-1c4c-4717-9d37-7b9a52c06e47,preferenze,"{'work_mode': 'presenza', 'target_role': 'sales_ops', 'company_size': 'grande_impresa', 'main_motivation': 'relazioni', 'job_satisfaction': '3', 'desired_seniority': 'mid'}",2026-03-13T18:36:29.634135+00:00,2026-03-13T18:36:29.517+00:00,v1,
11882d96-8cfa-4745-9111-cc40a35732e7,1b380868-63e3-4e1b-b106-152416e05dbb,profilo,"{'gender': 'donna', 'age_group': '25-34', 'field_of_study': 'Arte', 'education_level': 'diploma'}",2026-03-13T21:22:03.551441+00:00,2026-03-13T21:22:03.441+00:00,v1,
0dc4f36e-6e9b-4824-a3df-0e0e990f3997,1b380868-63e3-4e1b-b106-152416e05dbb,competenze,"{'sector': 'Vendita ', 'role_type': 'commerciale', 'years_experience': '10+'}",2026-03-13T21:22:25.530711+00:00,2026-03-13T21:22:25.207+00:00,v1,
08ed9885-13b5-4019-b248-6b7183ec6ad2,1b380868-63e3-4e1b-b106-152416e05dbb,preferenze,"{'work_mode': 'presenza', 'target_role': 'sales_ops', 'company_size': 'grande_impresa', 'main_motivation': 'guadagno', 'job_satisfaction': '3', 'desired_seniority': 'senior'}",2026-03-13T21:23:09.327812+00:00,2026-03-13T21:23:09.193+00:00,v1,
0037fc3d-52fb-4a92-9ad4-30a2a9021e21,51ba4fbd-ec10-49b1-b67e-6eb9eb5fda15,profilo,"{'gender': 'donna', 'age_group': '25-34', 'field_of_study': 'scienze umanistiche ', 'education_level': 'laurea_triennale'}",2026-03-13T21:48:18.621062+00:00,2026-03-13T21:48:18.352+00:00,v1,
f426dc19-6860-42b0-9143-517f84c5244e,51ba4fbd-ec10-49b1-b67e-6eb9eb5fda15,competenze,"{'sector': 'vendita', 'role_type': 'servizio_clienti', 'years_experience': '10+'}",2026-03-13T21:48:45.553787+00:00,2026-03-13T21:48:45.441+00:00,v1,
a3f0f3b8-e47d-4bd5-8831-2a1d0b8dfc21,51ba4fbd-ec10-49b1-b67e-6eb9eb5fda15,preferenze,"{'work_mode': 'ibrido', 'target_role': 'developer', 'company_size': 'grande_impresa', 'main_motivation': 'stabilita', 'job_satisfaction': '3', 'desired_seniority': 'mid'}",2026-03-13T21:49:31.164144+00:00,2026-03-13T21:49:30.975+00:00,v1,
aac4afda-7680-4470-9108-31e74f4646c4,b701c83a-8878-4490-a5c0-0bf097d5abf6,profilo,"{'gender': 'donna', 'age_group': '25-34', 'field_of_study': 'Scientifico', 'education_level': 'diploma'}",2026-03-13T23:29:06.982666+00:00,2026-03-13T23:29:06.73+00:00,v1,
d2b3eb95-6357-4709-a408-f7bc2807eee3,b701c83a-8878-4490-a5c0-0bf097d5abf6,competenze,"{'sector': 'Vendite ', 'role_type': 'commerciale', 'years_experience': '3-5'}",2026-03-13T23:30:14.084393+00:00,2026-03-13T23:30:13.795+00:00,v1,
cfcf6cd4-925c-4949-89c9-4f1755dded92,b701c83a-8878-4490-a5c0-0bf097d5abf6,preferenze,"{'work_mode': 'presenza', 'target_role': 'sales_ops', 'company_size': 'grande_impresa', 'main_motivation': 'stabilita', 'job_satisfaction': '3', 'desired_seniority': 'mid'}",2026-03-13T23:31:29.127555+00:00,2026-03-13T23:31:28.869+00:00,v1,
8fb8f7f7-31ab-4f35-bd14-3b30688d3fce,1ac56240-ef90-4360-a0d1-585b60886757,profilo,"{'gender': 'donna', 'age_group': '25-34', 'field_of_study': 'Economia', 'education_level': 'laurea_triennale'}",2026-03-14T12:03:44.665849+00:00,2026-03-14T12:03:44.398+00:00,v1,
00df294a-22c5-434e-9b62-aad34b0ce003,1ac56240-ef90-4360-a0d1-585b60886757,competenze,"{'sector': 'Vendite', 'role_type': 'commerciale', 'years_experience': '3-5'}",2026-03-14T12:04:03.201904+00:00,2026-03-14T12:04:02.963+00:00,v1,
d428ee49-2810-4a00-b7d3-ca1c2b715f8e,1ac56240-ef90-4360-a0d1-585b60886757,preferenze,"{'work_mode': 'presenza', 'target_role': 'sales_ops', 'company_size': 'pmI', 'main_motivation': 'guadagno', 'job_satisfaction': '3', 'desired_seniority': 'senior'}",2026-03-14T12:04:32.700732+00:00,2026-03-14T12:04:32.621+00:00,v1,
8bf67e58-a054-4244-80ba-942ca4b036b4,3c50cad0-42f0-4118-b406-28e65e0caf2d,profilo,"{'gender': 'uomo', 'age_group': '25-34', 'field_of_study': 'Economia', 'education_level': 'laurea_triennale'}",2026-03-14T16:39:09.338493+00:00,2026-03-14T16:39:09.044+00:00,v1,
a67e81e5-e587-4312-80fd-ee9e70f230f7,3c50cad0-42f0-4118-b406-28e65e0caf2d,competenze,"{'sector': 'Vendita', 'role_type': 'servizio_clienti', 'years_experience': '3-5'}",2026-03-14T16:39:41.785053+00:00,2026-03-14T16:39:41.505+00:00,v1,
20a62520-f80f-4113-989e-64b76ccbb4ae,3c50cad0-42f0-4118-b406-28e65e0caf2d,preferenze,"{'work_mode': 'remoto', 'target_role': 'developer', 'company_size': 'grande_impresa', 'main_motivation': 'guadagno', 'job_satisfaction': '1', 'desired_seniority': 'senior'}",2026-03-14T16:40:34.848937+00:00,2026-03-14T16:40:34.513+00:00,v1,
88eb43de-8fd5-49c1-8260-fbe2e56e14be,125816e2-8d79-4b3f-a747-521bdfad992d,profilo,"{'gender': 'uomo', 'age_group': '25-34', 'field_of_study': 'Sociologia, risorse umane, criminologia', 'education_level': 'laurea_triennale'}",2026-03-15T14:54:19.030085+00:00,2026-03-15T14:54:18.776+00:00,v1,
e87ee86c-f46d-42ef-81a7-5549b8a5fa20,125816e2-8d79-4b3f-a747-521bdfad992d,competenze,"{'sector': 'Receptionist', 'role_type': 'servizio_clienti', 'years_experience': '3-5'}",2026-03-15T14:55:16.756083+00:00,2026-03-15T14:55:16.41+00:00,v1,
0cfc0399-eb75-4a36-8e30-fa177b410f71,125816e2-8d79-4b3f-a747-521bdfad992d,preferenze,"{'work_mode': 'presenza', 'target_role': 'receptionist', 'company_size': 'grande_impresa', 'main_motivation': 'relazioni', 'job_satisfaction': '4', 'desired_seniority': 'junior'}",2026-03-15T14:55:58.419415+00:00,2026-03-15T14:55:58.137+00:00,v1,
6df642e3-3047-49da-ac86-218732680dc9,8d187915-8137-477f-814a-c8ca56668885,profilo,"{'gender': 'uomo', 'age_group': '35-44', 'field_of_study': 'Sociologia', 'education_level': 'laurea_magistrale'}",2026-03-16T15:05:33.864447+00:00,2026-03-16T15:05:33.558+00:00,v1,
4e4be83c-7e9a-4bd4-860b-f1edae86a222,4412d3e8-0fd6-44ac-b0fd-2d4fc55f8dcd,profilo,"{'gender': 'uomo', 'age_group': '35-44', 'field_of_study': 'Sociologia', 'education_level': 'laurea_magistrale'}",2026-03-16T15:09:18.689542+00:00,2026-03-16T15:09:18.596+00:00,v1,
48121030-792c-4411-a8be-0a2ef514309a,4412d3e8-0fd6-44ac-b0fd-2d4fc55f8dcd,competenze,"{'sector': 'Commercio', 'role_type': 'commerciale', 'years_experience': '10+'}",2026-03-16T15:11:17.634122+00:00,2026-03-16T15:11:17.165+00:00,v1,
145c9605-02a5-4a0f-95c9-961bdc5befe4,4412d3e8-0fd6-44ac-b0fd-2d4fc55f8dcd,preferenze,"{'work_mode': 'ibrido', 'target_role': 'sales_ops', 'company_size': 'pmI', 'main_motivation': 'stabilita', 'job_satisfaction': '3', 'desired_seniority': 'mid'}",2026-03-16T15:12:28.743179+00:00,2026-03-16T15:12:28.421+00:00,v1,
ebb03f64-2219-410a-9873-2a09f92a6011,3125642c-91c9-4248-95c6-6d51ca9b18b2,profilo,"{'gender': 'uomo', 'age_group': '35-44', 'field_of_study': 'Scienze politiche', 'education_level': 'laurea_magistrale'}",2026-03-16T15:33:10.346351+00:00,2026-03-16T15:33:10.197+00:00,v1,
02b3be0e-5c12-4a8e-939e-052369cd087a,3125642c-91c9-4248-95c6-6d51ca9b18b2,competenze,"{'sector': 'Amministrazione', 'role_type': 'organizzativo', 'years_experience': '3-5'}",2026-03-16T15:33:35.975545+00:00,2026-03-16T15:33:35.705+00:00,v1,
131df1f3-c452-4f6c-9e4a-ab7f5ec3a092,3125642c-91c9-4248-95c6-6d51ca9b18b2,preferenze,"{'work_mode': 'remoto', 'target_role': 'sales_ops', 'company_size': 'startup', 'main_motivation': 'guadagno', 'job_satisfaction': '4', 'desired_seniority': 'senior'}",2026-03-16T15:34:08.456272+00:00,2026-03-16T15:34:08.174+00:00,v1,
c434f630-c764-4876-9c48-714d8f922e1b,e5a89d72-ecd6-4cec-b55e-ceb2f1e81ef3,profilo,"{'gender': 'uomo', 'age_group': '25-34', 'field_of_study': 'Sociologia', 'education_level': 'laurea_magistrale'}",2026-03-16T16:07:45.082097+00:00,2026-03-16T16:07:44.283+00:00,v1,
576a6b88-8868-4b15-af20-ae788eedc3af,e5a89d72-ecd6-4cec-b55e-ceb2f1e81ef3,competenze,"{'sector': 'Front-office', 'role_type': 'servizio_clienti', 'years_experience': '1-2'}",2026-03-16T16:14:59.097278+00:00,2026-03-16T16:14:58.684+00:00,v1,
e1f45e67-6f23-48ac-bee0-e7c085852188,8c35a76c-2545-4794-82e1-958d44734e08,profilo,"{'gender': 'donna', 'age_group': '18-24', 'field_of_study': 'Psicologia', 'education_level': 'laurea_triennale'}",2026-03-19T15:38:51.572096+00:00,2026-03-19T15:38:51.471+00:00,v1,
87d7440f-0adf-46e1-86c1-3c8737040cc5,e5a89d72-ecd6-4cec-b55e-ceb2f1e81ef3,preferenze,"{'work_mode': 'presenza', 'target_role': 'receptionist', 'company_size': 'grande_impresa', 'main_motivation': 'relazioni', 'job_satisfaction': '2', 'desired_seniority': 'mid'}",2026-03-16T16:16:15.266251+00:00,2026-03-16T16:16:15.112+00:00,v1,
9e3334e9-ce3f-4572-9ee8-b1e97cb345ad,4983dc33-eb5d-46e1-92d4-2fa383334b78,profilo,"{'gender': 'uomo', 'age_group': '35-44', 'field_of_study': 'Informatica', 'education_level': 'diploma'}",2026-03-16T16:20:48.612523+00:00,2026-03-16T16:20:48.362+00:00,v1,
ce32f5ea-6076-4b63-9ca2-b52cbafa8866,4983dc33-eb5d-46e1-92d4-2fa383334b78,competenze,"{'sector': 'Informatica', 'role_type': 'tecnico', 'years_experience': '10+'}",2026-03-16T16:21:05.643523+00:00,2026-03-16T16:21:05.326+00:00,v1,
a0bf360b-a035-48dd-a59b-0032be794272,4983dc33-eb5d-46e1-92d4-2fa383334b78,preferenze,"{'work_mode': 'ibrido', 'target_role': 'developer', 'company_size': 'grande_impresa', 'main_motivation': 'stabilita', 'job_satisfaction': '3', 'desired_seniority': 'senior'}",2026-03-16T16:21:41.119161+00:00,2026-03-16T16:21:41.022+00:00,v1,
ef4a5ee2-b423-49ed-9329-eaf0e7df34fc,2793726b-3a52-4497-bb98-7ae0368d25e2,profilo,"{'gender': 'donna', 'age_group': '25-34', 'field_of_study': 'Sociologia', 'education_level': 'laurea_magistrale'}",2026-03-16T16:43:07.763338+00:00,2026-03-16T16:43:07.559+00:00,v1,
8c1433bd-e912-4dd5-aa7d-ce35462f10fb,2793726b-3a52-4497-bb98-7ae0368d25e2,competenze,"{'sector': 'Front-office', 'role_type': 'servizio_clienti', 'years_experience': '1-2'}",2026-03-16T16:43:52.369083+00:00,2026-03-16T16:43:52.162+00:00,v1,
5deb813f-7e21-41ea-9316-de7fd1805122,2793726b-3a52-4497-bb98-7ae0368d25e2,preferenze,"{'work_mode': 'presenza', 'target_role': 'receptionist', 'company_size': 'pmI', 'main_motivation': 'relazioni', 'job_satisfaction': '3', 'desired_seniority': 'mid'}",2026-03-16T16:45:08.441052+00:00,2026-03-16T16:45:08.115+00:00,v1,
a650d15c-74d8-4b03-bef2-678dd160c7ca,3b5e7f26-d667-4679-84c5-8cb8f9e11ed1,profilo,"{'gender': 'donna', 'age_group': '35-44', 'field_of_study': 'Sociologia - Filosofia', 'education_level': 'master'}",2026-03-16T17:03:39.911948+00:00,2026-03-16T17:03:39.619+00:00,v1,
e6b9b0d4-8443-4f1e-92d3-caf73e6277f6,3b5e7f26-d667-4679-84c5-8cb8f9e11ed1,competenze,"{'sector': 'Accoglienza - Sportello', 'role_type': 'servizio_clienti', 'years_experience': '3-5'}",2026-03-16T17:04:55.340363+00:00,2026-03-16T17:04:55.067+00:00,v1,
cf98c2f5-95c2-4ef1-ac3e-03f19a5111e2,3b5e7f26-d667-4679-84c5-8cb8f9e11ed1,preferenze,"{'work_mode': 'presenza', 'target_role': 'receptionist', 'company_size': 'pmI', 'main_motivation': 'relazioni', 'job_satisfaction': '5', 'desired_seniority': 'mid'}",2026-03-16T17:05:35.301938+00:00,2026-03-16T17:05:35.143+00:00,v1,
2e1d5c92-6924-46c4-be03-4acb8ac99a03,9c3365b6-0abe-45e9-8535-ddbea708e029,profilo,"{'gender': 'uomo', 'age_group': '25-34', 'field_of_study': 'Psicologia ', 'education_level': 'laurea_magistrale'}",2026-03-16T21:06:08.74136+00:00,2026-03-16T21:10:39.851765+00:00,v1,
8de79a12-77dd-4166-8061-c5381314a820,9c3365b6-0abe-45e9-8535-ddbea708e029,competenze,"{'sector': 'Supporto ', 'role_type': 'servizio_clienti', 'years_experience': '1-2'}",2026-03-16T21:07:06.66948+00:00,2026-03-16T21:10:43.174021+00:00,v1,
8bbf901c-8b5f-40f5-9822-15c6337e5145,9c3365b6-0abe-45e9-8535-ddbea708e029,preferenze,"{'work_mode': 'ibrido', 'target_role': 'receptionist', 'company_size': 'grande_impresa', 'main_motivation': 'crescita', 'job_satisfaction': '5', 'desired_seniority': 'mid'}",2026-03-16T21:11:09.063982+00:00,2026-03-16T21:11:08.971+00:00,v1,
ac60fc6b-4a76-458d-8b61-cfe5921f5475,093d3f4d-d24e-47fb-9f90-de8e2e6b8be6,profilo,"{'gender': 'donna', 'age_group': '45+', 'field_of_study': 'Economia', 'education_level': 'laurea_triennale'}",2026-03-17T13:32:40.87295+00:00,2026-03-17T13:32:40.607+00:00,v1,
fb754721-085c-4b04-99e9-df2e2ebfb04f,093d3f4d-d24e-47fb-9f90-de8e2e6b8be6,competenze,"{'sector': 'Amministrazione ', 'role_type': 'organizzativo', 'years_experience': '10+'}",2026-03-17T13:33:07.077315+00:00,2026-03-17T13:35:32.712738+00:00,v1,
03c3e7b1-7fa8-468a-8108-412a2ddda943,093d3f4d-d24e-47fb-9f90-de8e2e6b8be6,preferenze,"{'work_mode': 'remoto', 'target_role': 'receptionist', 'company_size': 'startup', 'main_motivation': 'stabilita', 'job_satisfaction': '3', 'desired_seniority': 'senior'}",2026-03-17T13:36:47.759907+00:00,2026-03-17T13:36:47.634+00:00,v1,
1e7703f3-6691-457d-8dec-5a70ffdd100a,7171a598-3f14-458f-a789-adf146404838,profilo,"{'gender': 'donna', 'age_group': '35-44', 'field_of_study': 'Informati ', 'education_level': 'diploma'}",2026-03-17T14:02:20.865855+00:00,2026-03-17T14:02:20.531+00:00,v1,
53ddc485-a576-4827-81d6-f931860953ee,7171a598-3f14-458f-a789-adf146404838,competenze,"{'sector': 'Amministrazione ', 'role_type': 'organizzativo', 'years_experience': '3-5'}",2026-03-17T14:02:43.859029+00:00,2026-03-17T14:02:43.615+00:00,v1,
7abe1d6f-75b1-4a13-981e-a5c9cd3406dc,7171a598-3f14-458f-a789-adf146404838,preferenze,"{'work_mode': 'presenza', 'target_role': 'receptionist', 'company_size': 'startup', 'main_motivation': 'crescita', 'job_satisfaction': '3', 'desired_seniority': 'junior'}",2026-03-17T14:03:17.718419+00:00,2026-03-17T14:03:17.352+00:00,v1,
7dd48735-6198-4761-88cd-219d80c7767d,1d0ee5c3-89d2-4ff2-950a-92dc63809e1e,profilo,"{'gender': 'uomo', 'age_group': '25-34', 'field_of_study': 'Informatica', 'education_level': 'laurea_triennale'}",2026-03-17T15:53:11.641846+00:00,2026-03-17T15:53:11.358+00:00,v1,
8aaccb8f-2206-4e7b-a12a-6f22b2671bf1,1d0ee5c3-89d2-4ff2-950a-92dc63809e1e,competenze,"{'sector': 'Tecnologia', 'role_type': 'tecnico', 'years_experience': '3-5'}",2026-03-17T15:53:35.054587+00:00,2026-03-17T15:53:34.722+00:00,v1,
099691e5-2a49-4add-9107-2dc607267e3c,1d0ee5c3-89d2-4ff2-950a-92dc63809e1e,preferenze,"{'work_mode': 'ibrido', 'target_role': 'developer', 'company_size': 'grande_impresa', 'main_motivation': 'crescita', 'job_satisfaction': '3', 'desired_seniority': 'senior'}",2026-03-17T16:30:40.697371+00:00,2026-03-17T16:30:40.282+00:00,v1,
7b3fb431-4a92-4a3a-b8cd-df6994267d63,1dcc0aa3-7df0-4815-ab89-29892d64c043,profilo,"{'gender': 'donna', 'age_group': '25-34', 'field_of_study': 'Ingegneria ', 'education_level': 'laurea_magistrale'}",2026-03-17T17:06:12.535408+00:00,2026-03-17T17:06:12.209+00:00,v1,
477b29be-a5f7-4cc2-8111-d9c9598f6f6f,1dcc0aa3-7df0-4815-ab89-29892d64c043,competenze,"{'sector': 'Consulenza tecnica', 'role_type': 'organizzativo', 'years_experience': '1-2'}",2026-03-17T17:06:54.803357+00:00,2026-03-17T17:06:54.552+00:00,v1,
be49a3a2-09be-412d-906b-4cd2ce55147e,1dcc0aa3-7df0-4815-ab89-29892d64c043,preferenze,"{'work_mode': 'presenza', 'target_role': 'developer', 'company_size': 'pmI', 'main_motivation': 'impatto', 'job_satisfaction': '1', 'desired_seniority': 'senior'}",2026-03-17T17:07:37.393181+00:00,2026-03-17T17:07:37.085+00:00,v1,
a0336e63-4c03-4d6c-b903-68c7183e028d,dc5e1d44-459a-43dd-940e-00786d4f84ca,profilo,"{'gender': 'donna', 'age_group': '45+', 'field_of_study': 'Alberghiero ', 'education_level': 'diploma'}",2026-03-17T17:42:42.013826+00:00,2026-03-17T17:42:41.734+00:00,v1,
e3533cb8-f0fe-45aa-b241-a619bd4346ea,dc5e1d44-459a-43dd-940e-00786d4f84ca,competenze,"{'sector': 'Marketing ', 'role_type': 'organizzativo', 'years_experience': '10+'}",2026-03-17T17:43:22.537471+00:00,2026-03-17T17:43:22.324+00:00,v1,
8d29b2a4-549b-4861-b78f-39e816eaf25e,dc5e1d44-459a-43dd-940e-00786d4f84ca,preferenze,"{'work_mode': 'remoto', 'target_role': 'sales_ops', 'company_size': 'grande_impresa', 'main_motivation': 'relazioni', 'job_satisfaction': '5', 'desired_seniority': 'senior'}",2026-03-17T17:44:21.103154+00:00,2026-03-17T17:44:20.807+00:00,v1,
1070d5d7-2f74-4744-bf40-91f0f6f9ed96,515b2474-5968-4564-b620-60a42ecfaef8,profilo,"{'gender': 'uomo', 'age_group': '25-34', 'field_of_study': 'Ingegneria', 'education_level': 'laurea_triennale'}",2026-03-17T18:39:56.953559+00:00,2026-03-17T18:39:56.701+00:00,v1,
14cb1f1d-1cd6-47e0-ada2-f8fa3bbb4452,515b2474-5968-4564-b620-60a42ecfaef8,competenze,"{'sector': 'Settore elettrico ', 'role_type': 'tecnico', 'years_experience': '1-2'}",2026-03-17T18:40:14.575341+00:00,2026-03-17T18:40:14.469+00:00,v1,
6e14ef88-26af-469d-baf6-04984489cb12,515b2474-5968-4564-b620-60a42ecfaef8,preferenze,"{'work_mode': 'ibrido', 'target_role': 'developer', 'company_size': 'grande_impresa', 'main_motivation': 'crescita', 'job_satisfaction': '1', 'desired_seniority': 'junior'}",2026-03-17T18:40:41.522249+00:00,2026-03-17T18:40:41.268+00:00,v1,
86243c54-f5eb-4140-bd44-b8d3928a8542,8c617733-c96e-459a-939f-e2c29142e61c,profilo,"{'gender': 'donna', 'age_group': '35-44', 'field_of_study': 'tourismo', 'education_level': 'laurea_magistrale'}",2026-03-17T19:49:05.614234+00:00,2026-03-17T19:49:05.199+00:00,v1,
fac10ade-e4c8-4920-bc9f-5a8027375c9e,8c617733-c96e-459a-939f-e2c29142e61c,competenze,"{'sector': 'tourismo', 'role_type': 'servizio_clienti', 'years_experience': '6-10'}",2026-03-17T19:49:31.372055+00:00,2026-03-17T19:49:31.103+00:00,v1,
02c6f178-2aae-48f5-aa7c-59e801842000,8c617733-c96e-459a-939f-e2c29142e61c,preferenze,"{'work_mode': 'presenza', 'target_role': 'receptionist', 'company_size': 'pmI', 'main_motivation': 'impatto', 'job_satisfaction': '4', 'desired_seniority': 'mid'}",2026-03-17T19:50:43.415915+00:00,2026-03-17T19:50:43.059+00:00,v1,
67db1366-99c8-450b-b316-233e0579e142,ea64ca73-3be8-44d5-b6a4-f3e64aca8dc1,competenze,"{'sector': 'Vendite', 'role_type': 'commerciale', 'years_experience': '10+'}",2026-03-22T13:20:29.231457+00:00,2026-03-22T13:20:29.13+00:00,v1,
f70abf89-3303-403a-a675-9ef78a61b73e,c2401a0c-49b7-47f8-9a15-3203fd92c4b6,profilo,"{'gender': 'donna', 'age_group': '25-34', 'field_of_study': 'Ingegneria Industriale', 'education_level': 'laurea_triennale'}",2026-03-17T20:22:38.934495+00:00,2026-03-17T20:22:38.661+00:00,v1,
fb827f89-bcf9-4ed8-81b1-31660bc252a3,c2401a0c-49b7-47f8-9a15-3203fd92c4b6,competenze,"{'sector': 'Logistica', 'role_type': 'organizzativo', 'years_experience': '3-5'}",2026-03-17T20:23:27.233459+00:00,2026-03-17T20:23:26.939+00:00,v1,
ab11d082-2151-45ee-abd4-15a3fd6b8641,c2401a0c-49b7-47f8-9a15-3203fd92c4b6,preferenze,"{'work_mode': 'presenza', 'target_role': 'developer', 'company_size': 'grande_impresa', 'main_motivation': 'crescita', 'job_satisfaction': '2', 'desired_seniority': 'mid'}",2026-03-17T20:24:47.136699+00:00,2026-03-17T20:24:47.024+00:00,v1,
5bc54d1b-ae0f-4747-aa47-60c5b9674de0,f95a6826-5019-47cb-bb49-878a0e2bef42,profilo,"{'gender': 'donna', 'age_group': '35-44', 'field_of_study': 'Economico linguistico ', 'education_level': 'diploma'}",2026-03-17T20:53:15.654932+00:00,2026-03-17T20:53:15.427+00:00,v1,
deaf23c8-44df-4cd4-8f56-8ff78ccf2a0f,f95a6826-5019-47cb-bb49-878a0e2bef42,competenze,"{'sector': 'Operaia', 'role_type': 'altro', 'years_experience': '10+'}",2026-03-17T20:53:41.486491+00:00,2026-03-17T20:53:41.226+00:00,v1,
cbe041ae-a306-4d47-8d95-8e68811e15d4,f95a6826-5019-47cb-bb49-878a0e2bef42,preferenze,"{'work_mode': 'presenza', 'target_role': 'developer', 'company_size': 'pmI', 'main_motivation': 'guadagno', 'job_satisfaction': '1', 'desired_seniority': 'senior'}",2026-03-17T20:54:38.027515+00:00,2026-03-17T20:54:37.693+00:00,v1,
056ed769-0847-440c-8362-3edafc783852,6e9e603a-4bc0-4990-bdc8-428c3af32760,profilo,"{'gender': 'uomo', 'age_group': '25-34', 'field_of_study': 'Informatica', 'education_level': 'laurea_triennale'}",2026-03-17T21:04:09.038494+00:00,2026-03-17T21:04:08.962+00:00,v1,
fc80b36d-a436-48ca-90e7-9f08ddcd92ac,97a4a651-b33c-4978-871e-1e91aaf2bdf0,profilo,"{'gender': 'donna', 'age_group': '45+', 'field_of_study': 'Economia ', 'education_level': 'laurea_triennale'}",2026-03-17T21:04:27.58982+00:00,2026-03-17T21:04:27.509+00:00,v1,
3ecbd44e-4d72-41a8-a04e-2f5876980789,6e9e603a-4bc0-4990-bdc8-428c3af32760,competenze,"{'sector': 'Programmazione', 'role_type': 'tecnico', 'years_experience': '6-10'}",2026-03-17T21:04:33.403038+00:00,2026-03-17T21:04:33.316+00:00,v1,
b3dded3b-327a-4cf6-a40c-73fa6315e7b0,97a4a651-b33c-4978-871e-1e91aaf2bdf0,competenze,"{'sector': 'Commercio ', 'role_type': 'commerciale', 'years_experience': '10+'}",2026-03-17T21:04:53.280029+00:00,2026-03-17T21:04:53.187+00:00,v1,
75a477f0-0cac-43a0-ae3e-89ebc04226a0,6e9e603a-4bc0-4990-bdc8-428c3af32760,preferenze,"{'work_mode': 'remoto', 'target_role': 'developer', 'company_size': 'grande_impresa', 'main_motivation': 'guadagno', 'job_satisfaction': '5', 'desired_seniority': 'senior'}",2026-03-17T21:05:29.043946+00:00,2026-03-17T21:05:28.938+00:00,v1,
ae0eff34-f1f2-4f97-8abc-2950191f1a73,97a4a651-b33c-4978-871e-1e91aaf2bdf0,preferenze,"{'work_mode': 'ibrido', 'target_role': 'sales_ops', 'company_size': 'grande_impresa', 'main_motivation': 'stabilita', 'job_satisfaction': '4', 'desired_seniority': 'senior'}",2026-03-17T21:06:02.020487+00:00,2026-03-17T21:06:01.924+00:00,v1,
bda58bcc-1aa1-41ef-bdd3-b0d824ec043c,f408cc35-6cb1-4269-b37f-3d793a1b2249,profilo,"{'gender': 'uomo', 'age_group': '25-34', 'field_of_study': 'Informatica', 'education_level': 'laurea_triennale'}",2026-03-18T07:51:17.126926+00:00,2026-03-18T07:51:16.892+00:00,v1,
71aef52b-f0fe-4362-9b9a-14ba93699fcf,f408cc35-6cb1-4269-b37f-3d793a1b2249,competenze,"{'sector': 'IT', 'role_type': 'tecnico', 'years_experience': '3-5'}",2026-03-18T07:51:27.625753+00:00,2026-03-18T07:51:27.396+00:00,v1,
89cc4654-07fa-418d-ad1b-09bbe334990f,f408cc35-6cb1-4269-b37f-3d793a1b2249,preferenze,"{'work_mode': 'remoto', 'target_role': 'developer', 'company_size': 'startup', 'main_motivation': 'crescita', 'job_satisfaction': '4', 'desired_seniority': 'senior'}",2026-03-18T07:51:48.394636+00:00,2026-03-18T07:51:48.327+00:00,v1,
20d3a15d-0e6e-4667-a550-23ee3727e016,feb5467d-a7f9-4765-ad88-81cfb571fefb,profilo,"{'gender': 'uomo', 'age_group': '18-24', 'field_of_study': 'Informatica', 'education_level': 'laurea_triennale'}",2026-03-18T09:45:23.291504+00:00,2026-03-18T09:45:23.047+00:00,v1,
fba7ffd1-3261-424f-b031-2876648ecb28,feb5467d-a7f9-4765-ad88-81cfb571fefb,competenze,"{'sector': 'IT Specialist & System Administrator', 'role_type': 'tecnico', 'years_experience': '3-5'}",2026-03-18T09:45:54.001126+00:00,2026-03-18T09:45:53.64+00:00,v1,
5b15d212-4566-473b-886e-c63c2e0a6174,feb5467d-a7f9-4765-ad88-81cfb571fefb,preferenze,"{'work_mode': 'remoto', 'target_role': 'developer', 'company_size': 'grande_impresa', 'main_motivation': 'crescita', 'job_satisfaction': '2', 'desired_seniority': 'mid'}",2026-03-18T09:46:24.664527+00:00,2026-03-18T09:46:24.402+00:00,v1,
630a45a3-d965-40ef-8868-a462dc680d40,be7c2712-f10e-4980-9ae9-532696764a99,profilo,"{'gender': 'donna', 'age_group': '25-34', 'field_of_study': 'Traduzione ed interpretariato', 'education_level': 'laurea_triennale'}",2026-03-18T15:52:00.524186+00:00,2026-03-18T15:52:00.396+00:00,v1,
79d5502c-55dc-472c-9542-d75d83a32530,be7c2712-f10e-4980-9ae9-532696764a99,competenze,"{'sector': 'Reception/Vendita/Comunicazione', 'role_type': 'servizio_clienti', 'years_experience': '3-5'}",2026-03-18T15:54:08.947094+00:00,2026-03-18T15:54:08.515+00:00,v1,
2a215998-66e8-4f98-afb7-f10fd998c8be,be7c2712-f10e-4980-9ae9-532696764a99,preferenze,"{'work_mode': 'ibrido', 'target_role': 'receptionist', 'company_size': 'pmI', 'main_motivation': 'impatto', 'job_satisfaction': '2', 'desired_seniority': 'senior'}",2026-03-18T15:54:52.078728+00:00,2026-03-18T15:54:51.723+00:00,v1,
5b00fd9d-1f44-45a4-926b-a85f0e8e0a5d,2cb65b7b-4d54-4ae4-958d-ab087ecbc9ac,profilo,"{'gender': 'donna', 'age_group': '25-34', 'field_of_study': 'Sociologia', 'education_level': 'laurea_triennale'}",2026-03-18T15:35:23.322897+00:00,2026-03-18T16:01:06.755641+00:00,v1,
193e3da3-bd58-4478-a430-ddf375bc1d2d,2cb65b7b-4d54-4ae4-958d-ab087ecbc9ac,competenze,"{'sector': 'Front Office ', 'role_type': 'organizzativo', 'years_experience': '3-5'}",2026-03-18T15:39:55.882435+00:00,2026-03-18T16:01:16.107533+00:00,v1,
6047892c-aca1-4a74-8f82-0827caf72b48,2cb65b7b-4d54-4ae4-958d-ab087ecbc9ac,preferenze,"{'work_mode': 'presenza', 'target_role': 'receptionist', 'company_size': 'grande_impresa', 'main_motivation': 'guadagno', 'job_satisfaction': '3', 'desired_seniority': 'mid'}",2026-03-18T16:03:11.394909+00:00,2026-03-18T16:03:11.276+00:00,v1,
e9d5ecff-3c88-4d34-9849-528afc1c1e80,8ac09617-93d9-4ca7-b876-099d441e29a9,profilo,"{'gender': 'uomo', 'age_group': '25-34', 'field_of_study': 'Ingegneria, Informatica, Intelligenza Artificiale', 'education_level': 'laurea_triennale'}",2026-03-18T16:47:11.636292+00:00,2026-03-18T16:48:21.058304+00:00,v1,
8e9600d6-d41c-4e76-b9be-353033309e88,8ac09617-93d9-4ca7-b876-099d441e29a9,competenze,"{'sector': 'Tecnologia', 'role_type': 'altro', 'years_experience': '0'}",2026-03-18T16:47:37.445586+00:00,2026-03-18T16:48:23.844608+00:00,v1,
1c622820-3e61-411c-a5ac-8328aadbc3a9,8ac09617-93d9-4ca7-b876-099d441e29a9,preferenze,"{'work_mode': 'ibrido', 'target_role': 'developer', 'company_size': 'startup', 'main_motivation': 'impatto', 'job_satisfaction': '1', 'desired_seniority': 'senior'}",2026-03-18T16:48:50.446851+00:00,2026-03-18T16:48:50.201+00:00,v1,
f4e5a545-bee4-4b6f-b070-5a3bfc2329fb,554a0a5f-7421-4b16-8d30-f0e025f15b57,profilo,"{'gender': 'donna', 'age_group': '25-34', 'field_of_study': 'Linguistico', 'education_level': 'diploma'}",2026-03-18T16:55:16.049034+00:00,2026-03-18T16:55:15.961+00:00,v1,
4a425918-1ea1-41d5-a890-519b6e0bf43b,554a0a5f-7421-4b16-8d30-f0e025f15b57,competenze,"{'sector': 'Ricevimento ', 'role_type': 'servizio_clienti', 'years_experience': '6-10'}",2026-03-18T16:56:15.723494+00:00,2026-03-18T16:56:15.517+00:00,v1,
89e16cee-12fc-4516-bb48-d4d709320228,edc2c1be-eae8-4a69-819f-5e900a04d41b,profilo,"{'gender': 'donna', 'age_group': '25-34', 'field_of_study': 'Fisica', 'education_level': 'diploma'}",2026-03-18T16:55:53.860654+00:00,2026-03-18T16:56:55.626195+00:00,v1,
ab3e18b9-b4c5-4b4c-92d2-fa20c3df9188,edc2c1be-eae8-4a69-819f-5e900a04d41b,competenze,"{'sector': 'Reception', 'role_type': 'servizio_clienti', 'years_experience': '1-2'}",2026-03-18T16:57:20.558126+00:00,2026-03-18T16:57:20.45+00:00,v1,
13abfb49-30ce-4bb2-b96e-1bab78943aa9,554a0a5f-7421-4b16-8d30-f0e025f15b57,preferenze,"{'work_mode': 'ibrido', 'target_role': 'receptionist', 'company_size': 'pmI', 'main_motivation': 'crescita', 'job_satisfaction': '3', 'desired_seniority': 'mid'}",2026-03-18T16:57:53.898555+00:00,2026-03-18T16:57:53.644+00:00,v1,
500e3ff1-7f09-4780-a7d2-285ce87a8ad7,edc2c1be-eae8-4a69-819f-5e900a04d41b,preferenze,"{'work_mode': 'presenza', 'target_role': 'receptionist', 'company_size': 'grande_impresa', 'main_motivation': 'impatto', 'job_satisfaction': '3', 'desired_seniority': 'mid'}",2026-03-18T16:58:29.240515+00:00,2026-03-18T16:58:29.036+00:00,v1,
f623381c-4ad7-45bb-b27f-1d265a363f86,0fe75d11-0622-4dd6-9c48-37b80f4d874d,profilo,"{'gender': 'donna', 'age_group': '45+', 'field_of_study': 'Oss', 'education_level': 'diploma'}",2026-03-18T17:19:08.378955+00:00,2026-03-18T17:19:08.04+00:00,v1,
37e92038-66f5-42a4-9d50-fea2b24dc8e2,0fe75d11-0622-4dd6-9c48-37b80f4d874d,competenze,"{'sector': 'Vendita ', 'role_type': 'commerciale', 'years_experience': '10+'}",2026-03-18T17:19:45.665601+00:00,2026-03-18T17:19:45.556+00:00,v1,
448d6bc7-3472-41cb-9275-f8c984381251,0fe75d11-0622-4dd6-9c48-37b80f4d874d,preferenze,"{'work_mode': 'presenza', 'target_role': 'receptionist', 'company_size': 'grande_impresa', 'main_motivation': 'crescita', 'job_satisfaction': '5', 'desired_seniority': 'mid'}",2026-03-18T17:20:48.616178+00:00,2026-03-18T17:20:48.508+00:00,v1,
3ec90394-6dc2-4032-87e3-d3a4f451f60e,81ec818a-d583-42b1-a276-525cf80342fa,profilo,"{'gender': 'uomo', 'age_group': '25-34', 'field_of_study': 'Artistico ', 'education_level': 'diploma'}",2026-03-18T18:22:57.406306+00:00,2026-03-18T18:22:57.251+00:00,v1,
c2f13955-55a7-4493-9972-3220ccdf134c,81ec818a-d583-42b1-a276-525cf80342fa,competenze,"{'sector': 'Animali', 'role_type': 'organizzativo', 'years_experience': '10+'}",2026-03-18T18:23:19.196753+00:00,2026-03-18T18:23:18.91+00:00,v1,
3204ce26-42d9-4f07-86a6-14aa7e0e2717,81ec818a-d583-42b1-a276-525cf80342fa,preferenze,"{'work_mode': 'presenza', 'target_role': 'sales_ops', 'company_size': 'grande_impresa', 'main_motivation': 'crescita', 'job_satisfaction': '4', 'desired_seniority': 'mid'}",2026-03-18T18:24:11.288467+00:00,2026-03-18T18:24:10.864+00:00,v1,
ad1d1958-50d1-47b7-a4c0-399faded2d43,e8414017-3c9f-4564-823c-78810999fed8,profilo,"{'gender': 'uomo', 'age_group': '45+', 'field_of_study': 'Linguistico ', 'education_level': 'diploma'}",2026-03-18T18:37:10.242669+00:00,2026-03-18T18:37:09.975+00:00,v1,
ea7f7dbe-cd29-43ee-a38c-1ab0098b5157,e8414017-3c9f-4564-823c-78810999fed8,competenze,"{'sector': 'Sportivo ', 'role_type': 'organizzativo', 'years_experience': '10+'}",2026-03-18T18:37:55.552532+00:00,2026-03-18T18:37:55.272+00:00,v1,
829f2bde-7286-48d6-8375-d199261bce85,e8414017-3c9f-4564-823c-78810999fed8,preferenze,"{'work_mode': 'presenza', 'target_role': 'receptionist', 'company_size': 'pmI', 'main_motivation': 'crescita', 'job_satisfaction': '4', 'desired_seniority': 'senior'}",2026-03-18T18:39:37.094538+00:00,2026-03-18T18:39:36.72+00:00,v1,
e22b6fec-61e8-47eb-a929-6f8cb54b729f,7627ff2a-6316-4a3c-9cfe-df70ff5abb64,profilo,"{'gender': 'uomo', 'age_group': '25-34', 'field_of_study': 'Informatica', 'education_level': 'diploma'}",2026-03-18T18:57:54.336726+00:00,2026-03-18T18:57:54.252+00:00,v1,
dd2fa8e7-37ba-4b04-9d6b-c8ed0737cd32,7627ff2a-6316-4a3c-9cfe-df70ff5abb64,competenze,"{'sector': 'Software development ', 'role_type': 'tecnico', 'years_experience': '3-5'}",2026-03-18T18:58:13.764377+00:00,2026-03-18T18:58:13.593+00:00,v1,
93c29e01-7d59-4223-8c4f-09afc165398d,7627ff2a-6316-4a3c-9cfe-df70ff5abb64,preferenze,"{'work_mode': 'ibrido', 'target_role': 'developer', 'company_size': 'grande_impresa', 'main_motivation': 'guadagno', 'job_satisfaction': '4', 'desired_seniority': 'mid'}",2026-03-18T18:58:35.752782+00:00,2026-03-18T18:58:35.6+00:00,v1,
c80c4a26-8030-4829-9c79-af710bc6a249,6a791992-591c-48c4-9a19-afb064635e66,profilo,"{'gender': 'uomo', 'age_group': '25-34', 'field_of_study': 'Economia', 'education_level': 'laurea_triennale'}",2026-03-18T19:00:14.193386+00:00,2026-03-18T19:00:13.764+00:00,v1,
3d597796-51d4-4b3f-9640-f3e7f5c5eb62,6a791992-591c-48c4-9a19-afb064635e66,competenze,"{'sector': 'Amministrazione', 'role_type': 'organizzativo', 'years_experience': '1-2'}",2026-03-18T19:00:36.862571+00:00,2026-03-18T19:00:36.734+00:00,v1,
72871af0-b062-4797-bc51-3d7f3357acbd,6a791992-591c-48c4-9a19-afb064635e66,preferenze,"{'work_mode': 'ibrido', 'target_role': 'developer', 'company_size': 'grande_impresa', 'main_motivation': 'crescita', 'job_satisfaction': '4', 'desired_seniority': 'mid'}",2026-03-18T19:01:53.520353+00:00,2026-03-18T19:01:53.204+00:00,v1,
d9ed40ff-55da-451d-9d2d-d331e11a3465,9b25c176-c0cd-4438-891a-7a1c34e5e907,profilo,"{'gender': 'donna', 'age_group': '18-24', 'field_of_study': 'Chimica ', 'education_level': 'diploma'}",2026-03-18T19:22:06.515317+00:00,2026-03-18T19:22:06.233+00:00,v1,
006c0a8b-2f54-48f2-bd7e-8566a9b8d362,9b25c176-c0cd-4438-891a-7a1c34e5e907,competenze,"{'sector': 'Addetta alla segreteria ', 'role_type': 'organizzativo', 'years_experience': '3-5'}",2026-03-18T19:22:34.299008+00:00,2026-03-18T19:22:34.197+00:00,v1,
5e9b5095-075d-4123-ba86-ef4e37717aff,9b25c176-c0cd-4438-891a-7a1c34e5e907,preferenze,"{'work_mode': 'presenza', 'target_role': 'receptionist', 'company_size': 'grande_impresa', 'main_motivation': 'crescita', 'job_satisfaction': '4', 'desired_seniority': 'junior'}",2026-03-18T19:23:15.545046+00:00,2026-03-18T19:23:15.257+00:00,v1,
d3d059c0-7130-4574-9ac2-42f817e8d22a,2a3ba54c-4ce3-436d-a1da-b7037a388de3,profilo,"{'gender': 'donna', 'age_group': '18-24', 'field_of_study': 'Psicologia ', 'education_level': 'laurea_triennale'}",2026-03-18T20:33:59.272905+00:00,2026-03-18T20:33:58.96+00:00,v1,
2db32ccb-d9c8-4f69-8ca8-75e6efde088b,2a3ba54c-4ce3-436d-a1da-b7037a388de3,competenze,"{'sector': 'Amministrativo', 'role_type': 'altro', 'years_experience': '3-5'}",2026-03-18T20:34:35.09303+00:00,2026-03-18T20:34:34.803+00:00,v1,
f9849541-9ee4-4763-91f9-d807086ba0fe,2a3ba54c-4ce3-436d-a1da-b7037a388de3,preferenze,"{'work_mode': 'presenza', 'target_role': 'developer', 'company_size': 'startup', 'main_motivation': 'crescita', 'job_satisfaction': '3', 'desired_seniority': 'junior'}",2026-03-18T20:35:04.038522+00:00,2026-03-18T20:35:03.676+00:00,v1,
c7cc1407-93f8-4b34-a186-e7e7e6a1daee,abeada9f-8162-4ad7-9d00-a0f472306cf1,profilo,"{'gender': 'uomo', 'age_group': '45+', 'field_of_study': 'Ingegneria elettronica', 'education_level': 'laurea_magistrale'}",2026-03-18T21:04:04.108385+00:00,2026-03-18T21:04:04.014+00:00,v1,
34c08a22-72aa-4be0-8312-44c98aa9948f,abeada9f-8162-4ad7-9d00-a0f472306cf1,competenze,"{'sector': 'Bancario', 'role_type': 'tecnico', 'years_experience': '10+'}",2026-03-18T21:04:24.674023+00:00,2026-03-18T21:04:24.377+00:00,v1,
3dee89f2-c60c-45ad-88b7-bc948cf8bf3c,abeada9f-8162-4ad7-9d00-a0f472306cf1,preferenze,"{'work_mode': 'ibrido', 'target_role': 'developer', 'company_size': 'grande_impresa', 'main_motivation': 'relazioni', 'job_satisfaction': '5', 'desired_seniority': 'senior'}",2026-03-18T21:04:53.432494+00:00,2026-03-18T21:04:53.149+00:00,v1,
a877e809-e20d-4c85-a328-c6d729a60805,44c0253d-d855-41b3-85a8-bc48fa506c2c,profilo,"{'gender': 'donna', 'age_group': '25-34', 'field_of_study': 'Economia ', 'education_level': 'diploma'}",2026-03-18T22:52:55.135814+00:00,2026-03-18T22:52:55.044+00:00,v1,
9756805d-cdcf-496c-a646-8191209f3227,44c0253d-d855-41b3-85a8-bc48fa506c2c,competenze,"{'sector': 'Receptionist/ufficio acquisti ', 'role_type': 'servizio_clienti', 'years_experience': '6-10'}",2026-03-18T22:53:35.772994+00:00,2026-03-18T22:53:35.396+00:00,v1,
033b0608-b80e-4797-a3df-699458d86fc6,44c0253d-d855-41b3-85a8-bc48fa506c2c,preferenze,"{'work_mode': 'remoto', 'target_role': 'receptionist', 'company_size': 'pmI', 'main_motivation': 'guadagno', 'job_satisfaction': '3', 'desired_seniority': 'mid'}",2026-03-18T22:54:59.523486+00:00,2026-03-18T22:54:59.155+00:00,v1,
4f5f2764-380d-48c7-9bff-627ecc3396a8,e04d7ca6-0f1f-4536-b43c-2ede46228c1b,profilo,"{'gender': 'uomo', 'age_group': '25-34', 'field_of_study': 'Ingegneria', 'education_level': 'laurea_triennale'}",2026-03-19T11:35:06.426731+00:00,2026-03-19T11:35:06.354+00:00,v1,
f7d532ff-2f70-42d7-afff-5b9c0828cd72,e04d7ca6-0f1f-4536-b43c-2ede46228c1b,competenze,"{'sector': 'Consulenza', 'role_type': 'tecnico', 'years_experience': '3-5'}",2026-03-19T11:35:24.860366+00:00,2026-03-19T11:35:24.771+00:00,v1,
9fc0d6d6-89e8-4b20-a4cc-8034616de76c,e04d7ca6-0f1f-4536-b43c-2ede46228c1b,preferenze,"{'work_mode': 'remoto', 'target_role': 'developer', 'company_size': 'pmI', 'main_motivation': 'impatto', 'job_satisfaction': '3', 'desired_seniority': 'senior'}",2026-03-19T11:35:50.664563+00:00,2026-03-19T11:35:50.419+00:00,v1,
ffe3ec5e-750d-4c28-a4df-cacd9c6da73f,b3ef7b61-cfbd-4896-a2da-6a1bb9f69042,profilo,"{'gender': 'donna', 'age_group': '18-24', 'field_of_study': 'Agrario', 'education_level': 'diploma'}",2026-03-19T12:17:50.684753+00:00,2026-03-19T12:17:50.479+00:00,v1,
5ed4127d-73cf-4868-9a7d-5d6b6fd83797,b3ef7b61-cfbd-4896-a2da-6a1bb9f69042,competenze,"{'sector': 'Vendita', 'role_type': 'commerciale', 'years_experience': '3-5'}",2026-03-19T12:18:11.394804+00:00,2026-03-19T12:18:11.143+00:00,v1,
7ccfb102-6494-4b12-a112-75c6fc41834f,b3ef7b61-cfbd-4896-a2da-6a1bb9f69042,preferenze,"{'work_mode': 'presenza', 'target_role': 'sales_ops', 'company_size': 'grande_impresa', 'main_motivation': 'stabilita', 'job_satisfaction': '3', 'desired_seniority': 'junior'}",2026-03-19T12:18:48.701167+00:00,2026-03-19T12:18:48.418+00:00,v1,
520f6254-5d67-4707-93b0-045db0bae009,ac4823d4-88e3-4edf-b3b3-41052ce3da5f,profilo,"{'gender': 'donna', 'age_group': '18-24', 'field_of_study': 'Psicologia', 'education_level': 'laurea_triennale'}",2026-03-19T12:47:55.130137+00:00,2026-03-19T12:47:54.854+00:00,v1,
8f1fc291-a8d7-4f06-9263-72bde8f2d6c7,ac4823d4-88e3-4edf-b3b3-41052ce3da5f,competenze,"{'sector': 'Vendite', 'role_type': 'servizio_clienti', 'years_experience': '1-2'}",2026-03-19T12:48:19.767298+00:00,2026-03-19T12:48:19.498+00:00,v1,
be1a1c1b-64ca-4fbb-b325-7edadf603ec4,ac4823d4-88e3-4edf-b3b3-41052ce3da5f,preferenze,"{'work_mode': 'presenza', 'target_role': 'receptionist', 'company_size': 'grande_impresa', 'main_motivation': 'guadagno', 'job_satisfaction': '3', 'desired_seniority': 'junior'}",2026-03-19T12:48:48.6978+00:00,2026-03-19T12:48:48.621+00:00,v1,
853e5902-12c9-4863-bfd0-9638b408999f,8c35a76c-2545-4794-82e1-958d44734e08,competenze,"{'sector': 'Accoglienza', 'role_type': 'servizio_clienti', 'years_experience': '0'}",2026-03-19T15:39:14.398357+00:00,2026-03-19T15:39:14.134+00:00,v1,
522e4bf8-56ac-42be-b5d8-33ef0c5e0910,8c35a76c-2545-4794-82e1-958d44734e08,preferenze,"{'work_mode': 'ibrido', 'target_role': 'receptionist', 'company_size': 'pmI', 'main_motivation': 'guadagno', 'job_satisfaction': '5', 'desired_seniority': 'mid'}",2026-03-19T15:39:38.565228+00:00,2026-03-19T15:39:38.321+00:00,v1,
6746ff66-946c-4b15-89a2-67b73b02f186,9af6710d-b654-4e51-9452-9a38aa50521a,profilo,"{'gender': 'donna', 'age_group': '35-44', 'field_of_study': 'Professionale per i servizi sociali', 'education_level': 'diploma'}",2026-03-19T19:03:14.35933+00:00,2026-03-19T19:03:14.06+00:00,v1,
47d7f8be-6b09-4eb4-8a97-a1544c75fa1f,9af6710d-b654-4e51-9452-9a38aa50521a,competenze,"{'sector': 'Addetto alle pulizie', 'role_type': 'organizzativo', 'years_experience': '10+'}",2026-03-19T19:03:57.84457+00:00,2026-03-19T19:03:57.569+00:00,v1,
1a42e34c-2167-411a-81ed-35a044ffa063,9af6710d-b654-4e51-9452-9a38aa50521a,preferenze,"{'work_mode': 'presenza', 'target_role': 'developer', 'company_size': 'grande_impresa', 'main_motivation': 'impatto', 'job_satisfaction': '4', 'desired_seniority': 'mid'}",2026-03-19T19:04:38.735247+00:00,2026-03-19T19:04:38.479+00:00,v1,
9434af7d-d744-44e8-9a34-b34e54e39b05,e49113fa-06f0-4262-9249-d6da2dc5a5c8,profilo,"{'gender': 'uomo', 'age_group': '35-44', 'field_of_study': 'Liceo scientifico ', 'education_level': 'diploma'}",2026-03-19T20:49:54.099822+00:00,2026-03-19T20:49:53.83+00:00,v1,
802d4e48-04c5-4b2a-bacb-9716245f565c,e49113fa-06f0-4262-9249-d6da2dc5a5c8,competenze,"{'sector': 'commercio ', 'role_type': 'commerciale', 'years_experience': '10+'}",2026-03-19T20:50:16.81789+00:00,2026-03-19T20:50:16.561+00:00,v1,
31f2490b-3341-4d18-b9b2-e26583390eb8,e49113fa-06f0-4262-9249-d6da2dc5a5c8,preferenze,"{'work_mode': 'presenza', 'target_role': 'sales_ops', 'company_size': 'pmI', 'main_motivation': 'guadagno', 'job_satisfaction': '3', 'desired_seniority': 'senior'}",2026-03-19T20:50:53.996739+00:00,2026-03-19T20:50:53.552+00:00,v1,
709ec5a7-8227-47ba-b9c4-a4608c579f73,6a87712e-0cdb-4d4f-a686-fb5f5e347f03,profilo,"{'gender': 'uomo', 'age_group': '18-24', 'field_of_study': 'Informatica', 'education_level': 'diploma'}",2026-03-20T10:06:02.070593+00:00,2026-03-20T10:06:01.979+00:00,v1,
6c31471e-dca1-4d6a-888c-5d7631e49321,6a87712e-0cdb-4d4f-a686-fb5f5e347f03,competenze,"{'sector': 'Tecnologia ', 'role_type': 'tecnico', 'years_experience': '3-5'}",2026-03-20T10:06:25.077157+00:00,2026-03-20T10:06:24.835+00:00,v1,
2bddf0ec-eec4-4267-9665-b7b082f8b1cf,6a87712e-0cdb-4d4f-a686-fb5f5e347f03,preferenze,"{'work_mode': 'ibrido', 'target_role': 'developer', 'company_size': 'pmI', 'main_motivation': 'relazioni', 'job_satisfaction': '4', 'desired_seniority': 'mid'}",2026-03-20T10:07:05.276103+00:00,2026-03-20T10:07:05.018+00:00,v1,
87151bc3-7e44-479b-a0f2-9c61879cbae3,87dacf52-8849-4a79-92c9-6e0812e935cb,profilo,"{'gender': 'uomo', 'age_group': '25-34', 'field_of_study': 'Elettrotecnica ', 'education_level': 'diploma'}",2026-03-20T12:08:21.269103+00:00,2026-03-20T12:08:21.027+00:00,v1,
5e207906-ff78-46af-b45a-7fbbe91b1e2d,87dacf52-8849-4a79-92c9-6e0812e935cb,competenze,"{'sector': 'Telecomunicazioni ', 'role_type': 'tecnico', 'years_experience': '6-10'}",2026-03-20T12:09:02.037219+00:00,2026-03-20T12:09:01.774+00:00,v1,
bfc96bd2-3938-48f6-9238-168f32f8dc00,87dacf52-8849-4a79-92c9-6e0812e935cb,preferenze,"{'work_mode': 'presenza', 'target_role': 'developer', 'company_size': 'grande_impresa', 'main_motivation': 'guadagno', 'job_satisfaction': '4', 'desired_seniority': 'mid'}",2026-03-20T12:09:55.104117+00:00,2026-03-20T12:09:54.829+00:00,v1,
c08fed47-76c1-44ad-ac69-2228e0f2476d,26a5f927-88d3-4be4-a444-4b6eacb26e73,profilo,"{'gender': 'donna', 'age_group': '35-44', 'field_of_study': 'scientifico', 'education_level': 'laurea_magistrale'}",2026-03-20T19:51:04.865246+00:00,2026-03-20T19:51:04.604+00:00,v1,
f10ec410-2e50-40e2-8261-32d6d9443e81,26a5f927-88d3-4be4-a444-4b6eacb26e73,competenze,"{'sector': 'amministrazione', 'role_type': 'organizzativo', 'years_experience': '1-2'}",2026-03-20T19:51:29.651797+00:00,2026-03-20T19:51:29.408+00:00,v1,
758fc1dc-29e6-4958-b82f-ec166bfd1243,26a5f927-88d3-4be4-a444-4b6eacb26e73,preferenze,"{'work_mode': 'presenza', 'target_role': 'receptionist', 'company_size': 'pmI', 'main_motivation': 'relazioni', 'job_satisfaction': '4', 'desired_seniority': 'senior'}",2026-03-20T19:52:04.977084+00:00,2026-03-20T19:52:04.691+00:00,v1,
5067412c-5c16-4fae-91bc-c78377dffbe1,3724106d-c278-445d-a552-85b801043977,competenze,"{'sector': 'Vendite', 'role_type': 'commerciale', 'years_experience': '10+'}",2026-03-22T13:08:49.561709+00:00,2026-03-22T13:08:49.479+00:00,v1,
1e3cc343-0e40-47d3-93e0-69481ec975a7,e65cb490-820e-4949-99df-03100b2ab9c4,profilo,"{'gender': 'uomo', 'age_group': '45+', 'field_of_study': 'Informatica', 'education_level': 'laurea_triennale'}",2026-03-21T17:10:45.09052+00:00,2026-03-21T17:11:59.166181+00:00,v1,
484d8e03-407a-4829-abf3-f8c8cd542a3e,e65cb490-820e-4949-99df-03100b2ab9c4,competenze,"{'sector': 'Reception ', 'role_type': 'tecnico', 'years_experience': '10+'}",2026-03-21T17:12:21.900167+00:00,2026-03-21T17:16:49.480548+00:00,v1,
44325c42-946e-459e-afa4-76788966aca2,e65cb490-820e-4949-99df-03100b2ab9c4,preferenze,"{'work_mode': 'presenza', 'target_role': 'receptionist', 'company_size': 'grande_impresa', 'main_motivation': 'guadagno', 'job_satisfaction': '4', 'desired_seniority': 'senior'}",2026-03-21T17:17:34.242314+00:00,2026-03-21T17:17:33.966+00:00,v1,
4d6a038b-b85f-48e0-931d-0ae6048bba09,595c6330-7545-4bde-ba3b-9a258c98771a,profilo,"{'gender': 'uomo', 'age_group': '25-34', 'field_of_study': 'Lingue e letterature', 'education_level': 'laurea_magistrale'}",2026-03-22T10:56:13.79825+00:00,2026-03-22T10:56:13.563+00:00,v1,
382d60b7-2254-4a4e-946f-e1da0d7c2b75,595c6330-7545-4bde-ba3b-9a258c98771a,competenze,"{'sector': 'Turismo/reception', 'role_type': 'servizio_clienti', 'years_experience': '6-10'}",2026-03-22T10:56:40.576478+00:00,2026-03-22T10:56:40.502+00:00,v1,
28a0951d-bcce-4335-8ab0-08523a7ecb57,595c6330-7545-4bde-ba3b-9a258c98771a,preferenze,"{'work_mode': 'remoto', 'target_role': 'receptionist', 'company_size': 'startup', 'main_motivation': 'stabilita', 'job_satisfaction': '5', 'desired_seniority': 'senior'}",2026-03-22T10:57:09.810209+00:00,2026-03-22T10:57:09.737+00:00,v1,
f0753280-bafa-44e0-9ab5-124834393668,3dc5e1ad-417f-4959-b6d4-b8310ccfe7e8,profilo,"{'gender': 'uomo', 'age_group': '18-24', 'field_of_study': 'Informatica', 'education_level': 'laurea_triennale'}",2026-03-22T12:53:30.150794+00:00,2026-03-22T12:53:29.907+00:00,v1,
20650e62-a1aa-4b47-8b80-38558aeaa949,3dc5e1ad-417f-4959-b6d4-b8310ccfe7e8,competenze,"{'sector': 'Informatica', 'role_type': 'tecnico', 'years_experience': '1-2'}",2026-03-22T12:54:07.11382+00:00,2026-03-22T12:54:07.014+00:00,v1,
99abaf9a-958c-487a-b7ee-bcc7a6128078,3dc5e1ad-417f-4959-b6d4-b8310ccfe7e8,preferenze,"{'work_mode': 'ibrido', 'target_role': 'developer', 'company_size': 'pmI', 'main_motivation': 'guadagno', 'job_satisfaction': '3', 'desired_seniority': 'junior'}",2026-03-22T12:54:45.750026+00:00,2026-03-22T12:54:45.488+00:00,v1,
b09b9f4d-7756-43c4-a947-00f79e78cb01,c7da3d85-733e-494d-a923-883989657a16,profilo,"{'gender': 'uomo', 'age_group': '25-34', 'field_of_study': 'Informatica', 'education_level': 'laurea_magistrale'}",2026-03-22T12:57:09.449054+00:00,2026-03-22T12:57:09.361+00:00,v1,
2ab36341-2642-4622-9b0f-c35eee352019,c7da3d85-733e-494d-a923-883989657a16,competenze,"{'sector': 'Tecnologia', 'role_type': 'tecnico', 'years_experience': '1-2'}",2026-03-22T12:57:22.679346+00:00,2026-03-22T12:57:22.608+00:00,v1,
dda0d430-c6d8-4949-9022-fa22ab1a491a,c7da3d85-733e-494d-a923-883989657a16,preferenze,"{'work_mode': 'remoto', 'target_role': 'developer', 'company_size': 'startup', 'main_motivation': 'crescita', 'job_satisfaction': '4', 'desired_seniority': 'junior'}",2026-03-22T12:57:42.933057+00:00,2026-03-22T12:57:42.84+00:00,v1,
f3b33efd-9bfe-4f3d-a7e6-6b66c342fe6e,3724106d-c278-445d-a552-85b801043977,profilo,"{'gender': 'uomo', 'age_group': '35-44', 'field_of_study': 'Alberghiero ', 'education_level': 'diploma'}",2026-03-22T13:08:24.244582+00:00,2026-03-22T13:08:24.149+00:00,v1,
f33e4ebb-23a2-47ea-82b5-1fbd756a5e23,3724106d-c278-445d-a552-85b801043977,preferenze,"{'work_mode': 'presenza', 'target_role': 'sales_ops', 'company_size': 'grande_impresa', 'main_motivation': 'stabilita', 'job_satisfaction': '3', 'desired_seniority': 'senior'}",2026-03-22T13:09:22.117699+00:00,2026-03-22T13:09:22.046+00:00,v1,
539a8390-00c1-47ae-be05-931c4eccb423,c12fc0b8-9ef2-4fb5-ab9f-b87bacc66536,profilo,"{'gender': 'uomo', 'age_group': '35-44', 'field_of_study': 'Hotel', 'education_level': 'laurea_triennale'}",2026-03-22T13:09:30.623317+00:00,2026-03-22T13:09:30.546+00:00,v1,
a9da3f80-5d84-49c8-b3dd-d8a073f4826d,c12fc0b8-9ef2-4fb5-ab9f-b87bacc66536,competenze,"{'sector': 'Accoglienza', 'role_type': 'servizio_clienti', 'years_experience': '3-5'}",2026-03-22T13:09:44.471762+00:00,2026-03-22T13:09:44.399+00:00,v1,
f84e4b67-df0e-4453-b764-359007fb0800,c12fc0b8-9ef2-4fb5-ab9f-b87bacc66536,preferenze,"{'work_mode': 'presenza', 'target_role': 'receptionist', 'company_size': 'pmI', 'main_motivation': 'stabilita', 'job_satisfaction': '5', 'desired_seniority': 'mid'}",2026-03-22T13:10:08.344133+00:00,2026-03-22T13:10:08.26+00:00,v1,
84babbd8-250f-4e5c-937a-f1f464e40143,ea64ca73-3be8-44d5-b6a4-f3e64aca8dc1,profilo,"{'gender': 'donna', 'age_group': '45+', 'field_of_study': 'Economia', 'education_level': 'diploma'}",2026-03-22T13:19:06.56143+00:00,2026-03-22T13:19:06.374+00:00,v1,
5b661492-7d47-407d-bd87-0959aff6db94,ea64ca73-3be8-44d5-b6a4-f3e64aca8dc1,preferenze,"{'work_mode': 'presenza', 'target_role': 'sales_ops', 'company_size': 'pmI', 'main_motivation': 'stabilita', 'job_satisfaction': '3', 'desired_seniority': 'senior'}",2026-03-22T13:22:14.151339+00:00,2026-03-22T13:22:14.073+00:00,v1,
de9f59e7-a80e-438d-be0f-7a38c6595d14,42186cab-d03f-45fa-a253-d3f21dac0d28,profilo,"{'gender': 'donna', 'age_group': '25-34', 'field_of_study': 'Filosofia', 'education_level': 'laurea_triennale'}",2026-03-22T13:22:19.599554+00:00,2026-03-22T13:22:19.522+00:00,v1,
9ea7fa06-2770-4004-b6ea-3ff29d8c2b16,42186cab-d03f-45fa-a253-d3f21dac0d28,competenze,"{'sector': 'Accoglienza', 'role_type': 'servizio_clienti', 'years_experience': '6-10'}",2026-03-22T13:22:56.358764+00:00,2026-03-22T13:22:56.264+00:00,v1,
78b7524c-9a4a-415c-abd4-0227cc70bad8,42186cab-d03f-45fa-a253-d3f21dac0d28,preferenze,"{'work_mode': 'ibrido', 'target_role': 'receptionist', 'company_size': 'startup', 'main_motivation': 'relazioni', 'job_satisfaction': '4', 'desired_seniority': 'mid'}",2026-03-22T13:23:34.275936+00:00,2026-03-22T13:23:34.113+00:00,v1,
447465ed-148e-441e-ad8f-030d9c331915,0b05a5f9-6ad0-4b71-abc3-6b268bf8037a,profilo,"{'gender': 'uomo', 'age_group': '25-34', 'field_of_study': 'HR', 'education_level': 'master'}",2026-03-22T13:27:50.81045+00:00,2026-03-22T13:27:50.737+00:00,v1,
1e5b3a31-a49c-4e30-ad49-8db100ee656f,0b05a5f9-6ad0-4b71-abc3-6b268bf8037a,competenze,"{'sector': 'Pa ', 'role_type': 'servizio_clienti', 'years_experience': '1-2'}",2026-03-22T13:28:17.602195+00:00,2026-03-22T13:28:17.369+00:00,v1,
f1a7414a-e99e-4ec5-9bf8-2441376610c1,0b05a5f9-6ad0-4b71-abc3-6b268bf8037a,preferenze,"{'work_mode': 'ibrido', 'target_role': 'receptionist', 'company_size': 'grande_impresa', 'main_motivation': 'relazioni', 'job_satisfaction': '1', 'desired_seniority': 'mid'}",2026-03-22T13:29:27.607993+00:00,2026-03-22T13:29:27.537+00:00,v1,
810566be-134d-4d0c-847f-a47bebfe63f7,1e362444-928b-4794-9721-4d798d8f1393,profilo,"{'gender': 'uomo', 'age_group': '45+', 'field_of_study': 'Giurisprudenza ', 'education_level': 'laurea_magistrale'}",2026-03-22T13:37:57.065071+00:00,2026-03-22T13:37:56.832+00:00,v1,
c03e53bf-db1f-4ecf-ad3f-17ce55742015,1e362444-928b-4794-9721-4d798d8f1393,competenze,"{'sector': 'Amministrazione', 'role_type': 'organizzativo', 'years_experience': '1-2'}",2026-03-22T13:38:27.844814+00:00,2026-03-22T13:38:27.762+00:00,v1,
608a7ff5-8832-4170-ac97-a4c9888ba1af,1e362444-928b-4794-9721-4d798d8f1393,preferenze,"{'work_mode': 'presenza', 'target_role': 'developer', 'company_size': 'grande_impresa', 'main_motivation': 'relazioni', 'job_satisfaction': '5', 'desired_seniority': 'mid'}",2026-03-22T13:39:34.981649+00:00,2026-03-22T13:39:34.893+00:00,v1,
a817bd07-625d-407d-998f-454403792307,aa7b23d9-1d37-49e2-b27e-9d77d062963c,profilo,"{'gender': 'uomo', 'age_group': '35-44', 'field_of_study': 'Geometra', 'education_level': 'diploma'}",2026-03-22T14:51:09.561199+00:00,2026-03-22T14:51:09.155+00:00,v1,
f1ef0759-1be6-4105-ba2a-e8159cb365c4,aa7b23d9-1d37-49e2-b27e-9d77d062963c,competenze,"{'sector': 'Logistica', 'role_type': 'commerciale', 'years_experience': '10+'}",2026-03-22T14:51:34.067285+00:00,2026-03-22T14:51:33.816+00:00,v1,
1886483b-96c1-4807-a2b5-cbb377a34455,aa7b23d9-1d37-49e2-b27e-9d77d062963c,preferenze,"{'work_mode': 'presenza', 'target_role': 'developer', 'company_size': 'grande_impresa', 'main_motivation': 'stabilita', 'job_satisfaction': '3', 'desired_seniority': 'senior'}",2026-03-22T14:52:07.330997+00:00,2026-03-22T14:52:07.011+00:00,v1,
88e7e622-0bdd-4626-9366-b8070a2ee8cd,18b9a795-fbd3-444f-b9fc-a2f24d0d6846,profilo,"{'gender': 'altro', 'age_group': '35-44', 'field_of_study': 'Falegname', 'education_level': 'dottorato'}",2026-03-22T19:40:43.523994+00:00,2026-03-22T19:40:43.449+00:00,v1,
a42da381-debc-4153-a105-9c6f9df4de94,18b9a795-fbd3-444f-b9fc-a2f24d0d6846,competenze,"{'sector': 'Barche', 'role_type': 'servizio_clienti', 'years_experience': '10+'}",2026-03-22T19:41:16.633541+00:00,2026-03-22T19:41:16.539+00:00,v1,
8ee3684e-1694-4b42-9956-b727220e051a,4afe6860-52d2-4ac2-bd28-b0c9a8029bb7,profilo,"{'gender': 'uomo', 'age_group': '18-24', 'field_of_study': 'Liceo scientifico', 'education_level': 'diploma'}",2026-03-22T19:41:48.925964+00:00,2026-03-22T19:41:48.733+00:00,v1,
758a79a5-aec2-45ca-87f9-9112e7ec1859,18b9a795-fbd3-444f-b9fc-a2f24d0d6846,preferenze,"{'work_mode': 'remoto', 'target_role': 'receptionist', 'company_size': 'grande_impresa', 'main_motivation': 'guadagno', 'job_satisfaction': '5', 'desired_seniority': 'senior'}",2026-03-22T19:41:52.695303+00:00,2026-03-22T19:41:52.428+00:00,v1,
4d24b29f-c370-4aa7-9816-135c122d4fc4,0db74ac8-0ead-49cf-8374-4e2ca7276281,profilo,"{'gender': 'donna', 'age_group': '25-34', 'field_of_study': 'Informatica', 'education_level': 'laurea_triennale'}",2026-03-22T19:42:14.625058+00:00,2026-03-22T19:42:14.546+00:00,v1,
5350c314-3053-470f-bad9-d905fc8267bd,4afe6860-52d2-4ac2-bd28-b0c9a8029bb7,competenze,"{'sector': 'Accoglienza', 'role_type': 'servizio_clienti', 'years_experience': '1-2'}",2026-03-22T19:42:25.625995+00:00,2026-03-22T19:42:25.556+00:00,v1,
115f59df-6ae8-4af1-9dce-d4d2b476fa50,4afe6860-52d2-4ac2-bd28-b0c9a8029bb7,preferenze,"{'work_mode': 'presenza', 'target_role': 'receptionist', 'company_size': 'pmI', 'main_motivation': 'relazioni', 'job_satisfaction': '4', 'desired_seniority': 'junior'}",2026-03-22T19:42:58.966746+00:00,2026-03-22T19:42:58.861+00:00,v1,
4bfe1fe6-d8b7-441f-86ac-8b2c27bc1c90,0db74ac8-0ead-49cf-8374-4e2ca7276281,competenze,"{'sector': 'Hotel', 'role_type': 'organizzativo', 'years_experience': '6-10'}",2026-03-22T19:43:31.164899+00:00,2026-03-22T19:43:31.046+00:00,v1,
371e925e-1ec5-438d-b7e5-42ecd89c6c8b,0db74ac8-0ead-49cf-8374-4e2ca7276281,preferenze,"{'work_mode': 'ibrido', 'target_role': 'receptionist', 'company_size': 'pmI', 'main_motivation': 'crescita', 'job_satisfaction': '3', 'desired_seniority': 'mid'}",2026-03-22T19:44:52.172252+00:00,2026-03-22T19:44:52.01+00:00,v1,
baac0503-34ab-4019-81bc-9c34ce45905e,564dc85b-179b-439b-ac30-cf84dc5bc6d3,profilo,"{'gender': 'donna', 'age_group': '18-24', 'field_of_study': 'Geometra ', 'education_level': 'diploma'}",2026-03-22T19:53:06.043103+00:00,2026-03-22T19:53:05.928+00:00,v1,
0c5a5447-bbd3-4a7d-89fa-c6a151e1a838,564dc85b-179b-439b-ac30-cf84dc5bc6d3,competenze,"{'sector': 'Tecnologia ', 'role_type': 'servizio_clienti', 'years_experience': '3-5'}",2026-03-22T19:53:42.639921+00:00,2026-03-22T19:53:42.562+00:00,v1,
32fe3e98-738e-4c2d-adc6-c3ca2820394c,564dc85b-179b-439b-ac30-cf84dc5bc6d3,preferenze,"{'work_mode': 'presenza', 'target_role': 'developer', 'company_size': 'pmI', 'main_motivation': 'guadagno', 'job_satisfaction': '3', 'desired_seniority': 'junior'}",2026-03-22T19:54:43.114974+00:00,2026-03-22T19:54:43.038+00:00,v1,
ad7e877e-d5c8-4d7e-b1f1-4779d7aa885f,211d4ea0-9d00-4bcf-a5ec-2ce05efcfc22,profilo,"{'gender': 'uomo', 'age_group': '25-34', 'field_of_study': 'Economia ', 'education_level': 'master'}",2026-03-22T20:03:51.252907+00:00,2026-03-22T20:03:51.117+00:00,v1,
e60555fb-ef3e-4a74-bdc0-3b4c52b46bb2,211d4ea0-9d00-4bcf-a5ec-2ce05efcfc22,competenze,"{'sector': 'Vendite', 'role_type': 'commerciale', 'years_experience': '3-5'}",2026-03-22T20:04:14.130135+00:00,2026-03-22T20:04:13.869+00:00,v1,
05819e8e-d1ca-4946-a61a-84c26b51361e,211d4ea0-9d00-4bcf-a5ec-2ce05efcfc22,preferenze,"{'work_mode': 'ibrido', 'target_role': 'sales_ops', 'company_size': 'pmI', 'main_motivation': 'impatto', 'job_satisfaction': '4', 'desired_seniority': 'junior'}",2026-03-22T20:04:39.910456+00:00,2026-03-22T20:04:39.828+00:00,v1,
11b207f7-5eb0-4f28-8c8f-3dfefdd1c63f,9d91e907-1818-4b7f-8a1c-4f4942778f0e,profilo,"{'gender': 'altro', 'age_group': '35-44', 'field_of_study': 'Sviluppatore', 'education_level': 'laurea_magistrale'}",2026-03-22T21:25:17.262359+00:00,2026-03-22T21:25:16.956+00:00,v1,
da81b967-89a5-4ba3-8e39-b449b5f37aad,9d91e907-1818-4b7f-8a1c-4f4942778f0e,competenze,"{'sector': 'Tecnologia ', 'role_type': 'tecnico', 'years_experience': '6-10'}",2026-03-22T21:25:39.868326+00:00,2026-03-22T21:25:39.63+00:00,v1,
8fece05c-fa39-49b2-a48d-3bc1bd77a8fa,9d91e907-1818-4b7f-8a1c-4f4942778f0e,preferenze,"{'work_mode': 'presenza', 'target_role': 'receptionist', 'company_size': 'pmI', 'main_motivation': 'guadagno', 'job_satisfaction': '3', 'desired_seniority': 'senior'}",2026-03-22T21:26:13.163088+00:00,2026-03-22T21:26:12.624+00:00,v1,
d9c47e9d-a6cb-49b1-9a95-8b0a52fc95c6,8a05d4e9-9f5f-4ac4-a831-a44667f42076,profilo,"{'gender': 'donna', 'age_group': '35-44', 'field_of_study': 'Economia ', 'education_level': 'dottorato'}",2026-03-22T21:37:25.415769+00:00,2026-03-22T21:37:25.31+00:00,v1,
2c0f3d95-c033-4fbf-b64a-6588d305d6ac,8a05d4e9-9f5f-4ac4-a831-a44667f42076,competenze,"{'sector': 'Tecnologia ', 'role_type': 'organizzativo', 'years_experience': '10+'}",2026-03-22T21:37:43.832153+00:00,2026-03-22T21:37:43.575+00:00,v1,
8a5f2b21-3140-4917-8b42-90df2b05a59e,8a05d4e9-9f5f-4ac4-a831-a44667f42076,preferenze,"{'work_mode': 'remoto', 'target_role': 'receptionist', 'company_size': 'startup', 'main_motivation': 'guadagno', 'job_satisfaction': '3', 'desired_seniority': 'senior'}",2026-03-22T21:38:06.214017+00:00,2026-03-22T21:38:06.105+00:00,v1,
84eac99f-aa20-497a-a58d-2c0bf5359cf2,ecd16b29-4553-4d30-ad5c-e249d1843454,profilo,"{'gender': 'uomo', 'age_group': '25-34', 'field_of_study': 'Biologia', 'education_level': 'laurea_magistrale'}",2026-03-22T21:51:57.302236+00:00,2026-03-22T21:51:57.191+00:00,v1,
994788b9-a116-4957-bec6-50016f7e6583,ecd16b29-4553-4d30-ad5c-e249d1843454,competenze,"{'sector': 'Artigianato', 'role_type': 'commerciale', 'years_experience': '1-2'}",2026-03-22T21:52:38.86218+00:00,2026-03-22T21:52:38.6+00:00,v1,
bfd261b4-d72f-40ed-b556-e06c0b5c205a,ecd16b29-4553-4d30-ad5c-e249d1843454,preferenze,"{'work_mode': 'ibrido', 'target_role': 'developer', 'company_size': 'grande_impresa', 'main_motivation': 'guadagno', 'job_satisfaction': '3', 'desired_seniority': 'senior'}",2026-03-22T21:53:47.155725+00:00,2026-03-22T21:53:47.051+00:00,v1,
d4bdb085-8554-41e5-9e2e-6842dc961ea9,0d3aaf2c-81ce-4357-9d3f-8608d20acc56,profilo,"{'gender': 'uomo', 'age_group': '25-34', 'field_of_study': 'Informatica', 'education_level': 'laurea_triennale'}",2026-03-23T08:28:34.800608+00:00,2026-03-23T08:28:34.725+00:00,v1,
aaf4177c-8ac7-49b3-aef2-184e2053c91f,0d3aaf2c-81ce-4357-9d3f-8608d20acc56,competenze,"{'sector': 'IT', 'role_type': 'tecnico', 'years_experience': '3-5'}",2026-03-23T08:28:49.834668+00:00,2026-03-23T08:28:49.765+00:00,v1,
ca4b162d-dcff-43d4-80a3-fdfd8eda17a8,0d3aaf2c-81ce-4357-9d3f-8608d20acc56,preferenze,"{'work_mode': 'ibrido', 'target_role': 'developer', 'company_size': 'grande_impresa', 'main_motivation': 'crescita', 'job_satisfaction': '3', 'desired_seniority': 'mid'}",2026-03-23T08:29:07.782635+00:00,2026-03-23T08:29:07.549+00:00,v1,
301723d0-4f47-44cf-a7e7-ae570be49a44,fb738062-ddf7-4f3d-b298-e4cd5035e9b8,profilo,"{'gender': 'donna', 'age_group': '35-44', 'field_of_study': 'Industriale', 'education_level': 'diploma'}",2026-03-23T11:16:28.17015+00:00,2026-03-23T11:16:28.074+00:00,v1,
7c26d448-1fae-47c8-a5dc-839084387602,fb738062-ddf7-4f3d-b298-e4cd5035e9b8,competenze,"{'sector': 'Vendite', 'role_type': 'commerciale', 'years_experience': '6-10'}",2026-03-23T11:16:52.548114+00:00,2026-03-23T11:16:52.311+00:00,v1,
f52a42e8-2dc5-46b3-b7f7-dd1633c7dc7d,fb738062-ddf7-4f3d-b298-e4cd5035e9b8,preferenze,"{'work_mode': 'presenza', 'target_role': 'sales_ops', 'company_size': 'grande_impresa', 'main_motivation': 'guadagno', 'job_satisfaction': '5', 'desired_seniority': 'senior'}",2026-03-23T11:17:31.698023+00:00,2026-03-23T11:17:31.532+00:00,v1,
e07dfbd2-0315-486c-8510-1a3ec620a552,7b670719-c778-4181-8096-379c0dc8d149,profilo,"{'gender': 'donna', 'age_group': '25-34', 'field_of_study': 'Economia', 'education_level': 'laurea_magistrale'}",2026-03-23T14:17:45.618299+00:00,2026-03-23T14:17:45.475+00:00,v1,
3cdbbe5a-f28d-448f-a856-eb1ac1b1d50a,7b670719-c778-4181-8096-379c0dc8d149,competenze,"{'sector': 'Amministrazione', 'role_type': 'organizzativo', 'years_experience': '1-2'}",2026-03-23T14:18:08.944365+00:00,2026-03-23T14:18:08.64+00:00,v1,
da7a7999-ac2e-4a12-9cf6-115ae2f00a66,7b670719-c778-4181-8096-379c0dc8d149,preferenze,"{'work_mode': 'presenza', 'target_role': 'receptionist', 'company_size': 'pmI', 'main_motivation': 'crescita', 'job_satisfaction': '3', 'desired_seniority': 'mid'}",2026-03-23T14:18:43.504125+00:00,2026-03-23T14:18:43.131+00:00,v1,
5bc8b2b4-e184-4c34-81f5-18bb737a3914,00e39e14-5150-4161-a4a9-f59879ec522e,profilo,"{'gender': 'uomo', 'age_group': '25-34', 'field_of_study': 'informatica', 'education_level': 'laurea_triennale'}",2026-03-23T15:15:00.416777+00:00,2026-03-23T15:15:00.13+00:00,v1,
f37ea1e9-c24b-48ef-8fb1-90645960c747,00e39e14-5150-4161-a4a9-f59879ec522e,competenze,"{'sector': 'tecnologia', 'role_type': 'altro', 'years_experience': '0'}",2026-03-23T15:15:20.450756+00:00,2026-03-23T15:15:20.107+00:00,v1,
3eb531ef-f3d3-464b-b490-4af4898c5045,00e39e14-5150-4161-a4a9-f59879ec522e,preferenze,"{'work_mode': 'ibrido', 'target_role': 'developer', 'company_size': 'grande_impresa', 'main_motivation': 'stabilita', 'job_satisfaction': '1', 'desired_seniority': 'junior'}",2026-03-23T15:16:00.279972+00:00,2026-03-23T15:15:59.907+00:00,v1,
57f4589a-a5bf-4cb2-819e-4c7719a6f69a,051df7e4-6071-494b-9fa8-07f9b1d8e2a3,profilo,"{'gender': 'uomo', 'age_group': '25-34', 'field_of_study': 'economia', 'education_level': 'diploma'}",2026-03-23T15:29:08.43727+00:00,2026-03-23T15:29:08.327+00:00,v1,
1513969f-ad9a-48f2-82a6-611405ac5208,051df7e4-6071-494b-9fa8-07f9b1d8e2a3,competenze,"{'sector': 'nessuno', 'role_type': 'altro', 'years_experience': '0'}",2026-03-23T15:29:31.66818+00:00,2026-03-23T15:29:31.398+00:00,v1,
ab70b068-294a-4a28-afbd-e8c6ba55cb6f,051df7e4-6071-494b-9fa8-07f9b1d8e2a3,preferenze,"{'work_mode': 'remoto', 'target_role': 'sales_ops', 'company_size': 'pmI', 'main_motivation': 'stabilita', 'job_satisfaction': '3', 'desired_seniority': 'senior'}",2026-03-23T15:29:56.820619+00:00,2026-03-23T15:29:56.568+00:00,v1,
ad5174fd-11d9-4f12-a86f-40586b4d749d,60f0ee69-967e-411d-972e-6bee0440d37d,profilo,"{'gender': 'uomo', 'age_group': '25-34', 'field_of_study': 'economia', 'education_level': 'diploma'}",2026-03-23T15:34:53.243374+00:00,2026-03-23T15:34:53.152+00:00,v1,
8917cce8-e0ee-43d7-bb16-c44abffe4b9f,60f0ee69-967e-411d-972e-6bee0440d37d,competenze,"{'sector': 'tecnologia', 'role_type': 'servizio_clienti', 'years_experience': '1-2'}",2026-03-23T15:35:17.875065+00:00,2026-03-23T15:35:17.777+00:00,v1,
c07ade0b-5f1d-4f68-8781-75437085b201,60f0ee69-967e-411d-972e-6bee0440d37d,preferenze,"{'work_mode': 'ibrido', 'target_role': 'receptionist', 'company_size': 'grande_impresa', 'main_motivation': 'guadagno', 'job_satisfaction': '3', 'desired_seniority': 'senior'}",2026-03-23T15:35:37.911717+00:00,2026-03-23T15:35:37.82+00:00,v1,
18b3ec92-a5fd-4381-a474-80c11f86dcf7,1d427c45-76bc-4bf1-9fc8-6c826a5a6195,profilo,"{'gender': 'uomo', 'age_group': '18-24', 'field_of_study': 'Informatico', 'education_level': 'diploma'}",2026-03-23T15:42:35.376557+00:00,2026-03-23T15:42:35.287+00:00,v1,
dffaece3-8385-4683-8780-cedc437e78ae,35bb3a87-abf2-4745-bf66-21ef7ce9ffb3,profilo,"{'gender': 'uomo', 'age_group': '18-24', 'field_of_study': 'alberghiero', 'education_level': 'diploma'}",2026-03-23T15:42:46.211053+00:00,2026-03-23T15:42:46.108+00:00,v1,
f629beca-0e81-4e00-8661-c7264a30bdb8,1d427c45-76bc-4bf1-9fc8-6c826a5a6195,competenze,"{'sector': 'nessuno', 'role_type': 'tecnico', 'years_experience': '0'}",2026-03-23T15:43:00.366783+00:00,2026-03-23T15:43:00.237+00:00,v1,
670f1554-f3b3-4f2e-a537-35e9dddc3ed1,35bb3a87-abf2-4745-bf66-21ef7ce9ffb3,competenze,"{'sector': 'cibo', 'role_type': 'servizio_clienti', 'years_experience': '0'}",2026-03-23T15:43:07.27242+00:00,2026-03-23T15:43:07.18+00:00,v1,
5c4c04bd-3edb-4063-aa12-8cfb4febb6ce,1d427c45-76bc-4bf1-9fc8-6c826a5a6195,preferenze,"{'work_mode': 'ibrido', 'target_role': 'developer', 'company_size': 'grande_impresa', 'main_motivation': 'guadagno', 'job_satisfaction': '5', 'desired_seniority': 'senior'}",2026-03-23T15:43:18.354169+00:00,2026-03-23T15:43:18.272+00:00,v1,
0727918c-8f40-4151-9fbc-ae2bed69d315,35bb3a87-abf2-4745-bf66-21ef7ce9ffb3,preferenze,"{'work_mode': 'remoto', 'target_role': 'developer', 'company_size': 'pmI', 'main_motivation': 'guadagno', 'job_satisfaction': '4', 'desired_seniority': 'junior'}",2026-03-23T15:43:27.862627+00:00,2026-03-23T15:43:27.759+00:00,v1,
c5422057-dd65-4cd3-9876-ff8698f96beb,31458e85-6856-45b8-adb8-e5d604e836f1,profilo,"{'gender': 'donna', 'age_group': '35-44', 'field_of_study': 'Economia ', 'education_level': 'master'}",2026-03-23T20:03:29.662904+00:00,2026-03-23T20:03:29.413+00:00,v1,
3b997b7e-721a-45ba-bbc7-c08d8acb2497,31458e85-6856-45b8-adb8-e5d604e836f1,competenze,"{'sector': 'Vendite', 'role_type': 'commerciale', 'years_experience': '3-5'}",2026-03-23T20:03:41.91782+00:00,2026-03-23T20:03:41.634+00:00,v1,
59cc56e2-4f3a-45c9-8a32-1b97dbbd206e,31458e85-6856-45b8-adb8-e5d604e836f1,preferenze,"{'work_mode': 'ibrido', 'target_role': 'sales_ops', 'company_size': 'grande_impresa', 'main_motivation': 'guadagno', 'job_satisfaction': '4', 'desired_seniority': 'mid'}",2026-03-23T20:03:54.186525+00:00,2026-03-23T20:03:53.884+00:00,v1,
31d206ba-b0fb-4e91-a883-1b748383c622,fcc4e58f-a519-4ca8-97d0-fb939202cdab,profilo,"{'gender': 'uomo', 'age_group': '35-44', 'field_of_study': 'Lingue', 'education_level': 'laurea_magistrale'}",2026-03-23T20:08:31.90649+00:00,2026-03-23T20:08:31.803+00:00,v1,
2a5de488-6bad-432b-9f59-48293d8553c6,fcc4e58f-a519-4ca8-97d0-fb939202cdab,competenze,"{'sector': 'Reception', 'role_type': 'servizio_clienti', 'years_experience': '10+'}",2026-03-23T20:08:55.195819+00:00,2026-03-23T20:08:55.098+00:00,v1,
93ed78cb-709c-4401-9b5e-8a167639bfd6,fcc4e58f-a519-4ca8-97d0-fb939202cdab,preferenze,"{'work_mode': 'presenza', 'target_role': 'receptionist', 'company_size': 'grande_impresa', 'main_motivation': 'guadagno', 'job_satisfaction': '4', 'desired_seniority': 'senior'}",2026-03-23T20:09:22.584304+00:00,2026-03-23T20:09:22.339+00:00,v1,
be7ed693-50cb-4f15-8a3a-5775f1125e8e,75105e89-fd9c-4d6e-9820-72806170072f,profilo,"{'gender': 'donna', 'age_group': '25-34', 'field_of_study': 'Biologia ', 'education_level': 'laurea_triennale'}",2026-03-23T20:09:55.241166+00:00,2026-03-23T20:09:55.153+00:00,v1,
12108c80-7146-4491-912d-c2826a28f44b,75105e89-fd9c-4d6e-9820-72806170072f,competenze,"{'sector': 'Analista', 'role_type': 'altro', 'years_experience': '1-2'}",2026-03-23T20:10:22.090663+00:00,2026-03-23T20:10:21.972+00:00,v1,
0b124e8f-3964-4a01-9c1c-23354ba8b90a,75105e89-fd9c-4d6e-9820-72806170072f,preferenze,"{'work_mode': 'ibrido', 'target_role': 'sales_ops', 'company_size': 'startup', 'main_motivation': 'guadagno', 'job_satisfaction': '5', 'desired_seniority': 'junior'}",2026-03-23T20:10:50.631046+00:00,2026-03-23T20:10:50.555+00:00,v1,
770241b9-7b57-43a5-b8f0-96f848aa5443,34f9c987-bf19-46dc-bb62-41c5f7f98f9b,profilo,"{'gender': 'donna', 'age_group': '35-44', 'field_of_study': 'Informatica ', 'education_level': 'laurea_triennale'}",2026-03-23T20:13:12.138909+00:00,2026-03-23T20:13:12.047+00:00,v1,
b21ac076-f8c6-4da5-8319-9c1494cb2e42,34f9c987-bf19-46dc-bb62-41c5f7f98f9b,competenze,"{'sector': 'Tecnologia ', 'role_type': 'servizio_clienti', 'years_experience': '6-10'}",2026-03-23T20:13:25.964229+00:00,2026-03-23T20:13:25.735+00:00,v1,
fa03e58f-cc30-4c35-aa80-f8e476f64ca9,34f9c987-bf19-46dc-bb62-41c5f7f98f9b,preferenze,"{'work_mode': 'presenza', 'target_role': 'sales_ops', 'company_size': 'pmI', 'main_motivation': 'guadagno', 'job_satisfaction': '4', 'desired_seniority': 'senior'}",2026-03-23T20:13:44.129116+00:00,2026-03-23T20:13:44.045+00:00,v1,
eacf4099-4627-496f-863c-796b2f58b565,4e17d83a-f27f-4fe1-970f-ba6aeeda9aad,competenze,"{'sector': 'Tecnologia ', 'role_type': 'tecnico', 'years_experience': '3-5'}",2026-03-23T20:20:43.201464+00:00,2026-03-23T20:20:43.107+00:00,v1,
f7eabcdd-0cd6-45c8-bbaa-a20d9ddf1339,4e17d83a-f27f-4fe1-970f-ba6aeeda9aad,preferenze,"{'work_mode': 'ibrido', 'target_role': 'receptionist', 'company_size': 'pmI', 'main_motivation': 'guadagno', 'job_satisfaction': '4', 'desired_seniority': 'mid'}",2026-03-23T20:20:54.752205+00:00,2026-03-23T20:20:54.67+00:00,v1,
3be7d396-35bf-401d-8db3-e13b9a775927,bd7a29f6-f2f7-4568-9499-52d4c3cd7679,competenze,"{'sector': 'Vendite', 'role_type': 'tecnico', 'years_experience': '10+'}",2026-03-23T20:21:56.463606+00:00,2026-03-23T20:21:56.365+00:00,v1,
a3ec8758-a7d0-434a-a2fd-0112b405012d,3342333d-31f4-4e78-a59a-9ac7cc3dc7a5,profilo,"{'gender': 'donna', 'age_group': '35-44', 'field_of_study': 'Economia ', 'education_level': 'laurea_magistrale'}",2026-03-23T20:15:46.624769+00:00,2026-03-23T20:15:46.523+00:00,v1,
94bbfe40-10cd-48b9-b1ee-fb269e7f5a3a,3342333d-31f4-4e78-a59a-9ac7cc3dc7a5,competenze,"{'sector': 'Tecnologia ', 'role_type': 'servizio_clienti', 'years_experience': '6-10'}",2026-03-23T20:16:01.405435+00:00,2026-03-23T20:16:01.282+00:00,v1,
66cf0152-2b40-44be-ada4-8752d1817146,d1ca8766-534e-4349-ba25-1d104dc96a77,profilo,"{'gender': 'donna', 'age_group': '18-24', 'field_of_study': 'Ingegneria ', 'education_level': 'laurea_triennale'}",2026-03-23T20:16:46.345332+00:00,2026-03-23T20:18:02.666416+00:00,v1,
47fdf3eb-f7e3-4064-9e5b-50dcffd15b5c,3cefa689-1f2a-4c6c-b6d7-e647a12094b2,profilo,"{'gender': 'donna', 'age_group': '25-34', 'field_of_study': 'Marketing ', 'education_level': 'laurea_magistrale'}",2026-03-23T20:18:06.130138+00:00,2026-03-23T20:18:06.06+00:00,v1,
acd2687a-f532-4970-8d23-113b90046cfc,d1ca8766-534e-4349-ba25-1d104dc96a77,competenze,"{'sector': 'Marinaio', 'role_type': 'tecnico', 'years_experience': '1-2'}",2026-03-23T20:18:33.52251+00:00,2026-03-23T20:18:33.439+00:00,v1,
aca2a14c-bef7-4795-84c2-101236110218,bd7a29f6-f2f7-4568-9499-52d4c3cd7679,profilo,"{'gender': 'altro', 'age_group': '45+', 'field_of_study': 'Geometra ', 'education_level': 'laurea_magistrale'}",2026-03-23T20:21:34.344158+00:00,2026-03-23T20:21:34.256+00:00,v1,
3e37e56e-d599-4976-b899-85700bbee732,09e734e4-0617-486e-ae2e-e2b3eee8fe00,preferenze,"{'work_mode': 'ibrido', 'target_role': 'receptionist', 'company_size': 'pmI', 'main_motivation': 'impatto', 'job_satisfaction': '5', 'desired_seniority': 'mid'}",2026-03-23T20:27:55.047088+00:00,2026-03-23T20:27:54.938+00:00,v1,
75354c03-4ebc-46ac-971e-f7f6853fb3d0,3342333d-31f4-4e78-a59a-9ac7cc3dc7a5,preferenze,"{'work_mode': 'ibrido', 'target_role': 'receptionist', 'company_size': 'pmI', 'main_motivation': 'guadagno', 'job_satisfaction': '3', 'desired_seniority': 'mid'}",2026-03-23T20:16:29.750395+00:00,2026-03-23T20:16:29.682+00:00,v1,
670cf303-7be0-4f44-83fa-1c8db506d514,3cefa689-1f2a-4c6c-b6d7-e647a12094b2,competenze,"{'sector': 'Marketing ', 'role_type': 'organizzativo', 'years_experience': '3-5'}",2026-03-23T20:18:22.78717+00:00,2026-03-23T20:18:22.692+00:00,v1,
49dc468a-fd13-4ca7-8244-d99e849ef9e2,3cefa689-1f2a-4c6c-b6d7-e647a12094b2,preferenze,"{'work_mode': 'remoto', 'target_role': 'developer', 'company_size': 'startup', 'main_motivation': 'guadagno', 'job_satisfaction': '4', 'desired_seniority': 'senior'}",2026-03-23T20:18:54.697162+00:00,2026-03-23T20:18:54.615+00:00,v1,
e6a45fae-51fd-47f6-836d-baf59517c4b8,bd7a29f6-f2f7-4568-9499-52d4c3cd7679,preferenze,"{'work_mode': 'presenza', 'target_role': 'developer', 'company_size': 'grande_impresa', 'main_motivation': 'guadagno', 'job_satisfaction': '3', 'desired_seniority': 'senior'}",2026-03-23T20:22:17.35384+00:00,2026-03-23T20:22:17.263+00:00,v1,
2109d700-4494-4273-b00b-35b86d3836a5,09e734e4-0617-486e-ae2e-e2b3eee8fe00,profilo,"{'gender': 'donna', 'age_group': '35-44', 'field_of_study': 'Economia ', 'education_level': 'laurea_magistrale'}",2026-03-23T20:27:27.604497+00:00,2026-03-23T20:27:27.499+00:00,v1,
9a0110d3-35e4-417e-8e4d-7ea8e40dd42b,165188db-e2a0-4f73-bad3-6af79c664afc,profilo,"{'gender': 'altro', 'age_group': '25-34', 'field_of_study': 'Economia ', 'education_level': 'dottorato'}",2026-03-23T20:36:08.387414+00:00,2026-03-23T20:36:08.235+00:00,v1,
8d1ff6c4-5d20-4dde-830d-d6debe7785bc,d1ca8766-534e-4349-ba25-1d104dc96a77,preferenze,"{'work_mode': 'presenza', 'target_role': 'developer', 'company_size': 'grande_impresa', 'main_motivation': 'impatto', 'job_satisfaction': '4', 'desired_seniority': 'junior'}",2026-03-23T20:19:39.799397+00:00,2026-03-23T20:19:39.704+00:00,v1,
b29791c1-f81a-4ca8-961c-11655695ac70,4e17d83a-f27f-4fe1-970f-ba6aeeda9aad,profilo,"{'gender': 'donna', 'age_group': '25-34', 'field_of_study': 'Informatica ', 'education_level': 'laurea_triennale'}",2026-03-23T20:20:27.735385+00:00,2026-03-23T20:20:27.65+00:00,v1,
659ef2ba-0693-4eb7-bac4-5e34a7892f64,09e734e4-0617-486e-ae2e-e2b3eee8fe00,competenze,"{'sector': 'Tecnologia ', 'role_type': 'organizzativo', 'years_experience': '3-5'}",2026-03-23T20:27:38.450448+00:00,2026-03-23T20:27:38.362+00:00,v1,
c2b10706-1302-480b-adb9-5324f4e7a589,dd936f94-7eff-4df0-a0a6-238256af1fe3,profilo,"{'gender': 'donna', 'age_group': '45+', 'field_of_study': 'Management ', 'education_level': 'laurea_magistrale'}",2026-03-23T20:32:37.037941+00:00,2026-03-23T20:32:36.902+00:00,v1,
22a9c468-6b2f-4b26-9e0f-9081e8c6eac6,dd936f94-7eff-4df0-a0a6-238256af1fe3,competenze,"{'sector': 'Addetto alle vendite ', 'role_type': 'commerciale', 'years_experience': '10+'}",2026-03-23T20:33:04.095284+00:00,2026-03-23T20:33:03.307+00:00,v1,
23a16a6b-6a3c-40f7-8fb1-bd2d167c4a57,dd936f94-7eff-4df0-a0a6-238256af1fe3,preferenze,"{'work_mode': 'presenza', 'target_role': 'sales_ops', 'company_size': 'grande_impresa', 'main_motivation': 'relazioni', 'job_satisfaction': '4', 'desired_seniority': 'mid'}",2026-03-23T20:33:26.931795+00:00,2026-03-23T20:33:26.754+00:00,v1,
83011af6-1d9c-477e-8464-c6b3bfc3e70a,9d7e0db2-13a4-456d-9fa8-46cfe833c9b5,profilo,"{'gender': 'altro', 'age_group': '25-34', 'field_of_study': 'Economia ', 'education_level': 'master'}",2026-03-23T20:34:03.917847+00:00,2026-03-23T20:34:03.831+00:00,v1,
0f58fd13-f7c2-4113-a45a-323eed462f2c,9d7e0db2-13a4-456d-9fa8-46cfe833c9b5,competenze,"{'sector': 'Boh ', 'role_type': 'organizzativo', 'years_experience': '3-5'}",2026-03-23T20:34:11.802745+00:00,2026-03-23T20:34:11.633+00:00,v1,
26d8512a-0744-4cb8-a040-3729c798815c,9d7e0db2-13a4-456d-9fa8-46cfe833c9b5,preferenze,"{'work_mode': 'ibrido', 'target_role': 'sales_ops', 'company_size': 'pmI', 'main_motivation': 'impatto', 'job_satisfaction': '3', 'desired_seniority': 'mid'}",2026-03-23T20:34:25.495133+00:00,2026-03-23T20:34:25.413+00:00,v1,
87e7aef9-c7fa-48ff-8dda-85fc12c185b6,165188db-e2a0-4f73-bad3-6af79c664afc,competenze,"{'sector': 'Vendite', 'role_type': 'servizio_clienti', 'years_experience': '3-5'}",2026-03-23T20:36:16.737008+00:00,2026-03-23T20:36:16.627+00:00,v1,
3d17f51c-3024-4da9-adbd-3bdd1af03f5b,165188db-e2a0-4f73-bad3-6af79c664afc,preferenze,"{'work_mode': 'presenza', 'target_role': 'sales_ops', 'company_size': 'pmI', 'main_motivation': 'guadagno', 'job_satisfaction': '5', 'desired_seniority': 'mid'}",2026-03-23T20:36:27.090333+00:00,2026-03-23T20:36:27+00:00,v1,
d9f27a31-6ece-4f58-bc9f-0e119a2b5c2f,912e584d-91d8-4ef3-84c2-47d6fc932693,profilo,"{'gender': 'donna', 'age_group': '25-34', 'field_of_study': 'Psicologia ', 'education_level': 'master'}",2026-03-23T20:42:33.168529+00:00,2026-03-23T20:42:33.035+00:00,v1,
6d90c797-7ebf-482a-979f-f76e9fc4a8d3,912e584d-91d8-4ef3-84c2-47d6fc932693,competenze,"{'sector': 'Vendute ', 'role_type': 'organizzativo', 'years_experience': '3-5'}",2026-03-23T20:42:45.409244+00:00,2026-03-23T20:42:45.226+00:00,v1,
1049f999-e136-4ce1-bfcc-c63f3ea701f5,912e584d-91d8-4ef3-84c2-47d6fc932693,preferenze,"{'work_mode': 'ibrido', 'target_role': 'developer', 'company_size': 'pmI', 'main_motivation': 'relazioni', 'job_satisfaction': '4', 'desired_seniority': 'senior'}",2026-03-23T20:43:06.111802+00:00,2026-03-23T20:43:06+00:00,v1,
f9deae14-10a5-4f03-94e1-fcf548438cf5,5c4d041d-21b6-4856-b3de-149f889c233e,profilo,"{'gender': 'uomo', 'age_group': '25-34', 'field_of_study': 'Economia', 'education_level': 'laurea_magistrale'}",2026-03-23T21:20:36.461487+00:00,2026-03-23T21:20:36.198+00:00,v1,
3f6c4b36-6921-42dd-a853-e7eab7384814,5c4d041d-21b6-4856-b3de-149f889c233e,competenze,"{'sector': 'Reception ', 'role_type': 'servizio_clienti', 'years_experience': '3-5'}",2026-03-23T21:21:01.28877+00:00,2026-03-23T21:21:01.154+00:00,v1,
dec37a04-dfe6-42c9-9cc7-3986d91e6b16,5c4d041d-21b6-4856-b3de-149f889c233e,preferenze,"{'work_mode': 'presenza', 'target_role': 'receptionist', 'company_size': 'grande_impresa', 'main_motivation': 'relazioni', 'job_satisfaction': '4', 'desired_seniority': 'mid'}",2026-03-23T21:21:37.496285+00:00,2026-03-23T21:21:37.225+00:00,v1,
57574ae5-a9f0-4314-b462-571ae4a0e0bb,eac37fab-9157-4ddc-aa05-e258f9e7bb6b,profilo,"{'gender': 'donna', 'age_group': '18-24', 'field_of_study': 'Pedagogico ', 'education_level': 'diploma'}",2026-03-23T21:35:59.096247+00:00,2026-03-23T21:35:58.85+00:00,v1,
b92d47ec-820d-4efd-8f1d-7f248144e70c,eac37fab-9157-4ddc-aa05-e258f9e7bb6b,competenze,"{'sector': 'Vendita', 'role_type': 'commerciale', 'years_experience': '1-2'}",2026-03-23T21:36:12.471741+00:00,2026-03-23T21:36:12.364+00:00,v1,
5acae661-7c60-4b1e-9555-9916b1fc5bf4,eac37fab-9157-4ddc-aa05-e258f9e7bb6b,preferenze,"{'work_mode': 'presenza', 'target_role': 'sales_ops', 'company_size': 'pmI', 'main_motivation': 'relazioni', 'job_satisfaction': '4', 'desired_seniority': 'junior'}",2026-03-23T21:36:36.981275+00:00,2026-03-23T21:36:36.721+00:00,v1,
39a7427b-76b0-4783-895a-9de4c5b791b4,089d5146-782b-4521-b336-bb38c80eef94,profilo,"{'gender': 'donna', 'age_group': '25-34', 'field_of_study': 'economia', 'education_level': 'laurea_triennale'}",2026-03-24T09:55:00.955908+00:00,2026-03-24T09:55:00.882+00:00,v1,
9fd6a15e-c506-42be-89b4-49935389d775,089d5146-782b-4521-b336-bb38c80eef94,competenze,"{'sector': 'receptionist', 'role_type': 'servizio_clienti', 'years_experience': '0'}",2026-03-24T09:55:27.293261+00:00,2026-03-24T09:55:27.224+00:00,v1,
7c15396d-6e52-4d3d-89d9-cfcb9f625794,089d5146-782b-4521-b336-bb38c80eef94,preferenze,"{'work_mode': 'ibrido', 'target_role': 'receptionist', 'company_size': 'startup', 'main_motivation': 'relazioni', 'job_satisfaction': '2', 'desired_seniority': 'junior'}",2026-03-24T09:56:12.248191+00:00,2026-03-24T09:56:12.16+00:00,v1,
63e0e2ef-2c52-461e-a058-56953b59dc06,59e1ffcf-3250-4a31-9d16-a43357116100,profilo,"{'gender': 'donna', 'age_group': '25-34', 'field_of_study': 'ingegneria gestionale', 'education_level': 'dottorato'}",2026-03-24T10:51:15.131729+00:00,2026-03-24T10:51:15.055+00:00,v1,
b0fc8dd8-7106-46f5-bb39-a6b9048b2b1a,59e1ffcf-3250-4a31-9d16-a43357116100,competenze,"{'sector': 'vendite', 'role_type': 'organizzativo', 'years_experience': '3-5'}",2026-03-24T10:51:32.87419+00:00,2026-03-24T10:51:32.625+00:00,v1,
2ed25d0c-550a-46b8-b002-25cecd3094ff,59e1ffcf-3250-4a31-9d16-a43357116100,preferenze,"{'work_mode': 'presenza', 'target_role': 'sales_ops', 'company_size': 'grande_impresa', 'main_motivation': 'crescita', 'job_satisfaction': '3', 'desired_seniority': 'senior'}",2026-03-24T10:52:09.163546+00:00,2026-03-24T10:52:08.887+00:00,v1,
927caecd-30ff-4a03-b672-4ad7f6e49e45,60a16c37-631f-4e83-afb8-93c0661963a9,profilo,"{'gender': 'uomo', 'age_group': '25-34', 'field_of_study': 'Economia', 'education_level': 'laurea_triennale'}",2026-03-24T16:42:19.197554+00:00,2026-03-24T16:42:19.077+00:00,v1,
71a87c66-fd59-4906-8f37-95bf22d2c1fd,60a16c37-631f-4e83-afb8-93c0661963a9,competenze,"{'sector': 'Contabilità ', 'role_type': 'organizzativo', 'years_experience': '3-5'}",2026-03-24T16:42:36.572313+00:00,2026-03-24T16:42:36.277+00:00,v1,
7ddec509-d09c-422f-a2bd-e4a864009f31,60a16c37-631f-4e83-afb8-93c0661963a9,preferenze,"{'work_mode': 'presenza', 'target_role': 'developer', 'company_size': 'grande_impresa', 'main_motivation': 'stabilita', 'job_satisfaction': '3', 'desired_seniority': 'mid'}",2026-03-24T16:43:02.549391+00:00,2026-03-24T16:43:02.025+00:00,v1,
9dd30ab3-f868-4dca-91f1-d8bc933ab77e,1558ec2a-0c1a-4002-a5f4-effd86a11352,profilo,"{'gender': 'uomo', 'age_group': '25-34', 'field_of_study': 'Economia', 'education_level': 'laurea_triennale'}",2026-03-24T16:50:31.594737+00:00,2026-03-24T16:50:31.47+00:00,v1,
3bc75847-7486-475d-9e80-847cd3638de6,1558ec2a-0c1a-4002-a5f4-effd86a11352,competenze,"{'sector': 'Addetto alle vendite', 'role_type': 'commerciale', 'years_experience': '3-5'}",2026-03-24T16:50:50.199156+00:00,2026-03-24T16:50:49.942+00:00,v1,
f7b50705-be8d-47ce-98af-2536f1bffe96,1558ec2a-0c1a-4002-a5f4-effd86a11352,preferenze,"{'work_mode': 'presenza', 'target_role': 'sales_ops', 'company_size': 'grande_impresa', 'main_motivation': 'stabilita', 'job_satisfaction': '4', 'desired_seniority': 'mid'}",2026-03-24T16:51:13.760932+00:00,2026-03-24T16:51:13.454+00:00,v1,
8461efad-3e7b-4c23-ba74-26136bd80549,1c0127ff-90b9-4e08-b919-b6dfe8fda61c,profilo,"{'gender': 'uomo', 'age_group': '35-44', 'field_of_study': 'Ingegnere', 'education_level': 'laurea_magistrale'}",2026-03-24T16:56:32.37076+00:00,2026-03-24T16:56:32.277+00:00,v1,
de018421-68e5-4f02-8f63-36c2699d0864,1c0127ff-90b9-4e08-b919-b6dfe8fda61c,competenze,"{'sector': 'Meccanica', 'role_type': 'organizzativo', 'years_experience': '6-10'}",2026-03-24T16:56:46.892474+00:00,2026-03-24T16:56:46.787+00:00,v1,
6e453c15-6c62-4181-9ed8-618236b3cca4,1c0127ff-90b9-4e08-b919-b6dfe8fda61c,preferenze,"{'work_mode': 'presenza', 'target_role': 'sales_ops', 'company_size': 'grande_impresa', 'main_motivation': 'relazioni', 'job_satisfaction': '4', 'desired_seniority': 'mid'}",2026-03-24T16:57:49.861302+00:00,2026-03-24T16:57:49.665+00:00,v1,
0186d6bf-fc55-4fb9-9ea1-b27df3bf34ae,aca2d12a-82ca-42fa-aabe-6d0fd097c383,profilo,"{'gender': 'uomo', 'age_group': '35-44', 'field_of_study': 'Informatica', 'education_level': 'laurea_triennale'}",2026-03-24T20:54:48.705988+00:00,2026-03-24T20:54:48.413+00:00,v1,
1ce19e09-791e-4bfb-a576-f05ecdb2453e,aca2d12a-82ca-42fa-aabe-6d0fd097c383,competenze,"{'sector': 'Database', 'role_type': 'tecnico', 'years_experience': '6-10'}",2026-03-24T20:55:18.380295+00:00,2026-03-24T20:55:18.108+00:00,v1,
29e0b241-7a9e-412a-ad2f-52018790ac75,aca2d12a-82ca-42fa-aabe-6d0fd097c383,preferenze,"{'work_mode': 'remoto', 'target_role': 'developer', 'company_size': 'grande_impresa', 'main_motivation': 'crescita', 'job_satisfaction': '5', 'desired_seniority': 'senior'}",2026-03-24T20:55:40.923198+00:00,2026-03-24T20:55:40.808+00:00,v1,
d2f1c0d9-a534-486a-95de-a549fda96a09,b6b4d416-9272-4689-aa21-5e7b44146d5f,profilo,"{'gender': 'uomo', 'age_group': '25-34', 'field_of_study': 'Aeronautica ', 'education_level': 'laurea_magistrale'}",2026-03-24T20:56:23.12382+00:00,2026-03-24T20:56:23.028+00:00,v1,
5cdac1e9-9bad-42a9-9a7d-5d2caaa1c36e,b6b4d416-9272-4689-aa21-5e7b44146d5f,competenze,"{'sector': 'Vendite', 'role_type': 'commerciale', 'years_experience': '10+'}",2026-03-24T20:56:48.5773+00:00,2026-03-24T20:56:48.493+00:00,v1,
2ef028fb-baec-4b18-a583-61ba58b4c1f5,b6b4d416-9272-4689-aa21-5e7b44146d5f,preferenze,"{'work_mode': 'presenza', 'target_role': 'sales_ops', 'company_size': 'pmI', 'main_motivation': 'relazioni', 'job_satisfaction': '5', 'desired_seniority': 'senior'}",2026-03-24T20:57:17.96991+00:00,2026-03-24T20:57:17.704+00:00,v1,
9812625d-52f6-4914-996a-07ae8c689f8e,debb845b-d832-4a52-a06c-c38041cedb0d,profilo,"{'gender': 'donna', 'age_group': '35-44', 'field_of_study': 'Economia ', 'education_level': 'master'}",2026-03-25T20:49:15.66883+00:00,2026-03-25T20:49:15.415+00:00,v1,
32bdaec3-7be8-48c2-afaf-fc5d327921c4,debb845b-d832-4a52-a06c-c38041cedb0d,competenze,"{'sector': 'Vendite', 'role_type': 'servizio_clienti', 'years_experience': '6-10'}",2026-03-25T20:49:29.398412+00:00,2026-03-25T20:49:29.12+00:00,v1,
57847595-5641-4a1e-9046-497ef9cb840b,debb845b-d832-4a52-a06c-c38041cedb0d,preferenze,"{'work_mode': 'ibrido', 'target_role': 'receptionist', 'company_size': 'grande_impresa', 'main_motivation': 'relazioni', 'job_satisfaction': '3', 'desired_seniority': 'mid'}",2026-03-25T20:49:55.068278+00:00,2026-03-25T20:49:54.742+00:00,v1,
a006e534-4a33-44c6-986b-6e14bf7825a5,ac8a303b-dec5-4257-878c-fe736ff2f7c8,profilo,"{'gender': 'uomo', 'age_group': '25-34', 'field_of_study': 'Geometra ', 'education_level': 'laurea_magistrale'}",2026-03-25T20:54:03.65772+00:00,2026-03-25T20:54:03.561+00:00,v1,
ae061a01-6ee8-4f1e-aeb4-0ca3ab6a180f,ac8a303b-dec5-4257-878c-fe736ff2f7c8,competenze,"{'sector': 'Vendite', 'role_type': 'tecnico', 'years_experience': '6-10'}",2026-03-25T20:54:15.980221+00:00,2026-03-25T20:54:15.823+00:00,v1,
d2057ed6-169e-402b-a232-16366ecaaf45,ac8a303b-dec5-4257-878c-fe736ff2f7c8,preferenze,"{'work_mode': 'presenza', 'target_role': 'developer', 'company_size': 'pmI', 'main_motivation': 'guadagno', 'job_satisfaction': '3', 'desired_seniority': 'senior'}",2026-03-25T20:54:49.963288+00:00,2026-03-25T20:54:49.734+00:00,v1,
c7f50ca9-83e1-4d79-b8d8-6baedcf21c0b,4d642b5e-26b0-4941-9afb-049ce9e159ed,profilo,"{'gender': 'uomo', 'age_group': '45+', 'field_of_study': 'Falegname', 'education_level': 'dottorato'}",2026-03-25T20:58:57.301694+00:00,2026-03-25T20:58:57.221+00:00,v1,
73729715-4049-4307-a153-bdf60efe46af,4d642b5e-26b0-4941-9afb-049ce9e159ed,competenze,"{'sector': 'Vendite', 'role_type': 'servizio_clienti', 'years_experience': '10+'}",2026-03-25T20:59:08.465976+00:00,2026-03-25T20:59:08.354+00:00,v1,
2cdf80cc-4e19-4852-bc89-09c6f24b3454,4d642b5e-26b0-4941-9afb-049ce9e159ed,preferenze,"{'work_mode': 'remoto', 'target_role': 'receptionist', 'company_size': 'grande_impresa', 'main_motivation': 'relazioni', 'job_satisfaction': '3', 'desired_seniority': 'mid'}",2026-03-25T20:59:26.87344+00:00,2026-03-25T20:59:26.793+00:00,v1,
623ec448-ee5c-423f-804b-5569bd5735b4,c0faaf7a-68f3-451b-aeb5-08442bc00fab,profilo,"{'gender': 'altro', 'age_group': '18-24', 'field_of_study': 'Sviluppatore', 'education_level': 'laurea_magistrale'}",2026-03-25T21:03:25.316113+00:00,2026-03-25T21:03:25.232+00:00,v1,
1c44ba9f-002c-445b-82c5-9e17bf4939e0,c0faaf7a-68f3-451b-aeb5-08442bc00fab,competenze,"{'sector': 'Vendite', 'role_type': 'servizio_clienti', 'years_experience': '10+'}",2026-03-25T21:03:34.333302+00:00,2026-03-25T21:03:34.235+00:00,v1,
4a42a7d3-1ba8-4a83-8603-472d1e7226ea,c0faaf7a-68f3-451b-aeb5-08442bc00fab,preferenze,"{'work_mode': 'presenza', 'target_role': 'developer', 'company_size': 'grande_impresa', 'main_motivation': 'relazioni', 'job_satisfaction': '5', 'desired_seniority': 'senior'}",2026-03-25T21:03:53.507904+00:00,2026-03-25T21:03:53.387+00:00,v1,
db2ceb57-0862-43ef-bfd5-a1130a76f6ec,a986f34c-ccb3-4f1f-a496-2d454d86eb83,profilo,"{'gender': 'uomo', 'age_group': '45+', 'field_of_study': 'Geometra ', 'education_level': 'master'}",2026-03-26T14:17:26.390267+00:00,2026-03-26T14:17:26.288+00:00,v1,
b4749af1-3562-466f-b9e9-dde4e929ac80,a986f34c-ccb3-4f1f-a496-2d454d86eb83,competenze,"{'sector': 'Vendite', 'role_type': 'servizio_clienti', 'years_experience': '3-5'}",2026-03-26T14:17:36.365401+00:00,2026-03-26T14:17:36.106+00:00,v1,
72bb85f6-7c3d-4126-a498-05a620666abd,a986f34c-ccb3-4f1f-a496-2d454d86eb83,preferenze,"{'work_mode': 'presenza', 'target_role': 'receptionist', 'company_size': 'grande_impresa', 'main_motivation': 'relazioni', 'job_satisfaction': '3', 'desired_seniority': 'mid'}",2026-03-26T14:17:56.915466+00:00,2026-03-26T14:17:56.661+00:00,v1,
53ee40c2-640f-4955-b6d6-63db50774e93,2b46d6b7-8e19-4aa8-b824-bbaf337a68c5,profilo,"{'gender': 'uomo', 'age_group': '45+', 'field_of_study': 'Informatica ', 'education_level': 'laurea_magistrale'}",2026-03-26T16:51:25.087379+00:00,2026-03-26T16:51:37.685402+00:00,v1,
7969fea8-5d83-4fef-94ea-ccc99ec5eeaf,2b46d6b7-8e19-4aa8-b824-bbaf337a68c5,competenze,"{'sector': 'Amministrazione ', 'role_type': 'organizzativo', 'years_experience': '10+'}",2026-03-26T16:51:55.61222+00:00,2026-03-26T16:51:55.356+00:00,v1,
56d77fb4-58ad-4773-9513-9014f6d118b0,2b46d6b7-8e19-4aa8-b824-bbaf337a68c5,preferenze,"{'work_mode': 'presenza', 'target_role': 'developer', 'company_size': 'grande_impresa', 'main_motivation': 'crescita', 'job_satisfaction': '4', 'desired_seniority': 'senior'}",2026-03-26T16:52:29.13679+00:00,2026-03-26T16:52:28.95+00:00,v1,
